Freq(Hz),inlet | A = 7498.88 L**2 | TSW_real (mW) = 4.028e-10,inlet | A = 7498.88 L**2 | TSW_imag (mW) = 9.337e-11,inlet | A = 7498.88 L**2 | TSW_mag (mW) = 9.809e-10,inlet | A = 7498.88 L**2 | TSW_real (mW) = 4.028e-10 | SWL_real (dB),inlet | A = 7498.88 L**2 | TSW_imag (mW) = 9.337e-11 | SWL_imag (dB),inlet | A = 7498.88 L**2 | TSW_mag (mW) = 9.809e-10 | SWL_mag (dB),inlet | A = 7498.88 L**2 | P_rms (MPa),inlet | A = 7498.88 L**2 | V_mean (mm/s),inlet | A = 7498.88 L**2 | SPL (dB),outlet | A = 7496.42 L**2 | TSW_real (mW) = 4.002e-10,outlet | A = 7496.42 L**2 | TSW_imag (mW) = 9.713e-11,outlet | A = 7496.42 L**2 | TSW_mag (mW) = 9.791e-10,outlet | A = 7496.42 L**2 | TSW_real (mW) = 4.002e-10 | SWL_real (dB),outlet | A = 7496.42 L**2 | TSW_imag (mW) = 9.713e-11 | SWL_imag (dB),outlet | A = 7496.42 L**2 | TSW_mag (mW) = 9.791e-10 | SWL_mag (dB),outlet | A = 7496.42 L**2 | P_rms (MPa),outlet | A = 7496.42 L**2 | V_mean (mm/s),outlet | A = 7496.42 L**2 | SPL (dB),Tie-1_Master | A = 7498.47 L**2 | TSW_real (mW) = 2.053e-12,Tie-1_Master | A = 7498.47 L**2 | TSW_imag (mW) = 1.214e-11,Tie-1_Master | A = 7498.47 L**2 | TSW_mag (mW) = 1.534e-11,Tie-1_Master | A = 7498.47 L**2 | TSW_real (mW) = 2.053e-12 | SWL_real (dB),Tie-1_Master | A = 7498.47 L**2 | TSW_imag (mW) = 1.214e-11 | SWL_imag (dB),Tie-1_Master | A = 7498.47 L**2 | TSW_mag (mW) = 1.534e-11 | SWL_mag (dB),Tie-1_Master | A = 7498.47 L**2 | P_rms (MPa),Tie-1_Master | A = 7498.47 L**2 | V_mean (mm/s),Tie-1_Master | A = 7498.47 L**2 | SPL (dB),Tie-1_Slave | A = 7497.6 L**2 | TSW_real (mW) = 2.041e-12,Tie-1_Slave | A = 7497.6 L**2 | TSW_imag (mW) = -1.214e-11,Tie-1_Slave | A = 7497.6 L**2 | TSW_mag (mW) = 1.533e-11,Tie-1_Slave | A = 7497.6 L**2 | TSW_real (mW) = 2.041e-12 | SWL_real (dB),Tie-1_Slave | A = 7497.6 L**2 | TSW_imag (mW) = -1.214e-11 | SWL_imag (dB),Tie-1_Slave | A = 7497.6 L**2 | TSW_mag (mW) = 1.533e-11 | SWL_mag (dB),Tie-1_Slave | A = 7497.6 L**2 | P_rms (MPa),Tie-1_Slave | A = 7497.6 L**2 | V_mean (mm/s),Tie-1_Slave | A = 7497.6 L**2 | SPL (dB)
20.0,1.070358919178172e-14,6.005955894509498e-13,6.006909595536795e-13,-49.704705676597754,-32.21417861421333,-32.213489041696675,1.9999999999999996e-11,(-1.427357572219821e-07-8.00913270384903e-06j),-9.643274665532871e-16,1.0989852699148138e-14,6.050544492230943e-13,6.051542475989168e-13,-49.590081285388266,-32.18205541160592,-32.18133914036883,2e-11,(-1.466013372001695e-07-8.071244789467763e-06j),0.0,1.7004330994435742e-16,-3.457604349538069e-15,3.4617831482057633e-15,-67.69440449949451,-54.61224704134135,-54.607001405297424,2.0274206445355796e-11,(2.2483155886048643e-09+4.548672867810335e-08j),0.11827737580451941,1.662276489038621e-16,3.510796182693101e-15,3.5147292168348553e-15,-67.79296737665702,-54.545943825258334,-54.541081284434114,2.0274206334311006e-11,(-2.1985478808933378e-09-4.61919068462099e-08j),0.11827732823063257
30.0,2.0522811923497733e-14,1.006882289481718e-12,1.0070914212131852e-12,-46.87763134827594,-29.9702129808254,-29.969311035017363,1.9999999999999996e-11,(-2.736782071638115e-07-1.342709472939447e-05j),-9.643274665532871e-16,2.0776029654011756e-14,1.0078892071060083e-12,1.0081033167334401e-12,-46.824374435017575,-29.965872053776266,-29.964949563945915,2e-11,(-2.7714600116747595e-07-1.344493957801751e-05j),0.0,1.8460090846309596e-16,-2.365787194033091e-15,2.37297841179737e-15,-67.33766166042832,-56.2602432336561,-56.24706212764508,2.0690691809471506e-11,(2.401054877416483e-09+3.049549600163831e-08j),0.29490032440730024,1.8052847127757717e-16,2.400022326860115e-15,2.4068023804144907e-15,-67.43454295455537,-56.19784718127126,-56.185595676472396,2.0690691706325683e-11,(-2.3491410611873216e-09-3.094046419757663e-08j),0.2949002811069957
40.0,3.213369333018602e-14,1.4133963181586373e-12,1.4137615521831927e-12,-44.930393553467844,-28.49736044339727,-28.496238333280857,1.9999999999999996e-11,(-4.2851299387916485e-07-1.884808825454861e-05j),-9.643274665532871e-16,3.234808667852957e-14,1.4120096825447604e-12,1.412380169186723e-12,-44.90151401843211,-28.501623251954456,-28.500483888668278,2e-11,(-4.3151376936171424e-07-1.8835785452947354e-05j),0.0,2.065867791793159e-16,-1.8447120058075226e-15,1.856243648259058e-15,-66.84897475232616,-57.340714257387035,-57.3136501941589,2.129870633666643e-11,(2.6201909251924846e-09+2.3097479517758304e-08j),0.5464645987726873,2.0213854756003106e-16,1.869027990509569e-15,1.8799270256363452e-15,-66.94350859189952,-57.28384194590763,-57.258590087036396,2.1298706244418148e-11,(-2.5652221142901003e-09-2.3404796356714282e-08j),0.546464561152638
50.0,4.615064996691308e-14,1.83932711930517e-12,1.839906012356018e-12,-43.35822178168816,-27.3534102580522,-27.352043614239896,1.9999999999999996e-11,(-6.15433557032606e-07-2.4528010599895642e-05j),-9.643274665532871e-16,4.631910852173294e-14,1.835900134232706e-12,1.8364843486101144e-12,-43.34239807825911,-27.361509464088808,-27.360127685662924,2e-11,(-6.178830083620834e-07-2.44903568785183e-05j),0.0,2.3769984028394637e-16,-1.558274430949269e-15,1.5762995959592459e-15,-66.2397111008429,-58.07356055423752,-58.023612357637816,2.212640567296372e-11,(2.9123552597008663e-09+1.877699548382903e-08j),0.8776174993104647,2.3272233155764647e-16,1.576216405067241e-15,1.5933040636390543e-15,-66.33161940705877,-58.023841567230015,-57.977013362143246,2.212640559445255e-11,(-2.85322845193745e-09-1.8995641624490877e-08j),0.8776174684903046
60.0,6.345361996953157e-14,2.298682389397725e-12,2.299558020406198e-12,-41.975435967694814,-26.385210313670488,-26.383556282189453,1.9999999999999996e-11,(-8.461741507961712e-07-3.065365884141366e-05j),-9.643274665532871e-16,6.356710831116187e-14,2.293306045337811e-12,2.2941868700788074e-12,-41.96767544320208,-26.395379841133888,-26.3937121008832,2e-11,(-8.479661498180669e-07-3.059201447548208e-05j),0.0,2.805889537966531e-16,-1.3976266984267905e-15,1.425514135022193e-15,-65.51929430241331,-58.54608811753888,-58.4602847198363,2.3215318642195983e-11,(3.287588497050356e-09+1.6044543851817974e-08j),1.2948930658878288,2.748745391349532e-16,1.41087213491518e-15,1.4373991071879692e-15,-65.60865485785095,-58.50512343876437,-58.42422629232616,2.321531858008258e-11,(-3.222917277626442e-09-1.619887078005267e-08j),1.2948930426484249
70.0,8.534582592082718e-14,2.806688930409135e-12,2.8079862289696655e-12,-40.68817714430685,-25.518057182144958,-25.516050264201347,1.9999999999999996e-11,(-1.138113661714341e-06-3.7428087213595356e-05j),-9.643274665532871e-16,8.539234280629816e-14,2.7993091791704048e-12,2.800611314123692e-12,-40.68581071068209,-25.52949131761728,-25.52747161024545,2e-11,(-1.139108228723479e-06-3.7341944440702145e-05j),0.0,3.393871559939643e-16,-1.3205458733623227e-15,1.363460687114935e-15,-64.69304597452921,-58.79246507594442,-58.653573796256794,2.4625930698052077e-11,(3.761033275727705e-09+1.4280741989170053e-08j),1.8072531457602636,3.326430056666425e-16,1.3299205702083948e-15,1.3708902553750829e-15,-64.78021603834696,-58.76174296589539,-58.629973106318616,2.46259306548275e-11,(-3.6890239079716477e-09-1.4384389601868503e-08j),1.8072531305143857
80.0,1.1383215059061159e-13,3.3829693495072965e-12,3.3848839534338403e-12,-39.43735059100115,-24.70701937003669,-24.7045621597359,1.9999999999999996e-11,(-1.517987837503413e-06-4.5112969407629275e-05j),-9.643274665532871e-16,1.1379489757945434e-13,3.3734173293836364e-12,3.3753360953986412e-12,-39.43877210724488,-24.719299284114378,-24.716829762819458,2e-11,(-1.5179897864324833e-06-4.50003748876634e-05j),0.0,4.2067476707793833e-16,-1.3125508259284243e-15,1.378316701742189e-15,-63.76053537061835,-58.81883870403627,-58.60650981255647,2.6447004820463466e-11,(4.355757264034336e-09+1.3200662432818854e-08j),2.426929974370661,4.1247113842884207e-16,1.3183787787997806e-15,1.3813960490845433e-15,-63.84606434652515,-58.79959796184223,-58.59681790448907,2.6447004798502227e-11,(-4.274026554390513e-09-1.3261690620917152e-08j),2.4269299671580145
90.0,1.5213738118919435e-13,4.0551295777357234e-12,4.0579824636119624e-12,-38.1776406372758,-23.91995263771817,-23.916898340826172,1.9999999999999996e-11,(-2.028800238566914e-06-5.4076439271023244e-05j),-9.643274665532871e-16,1.5199144655894435e-13,4.04311403109743e-12,4.045969904520298e-12,-38.18180851639267,-23.932840097476998,-23.92977352002529,2e-11,(-2.027520287897627e-06-5.393392792767781e-05j),0.0,5.352953093095799e-16,-1.3762589232059828e-15,1.4766955312023297e-15,-62.714065622393804,-58.612998521898156,-58.30709039386405,2.881165737915869e-11,(5.10766076391087e-09+1.2680661538227073e-08j),3.1707649190553333,5.249745518769836e-16,1.378465301244095e-15,1.4750474117303528e-15,-62.798617484936024,-58.60604161489931,-58.311940201455144,2.881165738084008e-11,(-5.0129521662621976e-09-1.2703710144238573e-08j),3.170764919562224
100.0,2.057345032485857e-13,4.864568225562208e-12,4.868916789900643e-12,-36.866928676932936,-23.129557012491627,-23.125676475111575,1.9999999999999996e-11,(-2.7435348630926866e-06-6.48705604066662e-05j),-9.643274665532871e-16,2.054405577786847e-13,4.8496375255439025e-12,4.853987016046087e-12,-36.873138144841185,-23.142907204779387,-23.139013896989912,2e-11,(-2.7405153926984293e-06-6.469270932411737e-05j),0.0,7.019919674979067e-16,-1.531703634987832e-15,1.6849061540235765e-15,-61.53667857231011,-58.14825256988303,-57.73424283472004,3.19264436626385e-11,(6.07450427384165e-09+1.2698371642761395e-08j),4.062410976324983,6.884981544550018e-16,1.5297707363640414e-15,1.6775661580169422e-15,-61.62097219548065,-58.1537365113838,-57.75320343591083,3.192644369058225e-11,(-5.9622170033997954e-09-1.2685559793080133e-08j),4.062410983927345
110.0,2.845510555558777e-13,5.877339376480552e-12,5.884223606351714e-12,-35.45839799016321,-22.30819231001214,-22.30310832008497,1.9999999999999996e-11,(-3.794578589980584e-06-7.837618497135907e-05j),-9.643274665532871e-16,2.8404252298337826e-13,5.8588010326376064e-12,5.865682372486448e-12,-35.46616638422628,-22.321912505664407,-22.316814578251577,2e-11,(-3.789042021855387e-06-7.815464768158212e-05j),0.0,9.552721379899732e-16,-1.826396126296936e-15,2.061132617706194e-15,-60.1987288894918,-57.384050226356756,-56.85894063880629,3.612741275139466e-11,(7.353747432796951e-09+1.3322653735710112e-08j),5.136137304227679,9.368074796271194e-16,1.8191495501897124e-15,2.046194844055851e-15,-60.283496504422935,-57.40131596619638,-56.89053013991745,3.612741280890577e-11,(-7.217099250871276e-09-1.3273775523827482e-08j),5.136137318054717
120.0,4.0819609126989087e-13,7.206623699147333e-12,7.2181749209921485e-12,-33.891311582383835,-21.422681544565123,-21.415725977127572,1.9999999999999996e-11,(-5.443424363408561e-06-9.610261308435437e-05j),-9.643274665532871e-16,4.0735055583184025e-13,7.183383072774412e-12,7.194923685874539e-12,-33.90031686755974,-21.436709730549296,-21.42973808117834,2e-11,(-5.433934178099497e-06-9.58241746198673e-05j),0.0,1.3641794705384486e-15,-2.3644259820761537e-15,2.729742818024318e-15,-58.65128490429379,-56.262742769452515,-55.63878267968133,4.1997364269972676e-11,(9.121154045612578e-09+1.4743735587830947e-08j),6.443840790428043,1.3374435412560624e-15,2.349489955486909e-15,2.7034900179178455e-15,-58.73724542195315,-56.29026407327956,-55.68075229628657,4.199736436190988e-11,(-8.949564192464025e-09-1.4655846721179903e-08j),6.4438408094424835
130.0,6.200650743880757e-13,9.064702960385604e-12,9.085885782712626e-12,-32.075627299136556,-20.42646422652758,-20.416327269369138,1.9999999999999996e-11,(-8.26876446151742e-06-0.00012088068944540708j),-9.643274665532871e-16,6.186322717410759e-13,9.034919024039038e-12,9.056073523253996e-12,-32.08567428216613,-20.440757354738967,-20.430600602487935,2e-11,(-8.252368867459909e-06-0.00012052310860563608j),0.0,2.083330884590957e-15,-3.38957422065211e-15,3.978628026342737e-15,-56.812417478440324,-54.698548520136484,-54.002666624264286,5.063916077629776e-11,(1.1724908781292546e-08+1.736989765476065e-08j),8.06913008012789,2.0416154174516565e-15,3.3619704152798737e-15,3.933324114027908e-15,-56.90026063330749,-54.73406112591144,-54.052402653537484,5.0639160910913856e-11,(-1.1500526014187985e-08-1.7236018488139137e-08j),8.069130103217935
140.0,1.032918923881952e-12,1.1902155813330747e-11,1.1946892253139154e-11,-29.859337658884506,-19.243743686043434,-19.22745053112787,1.9999999999999996e-11,(-1.3774301508358183e-05-0.00015871902332482805j),-9.643274665532871e-16,1.030305428230289e-12,1.186240877518376e-11,1.1907068120448354e-11,-29.870340120598375,-19.258271143822817,-19.241951617632644,2e-11,(-1.3743965241213975e-05-0.0001582409734201227j),0.0,3.519108453758576e-15,-5.5622005831995696e-15,6.58196016677864e-15,-54.53567348639916,-52.54753353730399,-51.81644750331007,6.441510727039995e-11,(1.5956107009803313e-08+2.2096184554383134e-08j),10.15915477389651,3.4466317385561895e-15,5.510186406086991e-15,6.499340318143737e-15,-54.626051170727166,-52.58833708994744,-51.8713072193086,6.441510746379145e-11,(-1.564518964214233e-08-2.1902162845446678e-08j),10.15915479997389
150.0,2.0218148889041018e-12,1.6868182834029138e-11,1.6988917786817074e-11,-26.942586095796518,-17.72931700319041,-17.698342852971116,1.9999999999999996e-11,(-2.6961542895534715e-05-0.00022494256894898667j),-9.643274665532871e-16,2.0162486246262755e-12,1.6811025049529806e-11,1.6931503823707625e-11,-26.954559158546484,-17.74405804717459,-17.713044669747347,2e-11,(-2.6896151621861718e-05-0.00022425402955197465j),0.0,7.038824259971226e-15,-1.1162221618311747e-14,1.3196220611185067e-14,-51.524998777968264,-49.52249359112459,-48.795504326371926,8.943867455523135e-11,(2.404265379523702e-08+3.115775162694904e-08j),13.00990717717056,6.888869162552927e-15,1.105137155107705e-14,1.302264686992348e-14,-51.61852063545267,-49.56583819707348,-48.85300735877401,8.943867484455929e-11,(-2.3568975162392977e-08-3.0874504820520734e-08j),13.009907205268812
160.0,5.523559835359669e-12,2.7936434543329145e-11,2.847725563056441e-11,-22.577809370251405,-15.538290225942893,-15.455018662265672,1.9999999999999996e-11,(-7.3658422565987e-05-0.0003725412165188543j),-9.643274665532871e-16,5.506974509828469e-12,2.7840434011955835e-11,2.8379861420133254e-11,-22.59086933735979,-15.553239986761202,-15.469897295486778,2e-11,(-7.346138744249778e-05-0.0003713830354343304j),0.0,1.9790257954951518e-14,-3.241710773270538e-14,3.798056323538856e-14,-47.0354854497087,-44.892257356861236,-44.204385991511984,1.4767642420753468e-10,(4.5200452350057653e-08+5.160477354018445e-08j),17.36562344538728,1.935211179670497e-14,3.209452000144276e-14,3.747749251370984e-14,-47.132716357296914,-44.93569115143547,-44.262294739178934,1.476764247068309e-10,(-4.4326552126381895e-08-5.1171499564072286e-08j),17.3656234747544
170.0,4.046543090678423e-11,6.666204966185234e-11,7.798256191989974e-11,-13.929158305477864,-11.761213371929317,-11.080025012665374,1.9999999999999996e-11,(-0.0005396193574234322-0.0008889595785084489j),-9.643274665532871e-16,4.0331756401842006e-11,6.642798584972705e-11,7.771311265487351e-11,-13.943528645528003,-11.77648915518867,-11.095056958299054,2e-11,(-0.0005380135277518185-0.0008861293976978222j),0.0,1.5020083431120986e-13,-2.6065131969555454e-13,3.0083118370078875e-13,-38.233276549766686,-35.83940071868571,-35.21677147444641,4.0177016297340606e-10,(1.7277460148519293e-07+1.0019012177693564e-07j),26.058953710716487,1.467326003344009e-13,2.581672714931862e-13,2.969525148422413e-13,-38.33473386003833,-35.880988151711946,-35.27312992402506,4.017701643693925e-10,(-1.6997620179307123e-07-9.99218891580797e-08j),26.058953740896392
180.0,3.3157166322645214e-11,-6.304107120677677e-11,7.122902735153316e-11,-14.794225922057237,-12.003764158351323,-11.473429860042454,1.9999999999999996e-11,(-0.0004421613308956002+0.0008406726821777747j),-9.643274665532871e-16,3.303506252907508e-11,-6.282485453384856e-11,7.098082630893453e-11,-14.810248668182313,-12.018685083099193,-11.488589492076173,2e-11,(-0.00044067782106206176+0.0008380647071622939j),0.0,1.2830059745509717e-13,-2.409765066340783e-13,2.730031502691844e-13,-38.91771321249018,-36.18025295750958,-35.63832341469758,3.676806107062221e-10,(3.347156715192647e-09-1.980234707827487e-07j),25.28881465389258,1.2520274547645105e-13,2.388557378921028e-13,2.6968090588475466e-13,-39.02386147705463,-36.218643214522345,-35.69149801646646,3.6768061201414565e-10,(-4.567373958880723e-09+1.9561128899720988e-07j),25.288814684790264
190.0,4.799420047821778e-12,-2.683216314403859e-11,2.725801555109499e-11,-23.188112387177227,-15.713443141468924,-15.645057650303304,1.9999999999999996e-11,(-6.40017887904543e-05+0.0003578154071167767j),-9.643274665532871e-16,4.779402265948277e-12,-2.6738636731477858e-11,2.7162425890882584e-11,-23.20626414859127,-15.728607389995894,-15.660314455853504,2e-11,(-6.375579203712611e-05+0.00035668539033722167j),0.0,1.9472461746676414e-14,-4.0291935347041656e-14,4.475060692868825e-14,-47.105791406518094,-43.94781871595135,-43.492010702029795,1.4217471471177675e-10,(-2.0978469796397978e-08-8.129395219511516e-08j),17.035847396088894,1.8980027352145596e-14,3.99742217278998e-14,4.425132586758832e-14,-47.217031660458524,-43.982199829305415,-43.54073712348057,1.4217471523435878e-10,(2.019201115327705e-08+8.053754495791075e-08j),17.035847428015035
200.0,1.7373827833375856e-12,-1.6337992183934155e-11,1.643010917608679e-11,-27.60104486459806,-17.86801316042035,-17.843595507210846,1.9999999999999996e-11,(-2.31685505413951e-05+0.00021787230844502148j),-9.643274665532871e-16,1.7290375328313222e-12,-1.6280715558395485e-11,1.637227137214993e-11,-27.62195579239314,-17.88326511226098,-17.858910654896,2e-11,(-2.3064841842875823e-05+0.00021717986007413815j),0.0,7.429911747500262e-15,-1.7182864695360177e-14,1.8720428085775645e-14,-51.29016344759112,-47.64904429697286,-47.27684224339129,8.734561837050227e-11,(-1.596738500939923e-08-5.4893096834213797e-08j),12.804222562683563,7.233004159804752e-15,1.7064603865046873e-14,1.85342130733065e-14,-51.406812851338074,-47.67903788910162,-47.32025848543279,8.734561870930266e-11,(1.5417628184836013e-08+5.446616762318012e-08j),12.804222596374808
210.0,8.686651420847612e-13,-1.1545686396890985e-11,1.1578318250265306e-11,-30.611476055665307,-19.375802429528747,-19.36354517264073,1.9999999999999996e-11,(-1.1583925224167697e-05+0.0001539653905788073j),-9.643274665532871e-16,8.637840531961691e-13,-1.1505162566677018e-11,1.153754257093867e-11,-30.63594817969507,-19.391072404188954,-19.37886683514058,2e-11,(-1.1522620067560725e-05+0.0001534754162001575j),0.0,3.9331545607700974e-15,-1.0284257223371907e-14,1.1010706218739281e-14,-54.052589868293445,-49.87827069592964,-49.581848248007006,6.330269613363807e-11,(-1.2503050979480648e-08-4.46786523698829e-08j),10.007844236838668,3.8239787189962886e-15,1.0223949147541551e-14,1.0915674482818371e-14,-54.17484533301847,-49.903813192988416,-49.61949423938714,6.330269640046682e-11,(1.2069862006187753e-08+4.4388375671506066e-08j),10.007844273450775
220.0,5.119380775545217e-13,-8.782193359203886e-12,8.797101840589039e-12,-32.90782566763882,-20.563970051830292,-20.55660380343661,1.9999999999999996e-11,(-6.826856659130327e-06+0.00011711333429708787j),-9.643274665532871e-16,5.085288792593764e-13,-8.751490020176141e-12,8.766252288993479e-12,-32.936843785389755,-20.57917998126333,-20.57186034692664,2e-11,(-6.783622651294212e-06+0.00011674225074474464j),0.0,2.4626804714677143e-15,-7.345464472083966e-15,7.74729910453935e-15,-56.08591933463594,-51.339807374795285,-51.10849676646757,4.993673335089048e-11,(-1.0239497782674093e-08-4.0094916281618876e-08j),7.947802671582891,2.3912250924477235e-15,7.309632710301906e-15,7.69081840913353e-15,-56.21379540652613,-51.36104444642221,-51.140274428177364,4.993673358701656e-11,(9.874064026311338e-09+3.988070743129737e-08j),7.947802712654161
230.0,3.3430044938099613e-13,-6.962536315649047e-12,6.970557275942014e-12,-34.75863039609778,-21.572325265909463,-21.56732499923256,1.9999999999999996e-11,(-4.45800253794143e-06+9.284763039698532e-05j),-9.643274665532871e-16,3.3163819251556734e-13,-6.938458952125613e-12,6.946380101971605e-12,-34.79335460499237,-21.5873697664972,-21.582414560278032,2e-11,(-4.4239539710298405e-06+9.255696034660661e-05j),0.0,1.712321001442356e-15,-5.8626162329205915e-15,6.107561895428042e-15,-57.66414816710814,-52.319085338179065,-52.14132123092693,4.1504995554871055e-11,(-8.69729778629629e-09-3.8274822028140466e-08j),6.341407520406047,1.6605903947156436e-15,5.839437543072289e-15,6.0709629613813315e-15,-57.797374784771165,-52.3362898228894,-52.16742416726256,4.150499578128632e-11,(8.375493266589456e-09+3.811042759880271e-08j),6.341407567788728
240.0,2.3510723028613674e-13,-5.6560907380016685e-12,5.660974990780394e-12,-36.287340147496344,-22.474836319732987,-22.471087637499345,1.9999999999999996e-11,(-3.135229495636924e-06+7.542576419363868e-05j),-9.643274665532871e-16,2.328591562818864e-13,-5.636942606782879e-12,5.641750201739569e-12,-36.329066804518156,-22.48956386979419,-22.485861468952507,2e-11,(-3.1062712690292846e-06+7.519512285538049e-05j),0.0,1.283401996318614e-15,-5.060317086683976e-15,5.2205296380674254e-15,-58.916372895037,-52.95822268796066,-52.82285434311598,3.575777391929206e-11,(-7.623142290917645e-09-3.818890185693001e-08j),5.04680957070798,1.243302064884556e-15,5.044595768205095e-15,5.195550643496698e-15,-59.05423345070912,-52.971736287673146,-52.84368417546819,3.5757774148828244e-11,(7.331301829491976e-09+3.8060887868536016e-08j),5.046809626464413
250.0,1.756927861990852e-13,-4.658390004853006e-12,4.661701984515611e-12,-37.55246069911919,-23.317641547310984,-23.314554937106205,1.9999999999999996e-11,(-2.342919036524775e-06+6.212110843048194e-05j),-9.643274665532871e-16,1.7367827190581312e-13,-4.6432004487323115e-12,4.646447519260293e-12,-37.60254510750684,-23.33182567270882,-23.328789637597605,2e-11,(-2.3168160302986074e-06+6.193890066655282e-05j),0.0,1.022201260323664e-15,-4.638586993536297e-15,4.749882599939854e-15,-59.90463587916807,-53.33614294093242,-53.23317124444267,3.163573552779374e-11,(-6.891531986439459e-09-3.945074300884127e-08j),3.982958811066058,9.895268761565822e-16,4.6277111415362256e-15,4.732322246860913e-15,-60.04572405593022,-53.34633757229369,-53.249256898115505,3.163573576911919e-11,(6.6211232454327626e-09+3.9351633775442126e-08j),3.9829588773242373
260.0,1.3870226755898578e-13,-3.8598552173510065e-12,3.8623465170719456e-12,-38.57916438852418,-24.134289853502132,-24.131487653310224,1.9999999999999996e-11,(-1.8496387364752972e-06+5.147239373114475e-05j),-9.643274665532871e-16,1.368067079508215e-13,-3.848061855986638e-12,3.850492971405047e-12,-38.63892607626104,-24.14757955475764,-24.144836650225937,2e-11,(-1.824960431462208e-06+5.1331990442450155e-05j),0.0,8.608181516114138e-16,-4.4681960083556465e-15,4.550360805389945e-15,-60.65088583845948,-53.49867783747986,-53.4195416607313,2.857582727257444e-11,(-6.452699588636194e-09-4.1981106677522455e-08j),3.099376328933583,8.331491739957303e-16,4.4607393739446636e-15,4.53787762157487e-15,-60.792772319149655,-53.505931503885606,-53.43147220436845,2.8575827531681513e-11,(6.1979835514672795e-09+4.190669508404259e-08j),3.099376407691598
270.0,1.1545458765600998e-13,-3.196337866939038e-12,3.1984223488212468e-12,-39.37588805457026,-24.953473200990448,-24.95064188603699,1.9999999999999996e-11,(-1.5396235504334699e-06+4.262417938509227e-05j),-9.643274665532871e-16,1.1359050764988314e-13,-3.1876441938379014e-12,3.189667429362604e-12,-39.446579595362806,-24.96530160700191,-24.962545962914355,2e-11,(-1.5152632861048035e-06+4.25222170058035e-05j),0.0,7.680845156012436e-16,-4.4961221566703276e-15,4.5612573124970966e-15,-61.1459099007292,-53.471618977843804,-53.409154273763576,2.6252066848176237e-11,(-6.316439116967455e-09-4.591203748472786e-08j),2.3626701161669077,7.439155957590958e-16,4.491277025527013e-15,4.55246963017222e-15,-61.28476336464197,-53.47630156483216,-53.41752942730761,2.625206712882902e-11,(6.073322391795444e-09+4.586022314931441e-08j),2.362670209025085
280.0,1.0125926168557447e-13,-2.6276188687894e-12,2.6295692342463994e-12,-39.945652435208736,-25.80437628147827,-25.801153901080504,1.9999999999999996e-11,(-1.3503243756334235e-06+3.504013113801047e-05j),-9.643274665532871e-16,9.93421791401911e-14,-2.621935395961183e-12,2.623816702658638e-12,-40.028663176830506,-25.81378013455708,-25.810665076364696,2e-11,(-1.32519485938694e-06+3.497583139855549e-05j),0.0,7.327426227689327e-16,-4.71350508825236e-15,4.770119701664015e-15,-61.35048545331522,-53.266560197592355,-53.214707226119025,2.446352992697683e-11,(-6.563041117499034e-09-5.159425576490913e-08j),1.7497825480840976,7.110781893796544e-16,4.710830062840403e-15,4.7641947979036666e-15,-61.480826420984904,-53.26902562096268,-53.22010489438405,2.446353023052548e-11,(6.328478218317262e-09+5.156458610736456e-08j),1.7497826558604506
290.0,9.344814500317584e-14,-2.1270123183098646e-12,2.1290641037898412e-12,-40.294293151827475,-26.722299949310703,-26.718112622333177,1.9999999999999996e-11,(-1.2461606568625769e-06+2.8364383986966584e-05j),-9.643274665532871e-16,9.1371906685647e-14,-2.1244517395430776e-12,2.1264157681363676e-12,-40.39187312437301,-26.7275313018435,-26.723518159398946,2e-11,(-1.2188738165419878e-06+2.833954870554204e-05j),0.0,7.596866030990683e-16,-5.148882362960847e-15,5.204624224911677e-15,-61.19365532212867,-52.88287030429628,-52.83610621184874,2.308051451059869e-11,(-7.3922397292218596e-09-5.96918514267284e-08j),1.2443098043173997,7.398369434920366e-16,5.1481922553171885e-15,5.201080868498731e-15,-61.30863986140194,-52.88345243068289,-52.839063935872666,2.308051483513453e-11,(7.1639424734736615e-09+5.96855127808886e-08j),1.2443099264499655
300.0,9.047235422103607e-14,-1.6758961098550051e-12,1.6783363840140737e-12,-40.43484108567988,-27.757529071348266,-27.751209904203293,1.9999999999999996e-11,(-1.2064775428143428e-06+2.234860624594929e-05j),-9.643274665532871e-16,8.806716246996775e-14,-1.6768248399745561e-12,1.6791358995213006e-12,-40.551859964294394,-27.755123011419926,-27.749141531628773,2e-11,(-1.174789520383891e-06+2.2368340188015886e-05j),0.0,8.76639544680105e-16,-5.879375085362308e-15,5.944371142995362e-15,-60.57178942478549,-52.30668832325493,-52.2589408277324,2.201649432349256e-11,(-9.259464259251986e-09-7.141890215942228e-08j),0.8343634392268069,8.581178462208752e-16,5.880714813667722e-15,5.942993602360156e-15,-60.664530659403624,-52.30569881277023,-52.25994737260077,2.2016494661914926e-11,(9.035871166123835e-09+7.143919140461091e-08j),0.8343635727403107
310.0,9.147755461646725e-14,-1.2606097314546691e-12,1.2639244589914469e-12,-40.386854534965224,-28.9941934459994,-28.982788817684618,1.9999999999999996e-11,(-1.2198822089530497e-06+1.6810630654503832e-05j),-9.643274665532871e-16,8.84101530730391e-14,-1.2657948632236564e-12,1.268878635224738e-12,-40.53497857493768,-28.97636671086932,-28.965799149997036,2e-11,(-1.1793649121051332e-06+1.6885323638967217e-05j),0.0,1.1617953057917767e-15,-7.069083135860445e-15,7.163916855622095e-15,-59.34870382613489,-51.506369107940515,-51.448494632130206,2.1212572591220314e-11,(-1.3271940203737416e-08-8.909745530245907e-08j),0.5112669171359979,1.1442858625639712e-15,7.072784696186306e-15,7.164752158579597e-15,-59.41465467653494,-51.50409562146792,-51.44798828019311,2.121257292696691e-11,(1.305263468062079e-08+8.915109605212677e-08j),0.5112670546138014
320.0,9.616768089898846e-14,-8.705266222497436e-13,8.758223694876932e-13,-40.1697085691757,-30.60217942847206,-30.575839666330438,1.9999999999999996e-11,(-1.282426530713492e-06+1.1608748652659004e-05j),-9.643274665532871e-16,9.163986069926674e-14,-8.815016152716457e-13,8.862521998818967e-13,-40.379155796483516,-30.547768875587376,-30.52442673788699,2e-11,(-1.2224482426767302e-06+1.1758967029007553e-05j),0.0,1.843099962231097e-15,-9.072870210130968e-15,9.258185098638838e-15,-57.344511097792605,-50.42255301778634,-50.33474140628834,2.062845416185815e-11,(-2.253941823119589e-08-1.1756909489592222e-07j),0.26873377451225694,1.8265403329285047e-15,9.079761656189178e-15,9.261658670077289e-15,-57.38370733430224,-50.4192555156266,-50.33311228571395,2.062845445873393e-11,(2.2326948404089242e-08+1.1766957733671318e-07j),0.2687338995158194
330.0,1.0512107534803528e-13,-4.966234437847809e-13,5.076271125530853e-13,-39.78310205096613,-33.03972782836135,-32.944551901278835,1.9999999999999996e-11,(-1.4018228858513574e-06+6.622631159764222e-06j),-9.643274665532871e-16,9.668296770498334e-14,-5.16626488854187e-13,5.25595400693393e-13,-40.146500272950334,-32.86823330124993,-32.793484437949644,2e-11,(-1.2897217768105323e-06+6.891642333379319e-06j),0.0,3.7366246564984045e-15,-1.2719335485879334e-14,1.3256841970314843e-14,-54.27520524788424,-48.95535577551941,-48.77559920743714,2.0237040330356233e-11,(-4.808168189641393e-08-1.679821278272179e-07j),0.10234003052759207,3.721725054846415e-15,1.2731355267896837e-14,1.3264186531456654e-14,-54.29255713841889,-48.951253627218215,-48.773193793591886,2.023704050573966e-11,(4.788980203754709e-08+1.681588096486842e-07j),0.10234010580347563
340.0,1.2245893251953638e-13,-1.3041438885667107e-13,1.7889690599527813e-13,-39.12009530649882,-38.846744894606275,-37.47397170448822,1.9999999999999996e-11,(-1.6330287110787397e-06+1.7391172449323377e-06j),-9.643274665532871e-16,9.935465738156995e-14,-1.6592844099224188e-13,1.9340009171022915e-13,-40.028117699461404,-37.80079167276713,-37.13543324310737,2e-11,(-1.325361315382495e-06+2.213435611460709e-06j),0.0,1.0961465524193268e-14,-1.961819388438629e-14,2.2472811522447504e-14,-49.601313777384135,-47.073409776976696,-46.483425905848115,2.002116643912902e-11,(-1.4529346516473562e-07-2.61768582909952e-07j),0.009187606849338245,1.095313727347954e-14,1.963987672978272e-14,2.2487684942935936e-14,-49.60461469370591,-47.06861242401572,-46.48055251912484,2.0021166308378707e-11,(1.4519864944999933e-07+2.620877306136491e-07j),0.009187550125231071
350.0,1.6561354606064222e-13,2.1622543575722374e-13,2.7236241610615395e-13,-37.80904143766187,-36.65093218989351,-35.64852821883487,1.9999999999999996e-11,(-2.2085091719825646e-06-2.8834347759868483e-06j),-9.643274665532871e-16,8.253903331965953e-14,1.9469213758962485e-13,2.114656484173287e-13,-40.83340621797301,-37.106515865918674,-36.74760171619762,2e-11,(-1.1010459363854234e-06-2.597134692734397e-06j),0.0,4.07496593631194e-14,-1.1948251846199211e-14,4.246522648462465e-14,-43.898760172880756,-49.22695631877929,-43.71966555300859,1.9971686811876444e-11,(-5.444514229235898e-07-1.5876163713403651e-07j),-0.012304973249190145,4.077508900048125e-14,1.1968086568765933e-14,4.249521124920598e-14,-43.8960508234469,-49.219752780857824,-43.71660007484326,1.9971687017891905e-11,(5.448550177443513e-07+1.5904463297780008e-07j),-0.012304883650972475
360.0,1.6296583150239808e-13,5.385052465668042e-13,5.626239977260503e-13,-37.87903443114424,-32.688100610866826,-32.49781747716977,1.9999999999999996e-11,(-2.1732010584510015e-06-7.181138285439764e-06j),-9.643274665532871e-16,1.1860845014583562e-13,5.81568336770477e-13,5.93539968982693e-13,-39.25884368973636,-32.35399246475347,-32.26550030333377,2e-11,(-1.5822011332296523e-06-7.757947097001503e-06j),0.0,2.1609055447923283e-14,2.1080449641632637e-14,3.0188352628867187e-14,-46.65364216120927,-46.76120129949184,-45.2016058567558,2.0086437595531254e-11,(-2.852476815887996e-07+2.8164411469300574e-07j),0.037458483417727145,2.1619543673504065e-14,-2.109965114887307e-14,3.02092692274191e-14,-46.65153476995596,-46.757247250516855,-45.19859780332083,2.0086439677460225e-11,(2.8541873452429676e-07-2.819328008251674e-07j),0.037459383697045316
370.0,1.7023120926477403e-13,9.057956555073923e-13,9.216530985917716e-13,-37.6896081576177,-30.429697666666307,-30.35432512478689,1.9999999999999996e-11,(-2.2700871756062383e-06-1.207907239905082e-05j),-9.643274665532871e-16,1.529526683489643e-13,9.369863270481086e-13,9.493881692069759e-13,-38.154429420913814,-30.282667464984367,-30.22556184541127,2e-11,(-2.040342698135554e-06-1.2499116434397307e-05j),0.0,8.100205759613779e-15,1.6137676225014006e-14,1.805652035391821e-14,-50.91503949130005,-47.92159002161107,-47.433659382247654,2.0370258428192413e-11,(-1.037554870797409e-07+2.1243998941703577e-07j),0.15933086134908814,8.094181409250177e-15,-1.6153358087703174e-14,1.8067837452097488e-14,-50.918270662956466,-47.91737179378885,-47.43093825237865,2.037026042829323e-11,(1.0368648938353613e-07-2.1266926341505423e-07j),0.15933171419315884
380.0,1.923688365672905e-13,1.2850378788681412e-12,1.2993568098902567e-12,-37.15865281586434,-28.910840705109308,-28.862715731086467,1.9999999999999996e-11,(-2.5652994580945113e-06-1.713638774926129e-05j),-9.643274665532871e-16,1.8234923567221144e-13,1.3066110852316525e-12,1.3192739563109993e-12,-37.39096052717826,-28.838536615950694,-28.796650108524034,2e-11,(-2.4324840849820664e-06-1.742979979252795e-05j),0.0,4.43974052882167e-15,1.2335026698640479e-14,1.3109697922508937e-14,-53.526424105596526,-49.088599061612996,-48.82407315335006,2.083518777881217e-11,(-5.427795518654979e-08+1.587993888898258e-07j),0.35534846522077246,4.4278067490009466e-15,-1.2346433363467724e-14,1.3116397729752147e-14,-53.538113421009015,-49.0845848323643,-48.82185422650909,2.0835189718185958e-11,(5.4129175717491964e-08-1.589614721239485e-07j),0.3553492737177299
390.0,2.230068837011799e-13,1.6828838658171536e-12,1.6975954099860777e-12,-36.51681731089522,-27.739458532309587,-27.701658077007536,1.9999999999999996e-11,(-2.9738675355031826e-06-2.2441790188332418e-05j),-9.643274665532871e-16,2.1568739892866315e-13,1.698192100756136e-12,1.7118345320524268e-12,-36.66175226875231,-27.700131835976933,-27.66538217047636,2e-11,(-2.877205178793652e-06-2.2653373035010015e-05j),0.0,3.0476236476126724e-15,1.0269792578047848e-14,1.0712453010100656e-14,-55.160386652382016,-49.88438327884606,-49.70111070086132,2.150188333602496e-11,(-3.5000608059038035e-08+1.2818533318981254e-07j),0.6289301097966843,3.0321502433893765e-15,-1.027825136133994e-14,1.0716174044190052e-14,-55.18249283165857,-49.880807655661954,-49.699602415160925,2.1501885304794513e-11,(3.4810485348385e-08-1.2830099409572696e-07j),0.6289309050997748
400.0,2.6244600974159225e-13,2.108890492041952e-12,2.1251581154008823e-12,-35.809600259073925,-26.759459712025095,-26.726087521588408,1.9999999999999996e-11,(-3.4998007919732383e-06-2.8122723685151033e-05j),-9.643274665532871e-16,2.5632183947641344e-13,2.119589224800162e-12,2.1350314675155318e-12,-35.91214388899581,-26.7374829694301,-26.705957196705057,2e-11,(-3.4192564222232145e-06-2.827468421800235e-05j),0.0,2.402565776832425e-15,9.132546525894983e-15,9.443290123661504e-15,-56.1932471349321,-50.394081065906704,-50.24876667396363,2.2401950464804172e-11,(-2.5505946716076363e-08+1.094954120622293e-07j),0.9851167384254633,2.3839810000358422e-15,-9.138735727026491e-15,9.444567544200332e-15,-56.22697210178643,-50.39113881372714,-50.248179231277774,2.240195252191263e-11,(2.528563196482431e-08-1.0957557194474159e-07j),0.9851175360263792
410.0,3.1296199717335694e-13,2.5745407561410205e-12,2.5934928796327766e-12,-35.04508395424571,-25.893002287048578,-25.8611494001296,1.9999999999999996e-11,(-4.173447508854458e-06-3.4332317668618626e-05j),-9.643274665532871e-16,3.0737022048390694e-13,2.5814438040942235e-12,2.5996785505398126e-12,-35.12338211351571,-25.88137324747081,-25.85080349089718,2e-11,(-4.100226506397535e-06-3.443568571366201e-05j),0.0,2.0837849798051892e-15,8.542528862849783e-15,8.793006267180942e-15,-56.81147096745767,-50.68413545165405,-50.55862617300093,2.3581854953469487e-11,(-2.0102054850952398e-08+9.739217717559787e-08j),1.430959362606602,2.0617953645462126e-15,-8.54670375079756e-15,8.791879499240269e-15,-56.85754441117759,-50.68201349465885,-50.559182729473555,2.3581857144491922e-11,(1.985414306403304e-08-9.744184910733802e-08j),1.4309601696244643
420.0,3.7848856853717413e-13,3.094754000179699e-12,3.1178126816955456e-12,-34.21947232930613,-25.093738670349993,-25.06149980792376,1.9999999999999996e-11,(-5.047265124066743e-06-4.1269526297830255e-05j),-9.643274665532871e-16,3.73058033069864e-13,3.098232774631466e-12,3.1206118986247794e-12,-34.28223603897535,-25.08885956189383,-25.057602399108596,2e-11,(-4.976482214865938e-06-4.1329495503936205e-05j),0.0,1.944449276223929e-15,8.328498435234245e-15,8.55247152427338e-15,-57.112033815694275,-50.79433291519347,-50.67908363137817,2.510939168611593e-11,(-1.672685808012922e-08+8.928512629640926e-08j),1.9761239144051377,1.9182770520233854e-15,-8.330621194920521e-15,8.548627746110982e-15,-57.17088668554499,-50.79322613062908,-50.68103594058041,2.510939405444172e-11,(1.6450054593339316e-08-8.930578896040742e-08j),1.9761247336609649
430.0,4.653557628442444e-13,3.690056041788343e-12,3.719283476363559e-12,-33.32214903528369,-24.329670380537816,-24.295407193208767,1.9999999999999996e-11,(-6.205666715814005e-06-4.920806786200416e-05j),-9.643274665532871e-16,4.598219655391499e-13,3.690204507416894e-12,3.7187424684363725e-12,-33.37410286471282,-24.329495650112484,-24.29603896502457,2e-11,(-6.133887038110608e-06-4.922622078195308e-05j),0.0,1.9299474046890474e-15,8.419845932223193e-15,8.638200189115869e-15,-57.14454526310653,-50.746958552221415,-50.63576735456276,2.7084548052630746e-11,(-1.4490933401862588e-08+8.381243529845232e-08j),2.6338319489572477,1.898279406769283e-15,-8.419599574246773e-15,8.630939792213869e-15,-57.21639863622463,-50.747085625181974,-50.63941912934732,2.7084550646916048e-11,(1.4181332767927372e-08-8.380290884324329e-08j),2.6338327809325386
440.0,5.839787858067764e-13,4.390095533460413e-12,4.428766195587821e-12,-32.33602929213623,-23.575260289143113,-23.537172464811633,1.9999999999999996e-11,(-7.787542356138268e-06-5.854331654716707e-05j),-9.643274665532871e-16,5.780991112313949e-13,4.386789300899313e-12,4.424716821774159e-12,-32.3799769830798,-23.57853224417543,-23.54114518565295,2e-11,(-7.711668669346338e-06-5.851845289765216e-05j),0.0,2.0280168512162874e-15,8.805702940042775e-15,9.036219154994814e-15,-56.92928440680002,-50.55235969532443,-50.44013244700463,2.965840163747557e-11,(-1.296424566767599e-08+8.021005916845688e-08j),3.422354929718632,1.9887595435972007e-15,-8.80240783743831e-15,9.024275497725251e-15,-57.01417723261562,-50.55398513363887,-50.445876547929686,2.96584045188948e-11,(1.2615419570799119e-08-8.016650113477867e-08j),3.422355773583669
450.0,7.523486660462602e-13,5.2398480623387275e-12,5.293584440782682e-12,-31.235808447184233,-22.806813058873715,-22.762501548666812,1.9999999999999996e-11,(-1.0032808118748939e-05-6.987503607484358e-05j),-9.643274665532871e-16,7.458418947864435e-13,5.232741893393032e-12,5.28562842573039e-12,-31.273532254751736,-22.81270686441234,-22.769033705888987,2e-11,(-9.949307066151685e-06-6.980320663026065e-05j),0.0,2.257148590470308e-15,9.524973270610431e-15,9.788760675657836e-15,-56.464398499177335,-50.21136234386483,-50.09272289381088,3.306766985706752e-11,(-1.1926626851972138e-08+7.803397918066878e-08j),4.367471947575984,2.2069014543893855e-15,-9.517367274207722e-15,9.769887095639647e-15,-56.56217059122181,-50.214831709865265,-50.101104551168476,3.306767310911225e-11,(1.1528999523845531e-08-7.794910381359466e-08j),4.367472801791002
460.0,1.0036828235068461e-12,6.31135033953158e-12,6.390658989377235e-12,-29.984035080710104,-21.998777117120277,-21.944543561305252,1.9999999999999996e-11,(-1.338442883569781e-05-8.416385883885901e-05j),-9.643274665532871e-16,9.96154960327563e-13,6.299818930650522e-12,6.3780908792496756e-12,-30.0167309814208,-22.00671932855848,-21.95309296934473,2e-11,(-1.3288408247175357e-05-8.403769410156852e-05j),0.0,2.6749875852409715e-15,1.0677293176575847e-14,1.1007277054737308e-14,-55.726782292217635,-49.71538832276862,-49.58320102132611,3.770208065702774e-11,(-1.1270520409310402e-08+7.703165042315695e-08j),5.50670645048161,2.607940379559635e-15,-1.0663038402752423e-14,1.0977328500227668e-14,-55.837023412852965,-49.72119026685746,-49.595033391916076,3.770208440167867e-11,(1.0809957203015318e-08-7.689280462693955e-08j),5.506707313182622
470.0,1.4049157060668924e-12,7.727588803790768e-12,7.854261064010152e-12,-28.52349732334149,-21.11955995417074,-21.048946675200515,1.9999999999999996e-11,(-1.87349966021195e-05-0.00010304984801323268j),-9.643274665532871e-16,1.3957239958534867e-12,7.71058397857864e-12,7.835888639032261e-12,-28.552004548710794,-21.12912728425072,-21.059117446779968,2e-11,(-1.861853927945235e-05-0.00010285687650221657j),0.0,3.414143724804615e-15,1.2461550016759684e-14,1.292078194978253e-14,-54.667182003930144,-49.044279350557844,-48.88711202579365,4.4247016587396087e-11,(-1.0965292576677745e-08+7.708734981350866e-08j),6.897079949742311,3.319589933829802e-15,-1.2436077263557355e-14,1.2871507100334147e-14,-54.78915561017079,-49.053165884113824,-48.903705994018495,4.4247021015529704e-11,(1.0420421248306369e-08-7.687225295413235e-08j),6.897080819004938
480.0,2.107661194896334e-12,9.715306879095763e-12,9.941298882312979e-12,-26.761992003915367,-20.1254347671186,-20.02556869066627,1.9999999999999996e-11,(-2.8106330617761512e-05-0.00012955669908336896j),-9.643274665532871e-16,2.0955962524818172e-12,9.69105091616713e-12,9.915038654143493e-12,-26.786923868646348,-20.136291246680578,-20.0370558834234,2e-11,(-2.7954625167024472e-05-0.00012927571115627j),0.0,4.790057865210854e-15,1.5272661356102763e-14,1.6006212520464143e-14,-53.19659240157467,-48.16085277838128,-47.95711421113674,5.4019390464335286e-11,(-1.1057021246521272e-08+7.822317013243995e-08j),8.63039367580041,4.646068356966941e-15,-1.522614015042284e-14,1.5919211508674917e-14,-53.3291440477359,-48.17410177020367,-47.980784470199566,5.401939590007605e-11,(1.0394220625219939e-08-7.788983509139282e-08j),8.630394549824377
490.0,3.516034959998311e-12,1.2731359181358592e-11,1.32079524698075e-11,-24.539468153790192,-18.95125229225069,-18.79164502596373,1.9999999999999996e-11,(-4.688744153406546e-05-0.00016977671327404127j),-9.643274665532871e-16,3.498409888763155e-12,1.2696671674935398e-11,1.3169827006111458e-11,-24.561293080650973,-18.963101107489464,-18.804199297295327,2e-11,(-4.666773812234345e-05-0.00016936979015936445j),0.0,7.665709325304698e-15,1.9951468749947464e-14,2.137344625324128e-14,-51.154476527061874,-47.00025127720685,-46.70125446572644,6.987693909221018e-11,(-1.1704054965478654e-08+8.069743098564139e-08j),10.866077542280664,7.420032235025661e-15,-1.9859392123992484e-14,2.120029089195039e-14,-51.29594208000843,-47.020340489542356,-46.736581800192596,6.987694614945002e-11,(1.0868527324878047e-08-8.015669452226724e-08j),10.866078419514327
500.0,6.9948881689920136e-12,1.7754288999593222e-11,1.9082537524600372e-11,-21.552192244141708,-17.50696715068144,-17.193638749329576,1.9999999999999996e-11,(-9.327905262383873e-05-0.0002367590757538226j),-9.643274665532871e-16,6.9641967541966866e-12,1.7703177831645626e-11,1.902373627261566e-11,-21.57128967587039,-17.519487680522573,-17.2070418333838,2e-11,(-9.29002949029019e-05-0.00023615507995050893j),0.0,1.5018332400130237e-14,2.8455082655387737e-14,3.2175177342257955e-14,-48.23378287679941,-45.45840148529504,-44.92479050684593,9.916958053833778e-11,(-1.3230188024692743e-08+8.545829172779123e-08j),13.906969612400875,1.4514698691172854e-14,-2.824078760882494e-14,3.175245758775681e-14,-48.381919752039366,-45.491231953894705,-44.98222655395746,9.916959057659537e-11,(1.2139229479167207e-08-8.448147177076781e-08j),13.906970491613961
510.0,1.8939847810054207e-11,2.5835394726682648e-11,3.203412954571291e-11,-17.226235150644882,-15.877848986892293,-14.943870724721734,1.9999999999999996e-11,(-0.000252568878569524-0.0003445231840804614j),-9.643274665532871e-16,1.8867134710297092e-11,2.5760442503122575e-11,3.19306932297622e-11,-17.242940497021674,-15.890466811020632,-14.957916526289782,2e-11,(-0.0002516819154345613-0.0003436365728649468j),0.0,4.1159670143277866e-14,4.428019033086199e-14,6.045538604657821e-14,-43.85528114364617,-43.537905210483856,-42.18565001236509,1.6493632862350005e-10,(-1.5211643965524164e-08+9.647524130272277e-08j),18.32572655110249,3.974427745798202e-14,-4.360622037319958e-14,5.900093258494398e-14,-44.007253939844105,-43.60451554743665,-42.29141123725752,1.6493634533964463e-10,(1.3924638866659621e-08-9.430320851221888e-08j),18.325727431409334
520.0,5.5351717395240756e-11,5.659248123871659e-12,5.5640270559462084e-11,-12.568688997408975,-22.472412644555597,-12.546107668504492,1.9999999999999996e-11,(-0.0007381327099150094-7.546786893578826e-05j),-9.643274665532871e-16,5.516533511584176e-11,5.6615451521415664e-12,5.5455092570050426e-11,-12.58333739245171,-22.470650247359984,-12.560585654117219,2e-11,(-0.0007358890165747852-7.552331342779747e-05j),0.0,1.2532071848533904e-13,2.1306899662762975e-14,1.2711910342242288e-13,-39.019771238978684,-46.71479739272661,-38.957891788912015,2.862217069511702e-10,(3.4411835740331402e-09+1.1832384001182053e-07j),23.11345143491775,1.2099778296662143e-13,-1.9025401234538492e-14,1.2248440461941594e-13,-39.17222587156141,-47.206661754452455,-39.11919204514953,2.8622173597679225e-10,(-1.888425309418801e-09-1.140552226241199e-07j),23.113452315750095
530.0,2.2531705841912483e-11,-2.7961867586846596e-11,3.591021870012511e-11,-16.472059272426574,-15.53433825216233,-14.44781949929112,1.9999999999999996e-11,(-0.00030046744481913233+0.0003728803742219275j),-9.643274665532871e-16,2.2464477613700427e-11,-2.7860430769558995e-11,3.5789053593547807e-11,-16.485036759859394,-15.550121729301408,-14.462497859501545,2e-11,(-0.00029966939028464246+0.0003716497861801815j),0.0,5.478133385822894e-14,-4.300255491593527e-14,6.964347972771586e-14,-42.6136739741583,-43.66505740863907,-41.57119537543351,1.861162197277432e-10,(1.921699795243728e-08+9.799130445465871e-08j),19.375084543565194,5.293069147265394e-14,4.407831241115523e-14,6.888073551283175e-14,-42.762924324626056,-43.55775041301303,-41.61902224105813,1.8611623860585971e-10,(-1.6202946712056387e-08-9.744238530450952e-08j),19.375085424591195
540.0,7.209640356537326e-12,-1.913418874640423e-11,2.0447398197659132e-11,-21.42086398951434,-17.18189946317918,-16.89361945372336,1.9999999999999996e-11,(-9.614284116758191e-05+0.00025516047660380275j),-9.643274665532871e-16,7.1900587073221566e-12,-1.9068201547800432e-11,2.0378745164564915e-11,-21.43267563558429,-17.196902662984375,-16.90822561491673,2e-11,(-9.591322558152715e-05+0.00025436408671124114j),0.0,1.9422316913883652e-14,-3.378655083764662e-14,3.8971238263727404e-14,-47.11698963774281,-44.71256141715345,-44.092557948087894,1.076851418203778e-10,(1.2784910526963717e-08+9.573522471737528e-08j),14.622515773743235,1.879614051080908e-14,3.418595664280594e-14,3.901249196969973e-14,-47.25931317062528,-44.66152262513142,-44.08796307721432,1.0768515274256279e-10,(-1.0976240360130956e-08-9.607499301905184e-08j),14.62251665472725
550.0,3.2373666366954623e-12,-1.3325271447918771e-11,1.3712891813950408e-11,-24.898081133014927,-18.753239352370382,-18.628709502864705,1.9999999999999996e-11,(-4.317131104477572e-05+0.0001776967217470851j),-9.643274665532871e-16,3.2289044956668054e-12,-1.3281275932695262e-11,1.3668142325953726e-11,-24.9094480032762,-18.7676020027596,-18.642905075543904,2e-11,(-4.307261705091683e-05+0.000177168235531353j),0.0,9.974470336469719e-15,-2.6309315524327824e-14,2.8136633449148664e-14,-50.011101568999486,-45.79890450579225,-45.50727867168614,7.403185294578659e-11,(1.0137235567171062e-08+1.0091175943923274e-07j),11.367772476514775,9.67586887638774e-15,2.651795434909957e-14,2.8228077181663962e-14,-50.1431002566021,-45.7645998136697,-45.49318703781302,7.403186045129997e-11,(-8.904638514040112e-09-1.0137124414336757e-07j),11.367773357109481
560.0,1.7769436591323339e-12,-9.93901983481807e-12,1.0096615474733979e-11,-27.50326341984139,-20.026564426971557,-19.95824183344243,1.9999999999999996e-11,(-2.3696107369460197e-05+0.00013253998231325132j),-9.643274665532871e-16,1.7720403071675745e-12,-9.908425602116326e-12,1.0065635835003212e-11,-27.515264037913102,-20.039953471930986,-19.971587860101607,2e-11,(-2.3638485948360544e-05+0.00013217542423760083j),0.0,6.4595255390918415e-15,-2.2123275903452104e-14,2.3047012971108517e-14,-51.8979938035192,-46.55150564462563,-46.37385353754891,5.639669419128052e-11,(9.609513502771929e-09+1.086159341675187e-07j),9.004473039946664,6.2850079088214516e-15,2.2256857476906557e-14,2.3127235657580858e-14,-52.0169417147757,-46.52536155220684,-46.35876274293998,5.6396699901521164e-11,(-8.67820895304653e-09-1.0908807428859476e-07j),9.004473919404552
570.0,1.10336547110923e-12,-7.760158334597905e-12,7.838205964432514e-12,-29.57280611044732,-21.101294175123467,-21.05783328757728,1.9999999999999996e-11,(-1.4713728562404706e-05+0.00010348417303812159j),-9.643274665532871e-16,1.0997443893033844e-12,-7.738998684056376e-12,7.816747300100636e-12,-29.58708245037206,-21.11315227187969,-21.069739276931045,2e-11,(-1.4670260144865907e-05+0.00010323592014667852j),0.0,4.87404107157209e-15,-1.9775195021563335e-14,2.0366998171263113e-14,-53.1211081551199,-47.03879224827951,-46.910729756009076,4.574935934495174e-11,(1.0325348134892116e-08+1.1832860435027799e-07j),7.187100422026383,4.758609359810138e-15,1.9872147771780132e-14,2.0433957524247197e-14,-53.22519945514792,-47.01755192023337,-46.89647513715318,4.574936396305157e-11,(-9.574631644009155e-09-1.1879754800879136e-07j),7.18710129881032
580.0,7.457564094987281e-13,-6.234631546463238e-12,6.279075022840786e-12,-31.274030053504557,-22.051892073123195,-22.021043279288904,1.9999999999999996e-11,(-9.944898286518457e-06+8.314078939686526e-05j),-9.643274665532871e-16,7.424919453001053e-13,-6.220992002207664e-12,6.265144513925218e-12,-31.29308253297877,-22.061403569918923,-22.03068906972076,2e-11,(-9.904619745248076e-06+8.298616653032082e-05j),0.0,4.112153297416842e-15,-1.8534015648238883e-14,1.898471861236347e-14,-53.85930703599051,-47.32030474640635,-47.21595835500927,3.871295566449221e-11,(1.2046657990219122e-08+1.3027812043329434e-07j),5.73652669045763,4.029259651117146e-15,1.861066837806549e-14,1.9041846307920027e-14,-53.94774745167108,-47.302380294649765,-47.20290944477447,3.871295954769284e-11,(-1.1415112019729893e-08-1.3074561989936046e-07j),5.736527561717647
590.0,5.378086208923069e-13,-5.0954727963935655e-12,5.123776061801779e-12,-32.69372240461638,-22.928155126706407,-22.90409859655112,1.9999999999999996e-11,(-7.171848561089542e-06+6.794974610532288e-05j),-9.643274665532871e-16,5.344015978543398e-13,-5.0884685083924186e-12,5.1164535401673135e-12,-32.721322519953006,-22.93412908907946,-22.91030965119561,2e-11,(-7.128756953532794e-06+6.78786429675353e-05j),0.0,3.7892477039375434e-15,-1.8057667946069453e-14,1.8450955796714165e-14,-54.21447003873332,-47.43338337275532,-47.33981131592338,3.377502751248567e-11,(1.4831113190827735e-08+1.4498335062698646e-07j),4.551314315962714,3.726140872769009e-15,1.8122250150617886e-14,1.8501353364694425e-14,-54.2874072992563,-47.41787879102611,-47.3279650201206,3.377503085994271e-11,(-1.42838773677099e-08-1.454554757619963e-07j),4.55131517682481
600.0,4.0955321914125193e-13,-4.201218618185622e-12,4.221133937355988e-12,-33.87689656107166,-23.766247185569128,-23.745708673831963,1.9999999999999996e-11,(-5.461522094075814e-06+5.60245829672013e-05j),-9.643274665532871e-16,4.0563427917058715e-13,-4.200583284323671e-12,4.220123113959791e-12,-33.91865350948957,-23.76690400179531,-23.74674879148879,2e-11,(-5.411039562454226e-06+5.6034520512751125e-05j),0.0,3.7597565668131716e-15,-1.8195895716376804e-14,1.8580268845281935e-14,-54.2484027345326,-47.40026560846913,-47.309480063177425,3.016432814072568e-11,(1.8952763194812865e-08+1.632271433563096e-07j),3.569273218456104,3.709591476112894e-15,1.82531424728811e-14,1.8626279259555445e-14,-54.306739150315394,-47.386623563501814,-47.298738900542006,3.016433106681872e-11,(-1.846859743210655e-08-1.6371152795116592e-07j),3.569274061031476
610.0,3.276867651669596e-13,-3.4704856259555164e-12,3.4859215562071155e-12,-34.84541098840481,-24.5960975001717,-24.57682390057265,1.9999999999999996e-11,(-4.3698069609809115e-06+4.6280026715627985e-05j),-9.643274665532871e-16,3.228823884869001e-13,-3.476412853175223e-12,3.4913749959746374e-12,-34.909556427857126,-24.58868653049397,-24.570035026793256,2e-11,(-4.307154172706362e-06+4.637430426841377e-05j),0.0,3.982355699943323e-15,-1.8909681166248907e-14,1.9324471499372492e-14,-53.998599518366206,-47.233157936777566,-47.13892374669393,2.744883251175834e-11,(2.494186116391262e-08+1.8614482419434094e-07j),2.7498776311247153,3.941167034809214e-15,1.896266470225591e-14,1.9367897413153786e-14,-54.04375158446079,-47.22100634077579,-47.12917523908084,2.7448835077671532e-11,(-2.4507432378138418e-08-1.8665038951553483e-07j),2.749878443080479
620.0,2.7487955274026785e-13,-2.8531650467024586e-12,2.8663756823276555e-12,-35.60857564493903,-25.446731050345136,-25.426668892808625,1.9999999999999996e-11,(-3.6656060319791494e-06+3.804786096733376e-05j),-9.643274665532871e-16,2.687122901170642e-13,-2.8662795885855897e-12,2.878847855445358e-12,-35.70712469748597,-25.426814490197465,-25.407812865934424,2e-11,(-3.5845413156752337e-06+3.82353096059941e-05j),0.0,4.482359436585961e-15,-2.0244221811297165e-14,2.07345138082317e-14,-53.4849332069991,-46.936989128721095,-46.83306143703757,2.5369052589667287e-11,(3.373038708754538e-08+2.1540278506963604e-07j),2.0654850616142584,4.447749403467091e-15,2.0295205923812948e-14,2.0776858719402556e-14,-53.51859689896617,-46.926065377873485,-46.82420113369557,2.5369054816446492e-11,(-3.333767554109267e-08-2.1594030977384832e-07j),2.065485824021822
630.0,2.4153812434845913e-13,-2.316571299599971e-12,2.3291292904525652e-12,-36.17014310513295,-26.35154328507965,-26.328064030189346,1.9999999999999996e-11,(-3.2209875079403796e-06+3.089221313360884e-05j),-9.643274665532871e-16,2.332999540428109e-13,-2.337996067246936e-12,2.349607303150575e-12,-36.3208534675685,-26.311562237021473,-26.290047165903523,2e-11,(-3.112151378886569e-06+3.1188165957284055e-05j),0.0,5.355721044174697e-15,-2.233210400883294e-14,2.2965335124146303e-14,-52.71182051549989,-46.51070358147551,-46.389272127104356,2.3760742099879056e-11,(4.697456682202098e-08+2.5351088128858483e-07j),1.4966000964468742,5.326256646079297e-15,2.2383019999522784e-14,2.300801152118411e-14,-52.73577910880434,-46.500813172427335,-46.38120913825661,2.3760743970828988e-11,(-4.661998613133664e-08-2.54094160380205e-07j),1.496600780384435
640.0,2.2219177564718714e-13,-1.83823712864213e-12,1.851616841110415e-12,-36.5327202035981,-27.355984662806165,-27.324488778092633,1.9999999999999996e-11,(-2.9629978110378874e-06+2.4513475228641538e-05j),-9.643274665532871e-16,2.1072044852607935e-13,-1.8697671444912804e-12,1.8816036463735155e-12,-36.7629331796983,-27.282124759016536,-27.25471853980676,2e-11,(-2.8109475508927663e-06+2.494213263264316e-05j),0.0,6.811808939294682e-15,-2.54231407248605e-14,2.631989409821999e-14,-51.667375418271256,-45.947707985806055,-45.79715862499238,2.2515818274788772e-11,(6.776406218541708e-08+3.04367702931993e-07j),1.029154782935126,6.7867781586418455e-15,2.5475929626139288e-14,2.6364433392178552e-14,-51.6833634648443,-45.93869959465352,-45.789815578160926,2.251581972880744e-11,(-6.744904987207303e-08-3.0501551000475686e-07j),1.0291553438494634
650.0,2.1385073615193634e-13,-1.4018833458352557e-12,1.4181005086674837e-12,-36.6988925040519,-28.53288123578951,-28.48292987197548,1.9999999999999996e-11,(-2.8517674034576697e-06+1.8694559116517486e-05j),-9.643274665532871e-16,1.9706041628482483e-13,-1.4463155994463124e-12,1.4596786019080002e-12,-37.0540060410992,-28.39736929626053,-28.357427584508574,2e-11,(-2.6287268198614417e-06+1.9293416089983577e-05j),0.0,9.290625807548194e-15,-2.9948987815839116e-14,3.1356938611560284e-14,-50.31955031365763,-45.23617850851431,-45.03666344233969,2.1561221943461112e-11,(1.0229287398083785e-07+3.742078362517912e-07j),0.6528674881315735,9.270067467648144e-15,3.000594581462701e-14,3.1405269224846343e-14,-50.32917105044212,-45.22792679326162,-45.02997479210585,2.156122285675046e-11,(-1.0202674940014471e-07-3.749472799405813e-07j),0.6528678560481195
660.0,2.154246549498256e-13,-9.949922984963356e-13,1.0180459007467554e-12,-36.66704594000385,-30.021802807954685,-29.922326404750645,1.9999999999999996e-11,(-2.872756109899722e-06+1.3268537927909216e-05j),-9.643274665532871e-16,1.8918880980185765e-13,-1.0566861482600036e-12,1.0734887152079455e-12,-37.23104554958684,-29.760539855582287,-29.69202516620074,2e-11,(-2.5237219514698976e-06+1.4095876130152397e-05j),0.0,1.3777245838453406e-14,-3.663163717417948e-14,3.913680294753149e-14,-48.608375920590035,-44.36143671020873,-44.074146543794754,2.0846863253316614e-11,(1.6420511534091308e-07+4.730849100916118e-07j),0.3602144390948398,1.376239005017859e-14,3.6695880845258314e-14,3.9191721713936614e-14,-48.613061376508156,-44.35382683066035,-44.06805657306849,2.084686340255822e-11,(-1.6401322626998283e-07-4.7395720821838635e-07j),0.36021450127667004
670.0,2.281857632634946e-13,-6.07322214076248e-13,6.487750105133671e-13,-36.41711455136824,-32.16580833360731,-31.879058866100344,1.9999999999999996e-11,(-3.0429295372900232e-06+8.098834377020229e-06j),-9.643274665532871e-16,1.8332668027115306e-13,-6.928831369360209e-13,7.167256889142054e-13,-37.367743258106245,-31.5934000819286,-31.446470292492457,2e-11,(-2.4455229026229093e-06+9.24285312815361e-06j),0.0,2.272682773358442e-14,-4.654928810540602e-14,5.180101275025534e-14,-46.43461179934781,-43.32086956449728,-42.85661749375464,2.033847678143017e-11,(2.8726528760148795e-07+6.156536589124119e-07j),0.14576856662504964,2.27215885807178e-14,4.662539881468647e-14,5.1867122556200977e-14,-46.43561308184538,-43.31377440389113,-42.85107844788891,2.0338475782332773e-11,(-2.872125937271905e-07-6.167226575630227e-07j),0.14576813994364055
680.0,2.5850706989545077e-13,-2.310902710120751e-13,3.467399869388672e-13,-35.8752757491203,-36.36218338098179,-34.59996071509141,1.9999999999999996e-11,(-3.4472737796302635e-06+3.081662069473626e-06j),-9.643274665532871e-16,1.7179951699514808e-13,-3.4784442405117036e-13,3.879572365393596e-13,-37.64978061498006,-34.58614953994464,-34.112161428555666,2e-11,(-2.2917540035622324e-06+4.640140236590899e-06j),0.0,4.3005947392145244e-14,-6.008605291016755e-14,7.389076576555029e-14,-43.664714806766185,-42.21226324121825,-41.31409832615282,2.0013290644712663e-11,(5.653926981541119e-07+8.063482129608422e-07j),0.005770136651013594,4.302182575951024e-14,6.017996732256173e-14,7.397638784521894e-14,-43.663111629756266,-42.20548052415729,-41.309068784435524,2.0013287944532017e-11,(-5.656582674267245e-07-8.076965378170094e-07j),0.005768964756142782
690.0,3.241594488879703e-13,1.2760207216140575e-13,3.4836997161528896e-13,-34.892413146746904,-38.94142272942779,-34.57959286855585,1.9999999999999996e-11,(-4.3227690794794855e-06-1.701614109689167e-06j),-9.643274665532871e-16,1.3652283437346419e-13,-2.8293274382669986e-15,1.3655214900951674e-13,-38.64794703839216,-55.483167887029495,-38.6470146069722,2e-11,(-1.821173643124307e-06+3.7742379009249434e-08j),0.0,9.230145682836482e-14,-6.524153481581627e-14,1.1303104351354924e-13,-40.3479144428799,-41.85475830675919,-39.46802262931872,1.9857413606898592e-11,(1.23828910694782e-06+8.785364159817033e-07j),-0.0621462782292052,9.237116588808162e-14,6.534846771958559e-14,1.1314969960552795e-13,-40.344635747752676,-41.8476459123157,-39.463465946905586,1.9857409564147892e-11,(-1.2393677013871643e-06-8.800779615367865e-07j),-0.062148046580848194
700.0,4.0661001650625036e-13,4.071052197905615e-13,5.75383668089332e-13,-33.90821927075719,-33.902933291811394,-32.40042469451852,1.9999999999999996e-11,(-5.422273553307151e-06-5.428877246189837e-06j),-9.643274665532871e-16,9.625820615453388e-14,4.1478558056474995e-13,4.2580831379451177e-13,-40.16562235993861,-33.82176349655248,-33.707858633302195,2e-11,(-1.2840555851888801e-06-5.533115176953593e-06j),0.0,1.5314823068633184e-13,3.964657157707564e-15,1.531995400408633e-13,-38.1488801621034,-54.01794362180774,-38.14742538606906,1.98643991231777e-11,(2.0560257392792263e-06-6.623397504550903e-08j),-0.059091260347566635,1.5329463327769536e-13,-3.924554702730214e-15,1.5334486206377384e-13,-38.14473049181378,-54.06209613088947,-38.14330770804632,1.98644012105466e-11,(-2.0582354084252276e-06+6.571426528674151e-08j),-0.059090347626530676
710.0,3.827820089946854e-13,6.79239421411556e-13,7.796718912526684e-13,-34.170484825408224,-31.67977116632358,-31.080881226908406,1.9999999999999996e-11,(-5.1045195145155935e-06-9.05787315012422e-06j),-9.643274665532871e-16,1.740151305023926e-13,8.446567948409519e-13,8.623957135299054e-13,-37.59412988452957,-30.733197199076237,-30.642934107785507,2e-11,(-2.3213096228933247e-06-1.1267468180760157e-05j),0.0,1.0436192026944703e-13,8.438166042691046e-14,1.342075818228197e-13,-39.81457938437742,-40.737519330054546,-38.722229487661124,2.003453351848283e-11,(1.3727696598977808e-06-1.1436915365232302e-06j),0.014984783305288484,1.0446557429387393e-13,-8.443580567853762e-14,1.3432223007802046e-13,-39.810268038821434,-40.734733482671366,-38.718521064580166,2.0034544909895378e-11,(-1.3742996061626565e-06+1.1445652751237697e-06j),0.014989722003959986
720.0,3.644652882287987e-13,1.0391845026658278e-12,1.1012444673661363e-12,-34.38343827698672,-29.833073385101827,-29.58116260462659,1.9999999999999996e-11,(-4.860260232745903e-06-1.3857854988982902e-05j),-9.643274665532871e-16,2.605816917049022e-13,1.2039294346654497e-12,1.231807169042971e-12,-35.84056100790933,-29.193989674249675,-29.094572726708797,2e-11,(-3.476081572665858e-06-1.6060057386417923e-05j),0.0,5.3033744556511275e-14,8.770466950540236e-14,1.0249237588590258e-13,-42.754477075445216,-40.56977283641445,-39.89308439328528,2.037466697964792e-11,(6.67138171494958e-07-1.1641265681879264e-06j),0.16121046678080422,5.308051189177878e-14,-8.776813013998312e-14,1.0257087993657012e-13,-42.75064897587879,-40.56663153990881,-39.88975918735887,2.0374679797843327e-11,(-6.678089218228016e-07+1.1651070192906858e-06j),0.16121593128217337
730.0,3.8431097806915346e-13,1.4270236736935993e-12,1.4778672109314982e-12,-34.15317209481115,-28.455688220716077,-28.30364586340711,1.9999999999999996e-11,(-5.124908802137052e-06-1.902981336342233e-05j),-9.643274665532871e-16,3.2651042396160346e-13,1.5645651216415392e-12,1.598271903279536e-12,-34.861029491615284,-28.056063555724528,-27.963493351291948,2e-11,(-4.355551077247439e-06-2.0870829232058272e-05j),0.0,3.031545479179763e-14,7.822744222326876e-14,8.389612336710426e-14,-45.183359121037114,-41.066408695044586,-40.76258106384314,2.0899217435618592e-11,(3.5391397656488134e-07-1.010536855436225e-06j),0.3820005747256308,3.033452548747335e-14,-7.828154983708227e-14,8.395346616695325e-14,-45.18062794185689,-41.06340584661588,-40.75961368541948,2.089922985806748e-11,(-3.541760971545761e-07+1.0113528133182966e-06j),0.38200573759779927
740.0,4.274402551106282e-13,1.834327233464318e-12,1.8834706185969288e-12,-33.69124579623613,-27.3652318610832,-27.250411502314865,1.9999999999999996e-11,(-5.700051392781157e-06-2.446133553616417e-05j),-9.643274665532871e-16,3.9082026167038247e-13,1.949342910365265e-12,1.9881343664660665e-12,-34.080229288234385,-27.101117570958312,-27.015542675026914,2e-11,(-5.213425014353407e-06-2.6003649470512874e-05j),0.0,1.979785009742772e-14,7.159473775011682e-14,7.428163529425171e-14,-47.03381968400991,-41.451188973858926,-41.291185439272446,2.163157565597599e-11,(2.0594602396523453e-07-8.924573392758347e-07j),0.681163183567667,1.9802473778436277e-14,-7.164021343809391e-14,7.432669876431555e-14,-47.03280553111384,-41.44843128925068,-41.28855156047851,2.16315877690249e-11,(-2.0600310330346453e-07+8.931240817309238e-07j),0.681168047410146
750.0,4.896129126132106e-13,2.269434605301506e-12,2.321649032893989e-12,-33.101471370170806,-26.440823271162785,-26.342034325724235,1.9999999999999996e-11,(-6.529143502738792e-06-3.026363036262598e-05j),-9.643274665532871e-16,4.63962512468642e-13,2.367575662268281e-12,2.4126076617513474e-12,-33.335171084229586,-26.25696133050967,-26.175132973162935,2e-11,(-6.18912069166546e-06-3.158274887870071e-05j),0.0,1.4289738155899035e-14,6.86163840339328e-14,7.008854952455718e-14,-48.4497572911596,-41.63572172253141,-41.543529276038306,2.2606734884923143e-11,(1.2450002831697527e-07-8.17498557456336e-07j),1.064156911815176,1.4285210304539174e-14,-6.865564187904529e-14,7.012606074255582e-14,-48.45113361621554,-41.63323768168547,-41.54120556450156,2.2606746985871755e-11,(-1.2443629074059072e-07+8.1805352488544e-07j),1.0641615612029165
760.0,5.727648885883246e-13,2.7444990868983866e-12,2.8036288726551655e-12,-32.420236128365794,-25.61536909373187,-25.522794761637932,1.9999999999999996e-11,(-7.638001479502778e-06-3.659876592276714e-05j),-9.643274665532871e-16,5.533187396377093e-13,2.8296437856555215e-12,2.8832352629178864e-12,-32.5702462097791,-25.482682329072382,-25.401199191038465,2e-11,(-7.381105948316149e-06-3.7746598988483624e-05j),0.0,1.1103280256747726e-14,6.881585408093641e-14,6.970584340891814e-14,-49.54548698064812,-41.62311495679185,-41.56730813668475,2.387567176545834e-11,(7.247912409420848e-08-7.753133748677672e-07j),1.5385120813040343,1.1091631488634179e-14,-6.885084166258463e-14,6.973853086153996e-14,-49.550045679718636,-41.62090746370283,-41.56527205876688,2.387568414485512e-11,(-7.233181946948684e-08+7.757851305753406e-07j),1.5385165848860667
770.0,6.828990113618915e-13,3.27520725559239e-12,3.3456439778918623e-12,-31.656435160125746,-24.847612125845227,-24.755202757655734,1.9999999999999996e-11,(-9.106674942992372e-06-4.367592770141537e-05j),-9.643274665532871e-16,6.671163025176594e-13,3.3498108296788998e-12,3.415593177724606e-12,-31.757984462355132,-24.749797177232423,-24.66533862570528,2e-11,(-8.899131289057444e-06-4.4685471265379364e-05j),0.0,9.120920571756596e-15,7.204912875164649e-14,7.262415676582845e-14,-50.399613262486014,-41.42371266489687,-41.389188971361904,2.551252425946957e-11,(3.3981679796098275e-08-7.584762650159264e-07j),2.1144687004866065,9.102557584716218e-15,-7.208129623457411e-14,7.265376673951257e-14,-50.40836564946022,-41.42177412061443,-41.38741864755109,2.5512537200645742e-11,(-3.376718930457083e-08+7.588843823011963e-07j),2.1144731063853857
780.0,8.307366404298663e-13,3.8827469436948574e-12,3.970623023471815e-12,-30.805366341410263,-24.1086091348131,-24.011413435071567,1.9999999999999996e-11,(-1.1078136623072718e-05-5.177766216356149e-05j),-9.643274665532871e-16,8.170646664747923e-13,3.948278352855716e-12,4.031934600267049e-12,-30.877435699280824,-24.035922372466004,-23.944865209507974,2e-11,(-1.0899397468129834e-05-5.2668848437977465e-05j),0.0,7.818694541779875e-15,7.868193129561521e-14,7.906945236148769e-14,-51.06865753414546,-41.04124988601014,-41.01991269134807,2.7626618661749452e-11,(7.852614038544138e-10-7.633562995221558e-07j),2.8059547474771436,7.792900061756359e-15,-7.871241179202073e-14,7.90972380142895e-14,-51.08300893234197,-41.03956780375733,-41.0183868130758,2.762663247043405e-11,(-5.088713643933597e-10+7.637138507079598e-07j),2.8059590889668486
790.0,1.0345021311375086e-12,4.597205036410779e-12,4.712163919700659e-12,-29.852686103241947,-23.375061261831206,-23.26779610372219,1.9999999999999996e-11,(-1.3795414079329679e-05-6.13051874674549e-05j),-9.643274665532871e-16,1.0218213808741528e-12,4.6544060228007524e-12,4.765250713183461e-12,-29.90625014260415,-23.321357341196528,-23.219142449757623,2e-11,(-1.3630790595354025e-05-6.208837966208625e-05j),0.0,6.919656262076683e-15,8.973972588298492e-14,9.000611114995788e-14,-51.59915478836758,-40.47015261387398,-40.45728002242875,3.038336568705872e-11,(-3.2667742141006854e-08-7.894198315240932e-07j),3.632117701321087,6.884553840439902e-15,-8.976949673728704e-14,9.00331029457927e-14,-51.62124199330574,-40.46871209536749,-40.455977818557834,3.038338073028762e-11,(3.300823177514269e-08+7.897350762552994e-07j),3.6321220018253513
800.0,1.3261214365037747e-12,5.463297627698804e-12,5.621940859985474e-12,-28.77416704597398,-22.62545139491577,-22.50113727265942,1.9999999999999996e-11,(-1.76842500226936e-05-7.285480691069388e-05j),-9.643274665532871e-16,1.3134283497832167e-12,5.512289165683085e-12,5.666606204433248e-12,-28.815936138885824,-22.586680081239212,-22.46676967203934,2e-11,(-1.7520740055938763e-05-7.353228335679023e-05j),0.0,6.251230553130077e-15,1.0730456970695125e-13,1.0748650409899071e-13,-52.040344834830975,-39.69381782635597,-39.68646061918462,3.404235458355166e-11,(-7.178297605218336e-08-8.390568010953969e-07j),4.619791906557,6.2032916196382035e-15,-1.0733459453555345e-13,1.0751370150371504e-13,-52.07377801968561,-39.692602799497934,-39.68536185903937,3.404237134445959e-11,(7.21965581562069e-08+8.393337914792368e-07j),4.619796183093171
810.0,1.764991287912269e-12,6.550403170714336e-12,6.784023580833917e-12,-27.532574339707566,-21.83731968797845,-21.685126511687585,1.9999999999999996e-11,(-2.3536718707757438e-05-8.735170417406004e-05j),-9.643274665532871e-16,1.751120853127025e-12,6.59066074632838e-12,6.819327922563196e-12,-27.56683880167269,-21.810710430540375,-21.66258425036308,2e-11,(-2.3359426708915077e-05-8.791743664765416e-05j),0.0,5.666813129389269e-15,1.354765159506609e-13,1.3559498200587327e-13,-52.46661108553702,-38.68135980634277,-38.6775638220556,3.9031075437535324e-11,(-1.2410057834198033e-07-9.18205966134252e-07j),5.80761044114508,5.599627323516393e-15,-1.3550790435041776e-13,1.356235524074054e-13,-52.51840875980613,-38.68035371094762,-38.67664884271587,3.9031094604938596e-11,(1.2460445115556008e-07+9.184438176769336e-07j),5.807614706615778
820.0,2.47112583221755e-12,7.970302247436174e-12,8.34458991168164e-12,-26.071051393221893,-20.985252091051695,-20.785950015215775,1.9999999999999996e-11,(-3.295324685323235e-05-0.00010628650877682787j),-9.643274665532871e-16,2.4543410813158972e-12,8.000484125189882e-12,8.368484712350868e-12,-26.10065083238983,-20.96883732190934,-20.773531729076392,2e-11,(-3.274017353245422e-05-0.00010672405746552715j),0.0,4.96372008922696e-15,1.8275943780808093e-13,1.8282683234429785e-13,-53.041927169258585,-37.38120186560871,-37.37960065254845,4.6098228465029327e-11,(-2.0326437209716623e-07-1.0380557921885993e-06j),7.2530848059470445,4.865106560334811e-15,-1.8279368717060264e-13,1.828584188143044e-13,-53.12907642947823,-37.38038806820532,-37.378850399175235,4.609825109904669e-11,(2.038879405829203e-07+1.0382454755208863e-06j),7.253089070677712
830.0,3.714478427293609e-12,9.905330645420483e-12,1.0578890545890706e-11,-24.301021595752268,-20.041310228932407,-19.75559876257591,1.9999999999999996e-11,(-4.953374811988793e-05-0.00013209072628588505j),-9.643274665532871e-16,3.691578143482991e-12,9.922912995073092e-12,1.0587348652860724e-11,-24.327879339801687,-20.03360816557992,-19.752127848971035,2e-11,(-4.9244544674877674e-05-0.00013236868171230483j),0.0,3.7022782605145505e-15,2.685810924561859e-13,2.6860660842443277e-13,-54.31530943102159,-35.70924564008972,-35.708833067568044,5.6659921748345105e-11,(-3.3892760540073237e-07-1.218095313030158e-06j),9.0449194945438,3.546925905043322e-15,-2.6862054734269645e-13,2.686439635243377e-13,-54.501478838051725,-35.70860770311198,-35.70822913656702,5.6659949620668023e-11,(3.39720864856795e-07+1.2182099650467413e-06j),9.044923767332286
840.0,6.189880749057319e-12,1.2617516491124861e-11,1.4054050878353837e-11,-22.083177177852527,-18.990261189699574,-18.521984785668145,1.9999999999999996e-11,(-8.254402331778912e-05-0.00016825858488705357j),-9.643274665532871e-16,6.153747527340387e-12,1.2618342230344522e-11,1.4038916242799652e-11,-22.10860325724594,-18.989976979845117,-18.52666416988153,2e-11,(-8.20891454141388e-05-0.00016832489887341857j),0.0,6.043784325436552e-16,4.435961618707657e-13,4.435965735888458e-13,-62.18691042007406,-33.53012220154885,-33.530118170702266,7.364362398105953e-11,(-6.068914271692731e-07-1.48746857705101e-06j),11.322103123949566,3.324686489270205e-16,-4.4364500217371587e-13,4.4364512675010743e-13,-64.78249301458432,-33.52964406606671,-33.52964284655941,7.364366034417532e-11,(6.079402011293684e-07+1.4874326293291687e-06j),11.322107412792448
850.0,1.194796672896337e-11,1.604566792173988e-11,2.0005433462216404e-11,-19.227059954291192,-17.94642200121078,-16.98852034227036,1.9999999999999996e-11,(-0.0001593299264167437-0.00021397407167873255j),-9.643274665532871e-16,1.1879763190294421e-11,1.6025733609089588e-11,1.9948757133389985e-11,-19.251922164401314,-17.95182080680468,-17.00084156965943,2e-11,(-0.00015847247611003106-0.0002137784773847189j),0.0,8.91089317835363e-15,8.59602406213262e-13,8.59648591451685e-13,-50.500787625187826,-30.65702377494602,-30.656790440846173,1.034536824632922e-10,(-1.231599148118469e-06-1.8424420635133673e-06j),14.27431916897371,9.464180796484941e-15,-8.596684956830864e-13,8.597205901850725e-13,-50.23916971870641,-30.656689885830126,-30.65642671846512,1.0345373382868509e-10,(1.2330295950224425e-06+1.8420194863568044e-06j),14.27432348157054
860.0,2.60201928308472e-11,1.5164415845964186e-11,3.011660576664976e-11,-15.846894892862478,-18.191743146484455,-15.211939760264098,1.9999999999999996e-11,(-0.000346987525420408-0.0002022222957010198j),-9.643274665532871e-16,2.587194986009857e-11,1.514813952640004e-11,2.998039227019449e-11,-15.871708391006154,-18.19640703335569,-15.231626890438983,2e-11,(-0.0003451240475461684-0.0002020716356677942j),0.0,4.110182806528327e-14,1.902046582547515e-12,1.9024906208575613e-12,-43.86138861797667,-27.207788510707363,-27.206774755927885,1.550000066169531e-10,(-2.7716582393147006e-06-1.7418360362418324e-06j),17.786034420927,4.237781229879711e-14,-1.902136197080285e-12,1.90260820749262e-12,-43.728614669523616,-27.207583898577283,-27.206506341208208,1.550000841375679e-10,(2.7733179947076194e-06+1.7402913833445455e-06j),17.78603876502576
870.0,3.401515629013869e-11,-8.112779065962906e-12,3.4969244224256373e-11,-14.68327529237035,-20.908303509344684,-14.563137538154887,1.9999999999999996e-11,(-0.00045360289928025687+0.000108186482347806j),-9.643274665532871e-16,3.382021380558782e-11,-7.996441901521378e-12,3.475269694484271e-11,-14.708236511944131,-20.971032137923725,-14.590114868202122,2e-11,(-0.000451151503484585+0.0001066701354147693j),0.0,8.312862992748986e-14,2.554551921659983e-12,2.5559041237046303e-12,-40.802493772009115,-25.92685265789993,-25.9245544133014,1.8061906462618327e-10,(-3.684765755931577e-06+8.160199517805625e-07j),19.114671863963352,8.490371060055559e-14,-2.5546046684387997e-12,2.5560151901119548e-12,-40.710733290949015,-25.926762985036802,-25.92436569542511,1.8061915578165937e-10,(3.68478904605329e-06-8.187048276069323e-07j),19.11467624758812
880.0,1.6371643957372013e-11,-1.8250693016721583e-11,2.451771852064473e-11,-17.859077087512993,-17.38720639830866,-16.10519945246356,1.9999999999999996e-11,(-0.0002183210655186959+0.00024337878078951785j),-9.643274665532871e-16,1.6277755705856614e-11,-1.8075162968537788e-11,2.4324408464724222e-11,-17.88405473633023,-17.429177783478096,-16.139577123599118,2e-11,(-0.0002171403765294545+0.0002411172500523164j),0.0,5.527564705758009e-14,1.2760091313162569e-12,1.2772058175408154e-12,-42.574661648615646,-28.941462177260846,-28.937391119614997,1.2816059222746364e-10,(-1.7726059013745833e-06+1.980414784226339e-06j),16.13449019893393,5.618930002177849e-14,-1.2760057307724697e-12,1.277242288057016e-12,-42.503463780950376,-28.941473751154273,-28.9372671089224,1.2816065761571883e-10,(1.7714476504670226e-06-1.981968469940633e-06j),16.134494630522557
890.0,7.211782638877678e-12,-1.4678633794185416e-11,1.6354574249861095e-11,-21.419573712672406,-18.33314364260395,-17.863607571545725,1.9999999999999996e-11,(-9.617140918215669e-05+0.0001957442379427185j),-9.643274665532871e-16,7.171231013690118e-12,-1.4522838811245589e-11,1.6196894807003354e-11,-21.444062869314347,-18.379484828401687,-17.905682383861357,2e-11,(-9.566206979824118e-05+0.0001937303117662491j),0.0,3.183636286425578e-14,5.885556545515277e-13,5.894160775759359e-13,-44.970765539434765,-32.30212463454717,-32.2957802201972,8.726496932807428e-11,(-7.639240515886867e-07+1.6313760946869199e-06j),12.796198894233763,3.226872089866426e-14,-5.885421357003623e-13,5.894260902294533e-13,-44.91218249274175,-32.30222439112664,-32.29570644543259,8.726501442264627e-11,(7.62829338692762e-07-1.6321539668540766e-06j),12.796203382705798
900.0,3.736541515985015e-12,-1.1144989252792243e-11,1.1754681107777198e-11,-24.275301880196047,-19.529203459773974,-19.2978914833498,1.9999999999999996e-11,(-4.9827966406352217e-05+0.00014862196705471185j),-9.643274665532871e-16,3.716768635087876e-12,-1.100891005792415e-11,1.1619400576201704e-11,-24.29834472434535,-19.5825567641978,-19.348162758323223,2e-11,(-4.958057827378953e-05+0.0001468555566475587j),0.0,2.0913420615233477e-14,3.216733116114125e-13,3.223524322304433e-13,-46.79574927831549,-34.92584969874228,-34.916690485790575,6.459789335388638e-11,(-3.7606885201235495e-07+1.2766284935582666e-06j),10.183767189748806,2.1154974510628314e-14,-3.216603160462505e-13,3.223552262109598e-13,-46.745874936085144,-34.92602515676273,-34.916652843603295,6.45979272282138e-11,(3.7515819206636295e-07-1.2770702140760093e-06j),10.183771744519515
910.0,2.20760091812282e-12,-8.674512185984342e-12,8.95101466195244e-12,-26.560794339872817,-20.61754938541924,-20.481277314874525,1.9999999999999996e-11,(-2.9439058529464303e-05+0.000115677371694016j),-9.643274665532871e-16,2.197418271789268e-12,-8.552024578701642e-12,8.829822843970898e-12,-26.58087268595939,-20.679310596258507,-20.540480097471978,2e-11,(-2.931290035009866e-05+0.00011408144161054667j),0.0,1.5372175915486404e-14,2.0159185142770774e-13,2.0217709651300182e-13,-48.13264654217585,-36.95527026549448,-36.94268044696599,5.114427102993189e-11,(-2.0212644769410385e-07+1.034723799088952e-06j),8.155339944679666,1.5526456400230996e-14,-2.015807490417671e-13,2.0217781587649065e-13,-48.08927651897412,-36.95550945362113,-36.942664994422486,5.114429829793208e-11,(2.01359285174789e-07-1.035002463228507e-06j),8.155344575633874
920.0,1.4328479070742628e-12,-6.9284011429869165e-12,7.075012051081574e-12,-28.437999063395296,-21.593669753293042,-21.50272816056143,1.9999999999999996e-11,(-1.9107481363093406e-05+9.239242704131341e-05j),-9.643274665532871e-16,1.4279367407771242e-12,-6.81525102715402e-12,6.963235591216566e-12,-28.452910318735427,-21.665181431015007,-21.571889108369916,2e-11,(-1.9048247630416794e-05+9.091340359939979e-05j),0.0,1.2254054591146755e-14,1.3923863925907428e-13,1.3977682396106097e-13,-49.11720189241458,-38.562402296075355,-38.54564831882342,4.246247528135693e-11,(-1.1115375639361471e-07+8.708463210414953e-07j),6.539506227974306,1.2362398108835928e-14,-1.3922929835102464e-13,1.3977705965686925e-13,-49.07897274844929,-38.56269365491962,-38.545640995627785,4.246249834337688e-11,(1.104895550260602e-07-8.710355571563273e-07j),6.539510945412571
930.0,9.981677249759545e-13,-5.636119372210785e-12,5.723825677376396e-12,-30.007964768376144,-22.49019817169597,-22.42313601415816,1.9999999999999996e-11,(-1.3310883247310966e-05+7.515943969558081e-05j),-9.643274665532871e-16,9.96619911209528e-13,-5.5295789019918236e-12,5.618673694100094e-12,-30.014704404219916,-22.573079405767903,-22.503661889349395,2e-11,(-1.3294610552419522e-05+7.376292325088963e-05j),0.0,1.0379930255169195e-14,1.0326405510893842e-13,1.0378443057435951e-13,-49.83805564589383,-39.86050824506148,-39.838677931426936,3.649244713530129e-11,(-5.732611007542657e-08+7.563202683468496e-07j),5.223459837829623,1.0461483129591424e-14,-1.0325615504981184e-13,1.0378475892413832e-13,-49.8040674096233,-39.86084050814454,-39.838664191382236,3.649246736298967e-11,(5.6736036108423365e-08-7.564558921777369e-07j),5.223464652399046
940.0,7.363859329985781e-13,-4.635731612939877e-12,4.693854687730367e-12,-31.328945163106706,-23.338817155887845,-23.28470359410136,1.9999999999999996e-11,(-9.819940009924038e-06+6.181895158671627e-05j),-9.643274665532871e-16,7.37287328149754e-13,-4.533990113750291e-12,4.593545357981739e-12,-31.32363230306762,-23.435194311765013,-23.378519909195287,2e-11,(-9.835191714250398e-06+6.048206756944646e-05j),0.0,9.227565584982779e-15,8.087154370723672e-14,8.139628092374158e-14,-50.34912859370464,-40.92204266829586,-40.89395438000181,3.219466699413405e-11,(-2.1947140486171196e-08+6.739237794531402e-07j),4.135078833159943,9.292320883419282e-15,-8.086480190955628e-14,8.139694966810615e-14,-50.31875801509325,-40.922404729837595,-40.89391869891283,3.2194685240072976e-11,(2.1411000795070218e-08-6.740252620807732e-07j),4.13508375578166
950.0,5.71054688273389e-13,-3.830553687943527e-12,3.872885876606329e-12,-32.43322298622721,-24.167384463345606,-24.119653003003528,1.9999999999999996e-11,(-7.6151954158002364e-06+5.108164854158257e-05j),-9.643274665532871e-16,5.739695530166648e-13,-3.7323473429750685e-12,3.776222680987339e-12,-32.41111144723214,-24.280179463515946,-24.229424036026398,2e-11,(-7.65658160194895e-06+4.978839356218647e-05j),0.0,8.545438838840199e-15,6.61488101727686e-14,6.669849782582314e-14,-50.68265629796019,-41.794779631174215,-41.758839470924805,2.89982466190085e-11,(3.7188494460170915e-09+6.134183835321162e-07j),3.2268348676578436,8.599127948790407e-15,-6.614301054343167e-14,6.669964651501672e-14,-50.65545589015883,-41.795160417681814,-41.75876467687416,2.8998263451311803e-11,(-4.215756513341532e-09-6.134972923954549e-07j),3.226839909462209
960.0,4.636529710921217e-13,-3.1606057336349527e-12,3.194433076633269e-12,-33.338069529094206,-25.00229676380004,-24.956062059050858,1.9999999999999996e-11,(-6.182959447646686e-06+4.214768005267846e-05j),-9.643274665532871e-16,4.684177590933118e-13,-3.065008381756723e-12,3.1005953585195484e-12,-33.293666479079114,-25.135683334960667,-25.08554907425562,2e-11,(-6.248552344719713e-06+4.08862920728767e-05j),0.0,8.20972083061369e-15,5.608664164393568e-14,5.668430900180289e-14,-50.85671610698508,-42.51140563898001,-42.465371431709606,2.656706301401516e-11,(2.429871598419584e-08+5.685175645983853e-07j),2.4662710038245574,8.25590030844176e-15,-5.60816261080359e-14,5.668605363600876e-14,-50.83235559873239,-42.511794023254836,-42.46523776626283,2.6567078834182356e-11,(-2.4767737619624396e-08-5.685812955518359e-07j),2.4662761761006706
970.0,3.93250823979996e-13,-2.5870088255001567e-12,2.6167271301717047e-12,-34.05330358724789,-25.8720208969881,-25.822415628164933,1.9999999999999996e-11,(-5.2441244832201535e-06+3.4498583328593586e-05j),-9.643274665532871e-16,3.99893791825492e-13,-2.4933131075564284e-12,2.5251782703510783e-12,-33.98055338044173,-26.03223179841403,-25.97707956516878,2e-11,(-5.334463183861195e-06+3.326004866787846e-05j),0.0,8.16750579748039e-15,4.9032640599400855e-14,4.97082286457875e-14,-50.87910548580367,-43.09514717668193,-43.03571712682096,2.4692017529093592e-11,(4.261448569578822e-08+5.352061546282797e-07j),1.8305316188180873,8.208549802394734e-15,-4.902829576852337e-14,4.971070383553426e-14,-50.857335625454326,-43.09553202637765,-43.03550087801963,2.469203263602746e-11,(-4.306506019544023e-08-5.352597392952404e-07j),1.8305369329695151
980.0,3.477868329459816e-13,-2.083469717056194e-12,2.1122977401542648e-12,-34.58686864217002,-26.812128075709794,-26.752448655926074,1.9999999999999996e-11,(-4.637847740876939e-06+2.77837295868398e-05j),-9.643274665532871e-16,3.565125975181292e-13,-1.9911221566103974e-12,2.02278735282134e-12,-34.47925119568224,-27.009020949126178,-26.940497703930006,2e-11,(-4.75577106951714e-06+2.6560972078415192e-05j),0.0,8.415859104609439e-15,4.4021303743063393e-14,4.481854379280617e-14,-50.74901543936873,-43.56337099446603,-43.48542258310167,2.323736822336931e-11,(6.074717665720701e-08+5.107919573300826e-07j),1.3031388857076862,8.453481758049985e-15,-4.4017547483130993e-14,4.482193481168986e-14,-50.729643801783986,-43.563741586071785,-43.48509400368914,2.3237382850453636e-11,(-6.118793617668554e-08-5.108389736745017e-07j),1.3031443531598939
990.0,3.1998190537610767e-13,-1.631471457084696e-12,1.6625545209256102e-12,-34.9487457985977,-27.87420519877362,-27.792241037698847,1.9999999999999996e-11,(-4.267060211565224e-06+2.175618940904729e-05j),-9.643274665532871e-16,3.312057181032824e-13,-1.5400498635171317e-12,1.5752621400336667e-12,-34.79902173942515,-28.124652174104483,-28.026471647334258,2e-11,(-4.4181848921457584e-06+2.0543803045153693e-05j),0.0,9.00055976598503e-15,4.045289310544755e-14,4.144208774545311e-14,-50.45730479925262,-43.93050413117205,-43.825583740762646,2.211216724616071e-11,(8.066486285232875e-08+4.932931256403498e-07j),0.8720262968850523,9.036125757649736e-15,-4.0449657219417167e-14,4.144666859804788e-14,-50.4401773354259,-43.930851543569354,-43.82510371449754,2.2112181583510827e-11,(-8.110468252354329e-08-4.933360813304409e-07j),0.8720319287437068
1000.0,3.052751237897648e-13,-1.2174305530366823e-12,1.2551215290449201e-12,-35.15308583978459,-29.145558032494034,-29.013142209253378,1.9999999999999996e-11,(-4.070940613885156e-06+1.6234822613174424e-05j),-9.643274665532871e-16,3.1971676294173477e-13,-1.1266791074869812e-12,1.1711637886109704e-12,-34.95234592811065,-29.48199758924449,-29.313823640943912,2e-11,(-4.26492567786655e-06+1.5029561202934779e-05j),0.0,1.003203544950465e-14,3.7915380695046994e-14,3.922012020010214e-14,-49.986109418744974,-44.21184579056869,-44.06491079659538,2.125421126889412e-11,(1.0477021905885961e-07+4.808621325504926e-07j),0.5282999505788648,1.006678373102417e-14,-3.791257615054183e-14,3.922631215214918e-14,-49.971092614205695,-44.21216704364053,-44.06422519993249,2.12542254755371e-11,(-1.0521952037034404e-07-4.809023150316039e-07j),0.5283057563596707
1010.0,3.0070373634276035e-13,-8.309057319215232e-13,8.836442001114129e-13,-35.21861175614274,-30.80448245083021,-30.537225687349768,1.9999999999999996e-11,(-4.009979712162188e-06+1.1080391511752487e-05j),-9.643274665532871e-16,3.195703483595542e-13,-7.409021300879331e-13,8.068836185717761e-13,-34.954335239176025,-31.302391566224948,-30.93189101531969,2e-11,(-4.26297255127597e-06+9.883412087385323e-06j),0.0,1.1722163154812383e-14,3.6042149154340726e-14,3.790046997982723e-14,-49.30992238188865,-44.43189320410994,-44.213554045865436,2.0620629610093556e-11,(1.365742771793985e-07+4.707918176017757e-07j),0.2654385161600726,1.175742090501238e-14,-3.60395718993011e-14,3.790893943415611e-14,-49.296879341750966,-44.432203764853014,-44.212583655165,2.062064381418176e-11,(-1.370469955318876e-07-4.708280634893609e-07j),0.26544449925090857
1020.0,3.0426647585121395e-13,-4.633004091551626e-13,5.542791331542786e-13,-35.16745895669685,-33.34137316257559,-32.56271470905165,1.9999999999999996e-11,(-4.057489973665333e-06+6.178257922379055e-06j),-9.643274665532871e-16,3.295282129650404e-13,-3.750082880587788e-13,4.992194499943977e-13,-34.821073968195805,-34.25959133823169,-33.01708502530988,2e-11,(-4.395807476982996e-06+5.0024980311906046e-06j),0.0,1.442885980031378e-14,3.428436789897682e-14,3.719690682529266e-14,-48.40767986439193,-44.64903853213832,-44.29493173143901,2.018219834486234e-11,(1.8136061831007636e-07+4.568800224828782e-07j),0.0787694863281434,1.4466293549465004e-14,-3.428140659995499e-14,3.72087152093529e-14,-48.396427264627846,-44.64941366851931,-44.29355325601192,2.018221261495882e-11,(-1.8187710630744596e-07-4.5690433018793655e-07j),0.07877562780179417
1030.0,3.147753432062739e-13,-1.0655132252249447e-13,3.3232017847539767e-13,-35.019992938760105,-39.72441155422731,-34.78443287567343,1.9999999999999996e-11,(-4.197629053425749e-06+1.4208956856200353e-06j),-9.643274665532871e-16,3.490802322609497e-13,-2.3510019291455758e-14,3.4987101846601016e-13,-34.57074743746867,-46.28747014508861,-34.56092030771098,2e-11,(-4.656625547271237e-06+3.1361660252246637e-07j),0.0,1.849358851786651e-14,3.133747065998108e-14,3.6387496253979044e-14,-47.32978809647002,-45.039360596460696,-44.3904782626289,1.9919867371293038e-11,(2.438078913058572e-07+4.218146681264454e-07j),-0.03487106295908586,1.8535310557950165e-14,-3.1332180751245855e-14,3.6404165807066644e-14,-47.3200013299702,-45.040093767342356,-44.388489162547025,1.991988159472768e-11,(-2.4439555168978906e-07-4.217981109312133e-07j),-0.03486486095295915
1040.0,3.3357169648682857e-13,2.4822217586507943e-13,4.1579360900366815e-13,-34.76810806298879,-36.05159421767111,-33.81122190319056,1.9999999999999996e-11,(-4.4482843869256395e-06-3.3101214552024852e-06j),-9.643274665532871e-16,3.7637250017866745e-13,3.1657022183765894e-13,4.918058196535353e-13,-34.243821160018435,-34.9952993944149,-33.082063364585,2e-11,(-5.02069621150069e-06-4.222951763744065e-06j),0.0,2.2444076240484507e-14,2.4300846112891038e-14,3.307971704974353e-14,-46.48898264707242,-46.14378604765376,-44.80438213879484,1.9822683175779044e-11,(3.027728703393156e-07+3.2625873825930017e-07j),-0.07735111860407892,2.249079811897918e-14,-2.4287904339471033e-14,3.310193796791924e-14,-46.47995132713841,-46.1460995629687,-44.80146579513236,1.9822696736648168e-11,(-3.0343645029324874e-07-3.261211661996203e-07j),-0.07734517651383484
1050.0,3.686821156836704e-13,6.057022286254874e-13,7.090851092688871e-13,-34.33347928974509,-32.177408283872666,-31.49301634679413,1.9999999999999996e-11,(-4.916492964501685e-06-8.077231357149061e-06j),-9.643274665532871e-16,4.0390758308886346e-13,6.515588469896252e-13,7.665965475836276e-13,-33.93717993171348,-31.860463539057772,-31.154331409501197,2e-11,(-5.388005954866509e-06-8.69159950075434e-06j),0.0,1.8822053149914125e-14,1.3784641843894645e-14,2.3329938609920158e-14,-47.25333004551497,-48.60604513362408,-46.32086404001275,1.988657854873952e-11,(2.550301017409904e-07+1.8131273916633722e-07j),-0.04939851446104741,1.8865991717227664e-14,-1.3758637237358941e-14,2.335006942395981e-14,-47.24320360566389,-48.61424579879899,-46.317118238602745,1.988659063429717e-11,(-2.556443017952043e-07-1.8097687252385095e-07j),-0.04939323583617942
1060.0,4.2001639702404554e-13,9.588242231798938e-13,1.0467844404296367e-12,-33.76733754844815,-30.1826100273551,-29.801427414064126,1.9999999999999996e-11,(-5.601051890230131e-06-1.2786225170472882e-05j),-9.643274665532871e-16,4.3341051805996836e-13,9.99349822756615e-13,1.0892863468384646e-12,-33.631005533762,-30.002824602236196,-29.628579397988926,2e-11,(-5.781566254216916e-06-1.333102675327289e-05j),0.0,8.215145249135257e-15,1.1791584377179914e-14,1.437115421907868e-14,-50.853847535508564,-49.2842783697132,-48.42508350108888,2.0113843291199862e-11,(1.129720952369999e-07+1.5342007488603168e-07j),0.049301330266475096,8.24794297589174e-15,-1.1760674408214862e-14,1.4364610188571142e-14,-50.83654350311975,-49.29567773211559,-48.42706154931314,2.0113854979606984e-11,(-1.1340946101458936e-07-1.5301688632271692e-07j),0.049306377744639245
1070.0,4.772061312140223e-13,1.3149664706116206e-12,1.398879019251142e-12,-33.21293985086961,-28.81085320797038,-28.54219843437816,1.9999999999999996e-11,(-6.363695137151249e-06-1.753549501398826e-05j),-9.643274665532871e-16,4.780663663546788e-13,1.3638091206904608e-12,1.4451722279085127e-12,-33.20511809369219,-28.652464094682347,-28.400803929260295,2e-11,(-6.37726187025733e-06-1.8192804421710458e-05j),0.0,1.9439013405931856e-15,1.6969856576450375e-14,1.7080830912085513e-14,-57.11325780728298,-47.70321828178459,-47.674910064950026,2.0513698992542613e-11,(3.3721813933914995e-08+2.1942314885953767e-07j),0.22027965898766322,1.97015993315719e-15,-1.694176456459422e-14,1.7055934941373292e-14,-57.054985173570174,-47.71041357833184,-47.681244692351626,2.0513711603915526e-11,(-3.405286109530563e-08-2.190705802269103e-07j),0.22028499888076059
1080.0,5.428256022965196e-13,1.687159966376936e-12,1.7723341633714572e-12,-32.65339677088412,-27.72843738263746,-27.514543910120896,1.9999999999999996e-11,(-7.2387515995814105e-06-2.2498813345744556e-05j),-9.643274665532871e-16,5.395897489640517e-13,1.7443800729876811e-12,1.825929608781126e-12,-32.67936309575809,-27.583588831548376,-27.385159689195646,2e-11,(-7.197965332489437e-06-2.3269506724612025e-05j),0.0,2.469413119608824e-16,2.2915532145910804e-14,2.2916862646135147e-14,-66.07406248845707,-46.3987005308866,-46.39844838220077,2.1103104307071676e-11,(1.1823807611256895e-08+2.893111331452019e-07j),0.46632699766599983,2.221661340736892e-16,-2.2890572067412568e-14,2.289165016691758e-14,-66.53322142091173,-46.40343353563289,-46.403228996559335,2.110311815831859e-11,(-1.2121523618392154e-08-2.8901358980972926e-07j),0.4663326987401551
1090.0,6.226385199760482e-13,2.083814075986212e-12,2.1748470819430577e-12,-32.057640148845444,-26.811410326735313,-26.62571273791194,1.9999999999999996e-11,(-8.303082174771106e-06-2.778832172240775e-05j),-9.643274665532871e-16,6.186021275267796e-13,2.1472296952412333e-12,2.234561244698032e-12,-32.085885906833866,-26.681214953681113,-26.508077377277676,2e-11,(-8.251966752686793e-06-2.8643399799405628e-05j),0.0,7.861299440014501e-16,2.86738761888181e-14,2.8684650529168475e-14,-61.04505660960108,-45.42513594335473,-45.423504368457984,2.19083766042887e-11,(1.3463984454250146e-08+3.488651129876421e-07j),0.7916040433019832,7.603044222192052e-16,-2.865079166027727e-14,2.866087796239082e-14,-61.19012483484293,-45.42863373384553,-45.4271051008726,2.190839176712671e-11,(-1.3760608284129269e-08-3.4860456125225844e-07j),0.7916100548241665
1100.0,7.224280846835218e-13,2.513523407220607e-12,2.615282442908488e-12,-31.412053789930084,-25.99717066043858,-25.82481401721095,1.9999999999999996e-11,(-9.633807674990181e-06-3.351863196508655e-05j),-9.643274665532871e-16,7.187524726240427e-13,2.581573867275904e-12,2.6797628158299835e-12,-31.43420648256914,-25.88115443852724,-25.719036434095234,2e-11,(-9.587942303428732e-06-3.443742071747662e-05j),0.0,6.869605603001175e-16,3.47894200682594e-14,3.4796201854472824e-14,-61.63068195889075,-44.585528107825645,-44.584681584576195,2.2968226687264333e-11,(2.5065851997615576e-08+4.032014162159761e-07j),1.2019494031892899,6.585666690208973e-16,-3.476710088936482e-14,3.477333769296265e-14,-61.8140025331832,-44.58831522150924,-44.58753621883116,2.2968243273426687e-11,(-2.5376041192305842e-08-4.0296309410202735e-07j),1.2019556755726861
1110.0,8.496024288006252e-13,2.987292115403922e-12,3.1057589200996206e-12,-30.70784254721644,-25.24722307390839,-25.078322587600375,1.9999999999999996e-11,(-1.1329717895526406e-05-3.9836487975717806e-05j),-9.643274665532871e-16,8.467187536711872e-13,3.059069347259032e-12,3.1740885178517453e-12,-30.722608210884907,-25.144106777094827,-24.9838096596223,2e-11,(-1.1294974092808246e-05-4.080706713484754e-05j),0.0,2.7968104299649826e-16,4.198408227969802e-14,4.198501383058323e-14,-65.53336969456234,-43.769153355166004,-43.76905699414087,2.4338619623411772e-11,(4.270725230495628e-08+4.5801867050869285e-07j),1.7053189541369818,2.473648823301795e-16,-4.1961645503050426e-14,4.196237460760154e-14,-66.06661955849857,-43.77147489523223,-43.7713994350522,2.4338637831920792e-11,(-4.303996112826941e-08-4.5779212448888534e-07j),1.705325452329694
1120.0,1.0150518238464623e-12,3.519845970095156e-12,3.6632834804706475e-12,-29.93511784119248,-24.534763410108923,-24.361294724791996,1.9999999999999996e-11,(-1.3536038061655214e-05-4.69382625626202e-05j),-9.643274665532871e-16,1.0131475207225543e-12,3.594870033221341e-12,3.734910769282054e-12,-29.943273139968447,-24.443168062199327,-24.277197694500103,2e-11,(-1.3515083903761138e-05-4.795448750390592e-05j),0.0,3.593144754282549e-16,5.11172722167643e-14,5.111853505114398e-14,-64.4452528635232,-42.914323295917384,-42.91421600630578,2.6100665650848504e-11,(6.619983102770694e-08+5.180613940054395e-07j),2.312431754408606,3.971743938996897e-16,-5.1093936095275015e-14,5.109547977274718e-14,-64.0101875853148,-42.9163063952536,-42.91617518585147,2.6100685784964985e-11,(-6.656285467770345e-08-5.178386456077291e-07j),2.312438454722253
1130.0,1.2358261399160827e-12,4.131376673597124e-12,4.3122545689282214e-12,-29.080426229252524,-23.839052069098724,-23.652956089953904,1.9999999999999996e-11,(-1.6480133599585413e-05-5.509321848113251e-05j),-9.643274665532871e-16,1.2350220150120642e-12,4.209446561112111e-12,4.386880409633141e-12,-29.083253007743217,-23.75774999474263,-23.57844204697936,2e-11,(-1.6474823078060974e-05-5.615275396543986e-05j),0.0,1.2725657074367796e-15,6.338936450068951e-14,6.340213683529143e-14,-58.953197841263865,-41.97983602151786,-41.97896104892128,2.837375988551487e-11,(9.737616758608935e-08+5.878769901460889e-07j),3.0377378701996567,1.318226911865181e-15,-6.336432422632492e-14,6.33780348926187e-14,-58.80009826396922,-41.98155192473655,-41.98061230726702,2.8373782381488787e-11,(-9.77782313133317e-08-5.876509070604551e-07j),3.0377447567550546
1140.0,1.5399607554916948e-12,4.850216990993928e-12,5.088819508312389e-12,-28.12490346624947,-23.14238831318721,-22.933829525328875,1.9999999999999996e-11,(-2.053586517464741e-05-6.467918214125718e-05j),-9.643274665532871e-16,1.5403901952760127e-12,4.931333340252508e-12,5.16631885063131e-12,-28.12369254364469,-23.07035639744413,-22.868187939047658,2e-11,(-2.0548342968691296e-05-6.578250697726217e-05j),0.0,2.6019105153892567e-15,8.070542121613981e-14,8.074735260059393e-14,-55.84707643724062,-40.93097291483916,-40.92871707632169,3.1338214551959394e-11,(1.400977265880752e-07+6.726911081525727e-07j),3.9008850778591926,2.658786115641822e-15,-8.0677723674815e-14,8.072152278642007e-14,-55.753165978066846,-40.93246363922502,-40.93010653863548,3.1338240032873706e-11,(-1.4054997253047003e-07-6.724539108010007e-07j),3.900892140301094
1150.0,1.9760763205509793e-12,5.716843542219717e-12,6.048733562561801e-12,-27.041962859862153,-22.42843693334166,-22.18335545077311,1.9999999999999996e-11,(-2.6351604577540878e-05-7.623592210964688e-05j),-9.643274665532871e-16,1.9779421209053033e-12,5.80117875245933e-12,6.129105150969181e-12,-27.03786420999313,-22.36483752355076,-22.12602927824925,2e-11,(-2.6385154357140143e-05-7.738598375514812e-05j),0.0,4.636571739383981e-15,1.0637581044277298e-13,1.0647680895317639e-13,-53.33803016205059,-39.731571181460545,-39.72744972886437,3.527589473014797e-11,(2.0143609595069284e-07+7.793266083278543e-07j),4.928960845064177,4.710160236727675e-15,-1.0634419265858919e-13,1.0644845194582581e-13,-53.2696431819108,-39.7328622146593,-39.728606500196854,3.5275924102100944e-11,(-2.0195375731411685e-07-7.790679572279162e-07j),4.928968077238944
1160.0,2.63396541101907e-12,6.789082572915054e-12,7.282129906030499e-12,-25.793899324502352,-21.681889091421827,-21.37741577946844,1.9999999999999996e-11,(-3.5124764291867754e-05-9.053456971532792e-05j),-9.643274665532871e-16,2.637615517670185e-12,6.876984227040321e-12,7.365455021790297e-12,-25.78788510807765,-21.6260197174889,-21.32800418224136,2e-11,(-3.518499951690338e-05-9.17369059611447e-05j),0.0,7.956708785409514e-15,1.4662584357932779e-13,1.4684157183864968e-13,-50.99266536774174,-38.33789476252078,-38.33150975317612,4.064663262589025e-11,(2.9467206932127194e-07+9.172460985115844e-07j),6.159891531781966,8.05646249570269e-15,-1.4658847777158962e-13,1.4680970132568382e-13,-50.93855610283867,-38.339001650078366,-38.332452448763426,4.064666725143304e-11,(-2.9527686277631404e-07-9.169497387741899e-07j),6.159898931005366
1170.0,3.692236147774566e-12,8.144595949540008e-12,8.942429812539579e-12,-24.327105301825153,-20.891304560132724,-20.485444598618425,1.9999999999999996e-11,(-4.92371402668949e-05-0.00010861077058313061j),-9.643274665532871e-16,3.698311719867355e-12,8.23661286475672e-12,9.028803966261763e-12,-24.31996486223678,-20.84251346138577,-20.443697762928426,2e-11,(-4.9334368563250976e-05-0.00010987394399444968j),0.0,1.380084368367358e-14,2.1416826906637424e-13,2.1461246646285034e-13,-48.60094363166594,-36.692448733276265,-36.683450542303966,4.823825025620064e-11,(4.4647308189868026e-07+1.099260730548835e-06j),7.647231012206959,1.39442762371294e-14,-2.1412231293213018e-13,2.1457587873566417e-13,-48.5560402240748,-36.69338074048946,-36.68419100267474,4.823829227874969e-11,(-4.4719672239235853e-07-1.098897302565539e-06j),7.647238578879929
1180.0,5.536486052381176e-12,9.854654730091435e-12,1.1303402039099768e-11,-22.567657898300343,-20.063585871575313,-19.467908251499612,1.9999999999999996e-11,(-7.383079777037143e-05-0.00013141494687976193j),-9.643274665532871e-16,5.546264551649325e-12,9.95154210020998e-12,1.1392727533349226e-11,-22.55999418822116,-20.021096153629777,-19.433722890135638,2e-11,(-7.398550481033426e-05-0.00013275058538388338j),0.0,2.5056104454673138e-14,3.3737859398427545e-13,3.3830773572185734e-13,-46.01086449117936,-34.71882476013122,-34.70688071550163,5.946450255148976e-11,(7.149494361831328e-07+1.3382205614103255e-06j),9.464555889861813,2.527862582143218e-14,-3.3731938337916266e-13,3.3826524404188864e-13,-45.97246538553823,-34.719587022358155,-34.707426226561445,5.94645555227688e-11,(-7.158373494224356e-07-1.3377300557518559e-06j),9.4645636272927
1190.0,9.052005637069771e-12,1.1776472093703326e-11,1.48534205160736e-11,-20.432551842635384,-19.289847927160974,-18.28173523437839,1.9999999999999996e-11,(-0.00012071136661119656-0.00015704299105471164j),-9.643274665532871e-16,9.068249082768532e-12,1.1878896824195448e-11,1.4944608766609217e-11,-20.424765593675048,-19.25223889776593,-18.255154498268933,2e-11,(-0.00012096772158748998-0.00015846091904624766j),0.0,4.9034899119061434e-14,5.844472485239516e-13,5.865006458980537e-13,-43.09494713849827,-32.33254681608776,-32.31731505270863,7.686686217293384e-11,(1.2351701922522813e-06+1.6170747089651088e-06j),11.694183143569692,4.9414570371234e-14,-5.843672040863103e-13,5.864527508475214e-13,-43.061449762013964,-32.333141655714385,-32.31766972248879,7.686693221202182e-11,(-1.2362738488466235e-06-1.6163202474616774e-06j),11.694191057923085
1200.0,1.602162760297132e-11,1.2337800413487062e-11,2.0221618879094076e-11,-17.95293366960657,-19.087622595436788,-16.9418407910536,1.9999999999999996e-11,(-0.00021365348640198047-0.00016452848226134283j),-9.643274665532871e-16,1.605023332110522e-11,1.2444105093097809e-11,2.030925260146171e-11,-17.94518649905091,-19.05036329839151,-16.92306058723874,2e-11,(-0.0002141052961911974-0.00016600062774717517j),0.0,1.033524665724506e-13,1.1055725577106971e-12,1.1103929091585475e-12,-39.85679154198553,-29.564127498023,-29.545233202349944,1.0380599266746863e-10,(2.285988771851535e-06+1.7065360706856294e-06j),14.30384860346033,1.0405980677423749e-13,-1.1054636700123478e-12,1.1103505613557642e-12,-39.82716984868584,-29.56455525516226,-29.54539883532211,1.0380608947541319e-10,(-2.2872646019988144e-06-1.7051995973646012e-06j),14.303856703789691
