Freq(Hz),inlet | A = 7498.88 L**2 | TSW_real (mW) = 4.123e-10,inlet | A = 7498.88 L**2 | TSW_imag (mW) = 6.587e-11,inlet | A = 7498.88 L**2 | TSW_mag (mW) = 9.532e-10,inlet | A = 7498.88 L**2 | TSW_real (mW) = 4.123e-10 | SWL_real (dB),inlet | A = 7498.88 L**2 | TSW_imag (mW) = 6.587e-11 | SWL_imag (dB),inlet | A = 7498.88 L**2 | TSW_mag (mW) = 9.532e-10 | SWL_mag (dB),inlet | A = 7498.88 L**2 | P_rms (MPa),inlet | A = 7498.88 L**2 | V_mean (mm/s),inlet | A = 7498.88 L**2 | SPL (dB),outlet | A = 7496.42 L**2 | TSW_real (mW) = 4.171e-10,outlet | A = 7496.42 L**2 | TSW_imag (mW) = 6.59e-11,outlet | A = 7496.42 L**2 | TSW_mag (mW) = 9.621e-10,outlet | A = 7496.42 L**2 | TSW_real (mW) = 4.171e-10 | SWL_real (dB),outlet | A = 7496.42 L**2 | TSW_imag (mW) = 6.59e-11 | SWL_imag (dB),outlet | A = 7496.42 L**2 | TSW_mag (mW) = 9.621e-10 | SWL_mag (dB),outlet | A = 7496.42 L**2 | P_rms (MPa),outlet | A = 7496.42 L**2 | V_mean (mm/s),outlet | A = 7496.42 L**2 | SPL (dB),Tie-1_Master | A = 7498.47 L**2 | TSW_real (mW) = 9.035e-12,Tie-1_Master | A = 7498.47 L**2 | TSW_imag (mW) = 3.972e-11,Tie-1_Master | A = 7498.47 L**2 | TSW_mag (mW) = 4.079e-11,Tie-1_Master | A = 7498.47 L**2 | TSW_real (mW) = 9.035e-12 | SWL_real (dB),Tie-1_Master | A = 7498.47 L**2 | TSW_imag (mW) = 3.972e-11 | SWL_imag (dB),Tie-1_Master | A = 7498.47 L**2 | TSW_mag (mW) = 4.079e-11 | SWL_mag (dB),Tie-1_Master | A = 7498.47 L**2 | P_rms (MPa),Tie-1_Master | A = 7498.47 L**2 | V_mean (mm/s),Tie-1_Master | A = 7498.47 L**2 | SPL (dB),Tie-1_Slave | A = 7497.6 L**2 | TSW_real (mW) = 9.094e-12,Tie-1_Slave | A = 7497.6 L**2 | TSW_imag (mW) = -3.958e-11,Tie-1_Slave | A = 7497.6 L**2 | TSW_mag (mW) = 4.067e-11,Tie-1_Slave | A = 7497.6 L**2 | TSW_real (mW) = 9.094e-12 | SWL_real (dB),Tie-1_Slave | A = 7497.6 L**2 | TSW_imag (mW) = -3.958e-11 | SWL_imag (dB),Tie-1_Slave | A = 7497.6 L**2 | TSW_mag (mW) = 4.067e-11 | SWL_mag (dB),Tie-1_Slave | A = 7497.6 L**2 | P_rms (MPa),Tie-1_Slave | A = 7497.6 L**2 | V_mean (mm/s),Tie-1_Slave | A = 7497.6 L**2 | SPL (dB)
20.0,9.472812090699421e-16,3.998689965806033e-13,3.9987011862361954e-13,-60.23521077577292,-33.98082267124125,-33.980810484839935,2.0000000000000002e-11,(1.263229541568808e-08-5.332379914239384e-06j),1.928654933106574e-15,3.677347985348434e-15,3.715255355528863e-13,3.7154373424411875e-13,-54.344652711466935,-34.30011331113131,-34.29990058288368,2e-11,(-4.905471863551208e-08-4.956039157857331e-06j),0.0,1.3881662347856291e-15,-3.9297302411493325e-15,4.167707434981791e-15,-58.57558523414873,-54.0563726102439,-53.80102775272967,2.0162797068677543e-11,(-1.8366551232017403e-08+5.19125247623104e-08j),0.07041566920454201,1.6516714084084227e-15,5.126590323789614e-15,5.3860882641604716e-15,-57.82076349091513,-52.90171386524166,-52.68726533894476,2.0162796980306898e-11,(2.18544132908048e-08-6.775391836852727e-08j),0.07041563113553495
30.0,6.086482319552968e-15,8.69933375320823e-13,8.699546670741563e-13,-52.15633635214701,-30.60514006965857,-30.605033776716063,2.0000000000000002e-11,(-8.116517246071352e-08-1.1600837516674447e-05j),1.928654933106574e-15,1.640025392105565e-14,8.633718066166765e-13,8.635275587896538e-13,-47.85149427826716,-30.63802137322928,-30.637237977151813,2e-11,(-2.187744659612632e-07-1.1517120821896177e-05j),0.0,2.0621867275814963e-15,-5.159018074801432e-16,2.1257395829156873e-15,-56.85672012628324,-62.87432950558021,-56.72489940485363,2.0566538366259602e-11,(-2.6745478048931835e-08+6.6539714566734355e-09j),0.2426240879035206,2.3228577686761995e-15,1.3176345422204755e-15,2.670548445610365e-15,-56.339773817495605,-58.802050285171816,-55.733995392187474,2.056653839154595e-11,(3.012516991931705e-08-1.7055363897557774e-08j),0.24262409858273212
40.0,1.4338693250951927e-14,1.3062899300507838e-12,1.3063686231214476e-12,-48.43490426057344,-28.83960421034308,-28.83934259202849,2.0000000000000002e-11,(-1.912110229641259e-07-1.7419790593272157e-05j),1.928654933106574e-15,3.1359736477416116e-14,1.3144630271237173e-12,1.314837055587946e-12,-45.03627595441837,-28.81251625108758,-28.81128064850077,2e-11,(-4.183294742604239e-07-1.753454234117775e-05j),0.0,2.8709614117537263e-15,2.121805939573988e-15,3.569941158197205e-15,-55.41972644764047,-56.73294339202893,-54.473389421177394,2.11559534466305e-11,(-3.623013850504649e-08-2.674451165440824e-08j),0.4880521405058508,3.1279988426453383e-15,-1.515172026529757e-15,3.4756471382418654e-15,-55.047334163004365,-58.19538056315928,-54.58964321318089,2.1155953630795083e-11,(3.9466454232273524e-08+1.9094543878822295e-08j),0.4880522161173454
50.0,2.4706430248588813e-14,1.7477259740950749e-12,1.7479005944910617e-12,-46.07189999856311,-27.57526659383278,-27.574832699233454,2.0000000000000002e-11,(-3.294680846395038e-07-2.3306480271171662e-05j),1.928654933106574e-15,4.913622110118628e-14,1.7681623873837407e-12,1.7688449893596313e-12,-43.08598246675813,-27.52477852045715,-27.5231022430646,2e-11,(-6.55462444820162e-07-2.3586755662120308e-05j),0.0,3.7851952804457105e-15,4.714873740418736e-15,6.046299504589451e-15,-54.219117100787614,-53.265299327407824,-52.185103437660665,2.1958025974155745e-11,(-4.611350687955162e-08-5.719379083043458e-08j),0.8112659761738634,4.038434035062924e-15,-4.221267846307305e-15,5.841921917128174e-15,-53.93787006615052,-53.745570902803934,-52.334442520846515,2.195802636058617e-11,(4.9181447223754674e-08+5.1196630414149394e-08j),0.8112661290333238
60.0,3.8280945234369523e-14,2.2145890960781025e-12,2.214919929757296e-12,-44.17017347149045,-26.547068427412846,-26.54641969076628,2.0000000000000002e-11,(-5.104885480280115e-07-2.9532248099259745e-05j),1.928654933106574e-15,7.075823150766413e-14,2.2463815113375827e-12,2.2474956333228803e-12,-41.50223030144179,-26.485164839613947,-26.48301143388113,2e-11,(-9.438935753658282e-07-2.996605527291137e-05j),0.0,4.81424477853612e-15,7.600304174562395e-15,8.996753655265486e-15,-53.17471831953607,-51.19169026312562,-50.45914170998365,2.301230963743835e-11,(-5.6149605281017864e-08-8.789355020639438e-08j),1.2186042657921914,5.064447555907956e-15,-7.176162601253456e-15,8.783276081632117e-15,-52.95467921775767,-51.441077293804796,-50.56343466007411,2.3012310268343955e-11,(5.903693267988001e-08+8.29756054831367e-08j),1.2186045039245845
70.0,5.652659573016477e-14,2.724492902046055e-12,2.7250792335864614e-12,-42.47747168796433,-25.647143191991262,-25.64620865787662,2.0000000000000002e-11,(-7.538000852014082e-07-3.6331977101479725e-05j),1.928654933106574e-15,9.78027144025921e-14,2.7674286270140346e-12,2.7691562932708043e-12,-40.096490916979974,-25.579235709166902,-25.576525316543858,2e-11,(-1.3046588617459505e-06-3.691666744156949e-05j),0.0,6.003567123431636e-15,1.1051920009926747e-14,1.257727133011642e-14,-52.21590629333893,-49.565622670212825,-49.00413569925203,2.437612281158691e-11,(-6.644295675128255e-08-1.2054018379619596e-07j),1.7186926723026354,6.252666674020355e-15,-1.06693927685378e-14,1.2366559043878433e-14,-52.03934722685419,-49.718602970495375,-49.07751124634517,2.4376123730445596e-11,(6.915053207794189e-08+1.1635112156845318e-07j),1.718692999717502
80.0,8.159713066787923e-14,3.297690434631333e-12,3.2986997884609354e-12,-40.88325112778204,-24.81790115471819,-24.816572073850985,2.0000000000000002e-11,(-1.0881236213702265e-06-4.397574802592348e-05j),1.928654933106574e-15,1.326774595666069e-13,3.3519750876570823e-12,3.354599871303693e-12,-38.772028526994866,-24.746992177664822,-24.743592740190135,2e-11,(-1.7698774971109213e-06-4.4714341817363394e-05j),0.0,7.438823723777433e-15,1.540505538598423e-14,1.710706958653865e-14,-51.28495732553589,-48.12336735919966,-47.66824378032965,2.6133155242957855e-11,(-7.737227864420334e-08-1.5654007067407153e-07j),2.3232370542320533,7.690181358522488e-15,-1.504311444154523e-14,1.689479746633245e-14,-51.1406341805594,-48.22662240556086,-47.72247010150194,2.6133156498740198e-11,(7.991274572146599e-08+1.5284014039100527e-07j),2.3232374716170376
90.0,1.1689827549819747e-13,3.961188573345017e-12,3.9629130851450155e-12,-39.32191895571617,-24.021744824091897,-24.019854525348094,2.0000000000000002e-11,(-1.558875585769904e-06-5.282370617788508e-05j),1.928654933106574e-15,1.7919844699461476e-13,4.027401143437333e-12,4.031385872571071e-12,-37.46665758427196,-23.949751109674846,-23.945456304483304,2e-11,(-2.3904535095034104e-06-5.372432272137461e-05j),0.0,9.262816581079106e-15,2.116450779098223e-14,2.3102730597253248e-14,-50.33256935604662,-46.74391827173246,-46.36336686201594,2.8408177345098494e-11,(-8.958637892074584e-08-1.9756399898723921e-07j),3.0482674965828704,9.52166273518791e-15,-2.080427425620626e-14,2.2879682877393922e-14,-50.21287205642529,-46.81847429691864,-46.40549999352456,2.8408178998505095e-11,(9.198241950317376e-08+1.9417247611943427e-07j),3.0482680021171276
100.0,1.6817022749434073e-13,4.754370248056677e-12,4.757343552973866e-12,-37.74250888320544,-23.229070004734798,-23.226354847429562,2.0000000000000002e-11,(-2.2426033299211513e-06-6.340103542007015e-05j),1.928654933106574e-15,2.437439150409894e-13,4.833546881554271e-12,4.83968868340749e-12,-36.130662174637116,-23.15734064740156,-23.151825737743227,2e-11,(-3.2514706846055655e-06-6.447806496173436e-05j),0.0,1.1716034292727875e-14,2.917317655006405e-14,3.1437870309064875e-14,-49.31219365812503,-45.35016279721109,-45.02546881982143,3.1393377454096984e-11,(-1.0410068029522185e-07-2.459970283094917e-07j),3.916160921760454,1.1990365135585749e-14,-2.879423554985695e-14,3.119097396660316e-14,-49.21167591383595,-45.40694446944314,-45.05971063789918,3.139337958692548e-11,(1.0638390559048683e-07+2.427631743008294e-07j),3.9161615118693813
110.0,2.457691614230889e-13,5.738912153119971e-12,5.744172279966427e-12,-36.09472612352782,-22.411704230500874,-22.4077254315351,2.0000000000000002e-11,(-3.277409729483152e-06-7.653021403651791e-05j),1.928654933106574e-15,3.376992477795155e-13,5.832752372255084e-12,5.842520091364527e-12,-34.71469906748567,-22.34126461020012,-22.333997854733916,2e-11,(-4.5048066294651836e-06-7.780716636869365e-05j),0.0,1.522741770379243e-14,4.095325777661235e-14,4.369260317769395e-14,-48.17373738954133,-43.877115449870686,-43.59592079528733,3.539848398792398e-11,(-1.2256077999086618e-07-3.0557171642329977e-07j),4.959093344311004,1.552988049983723e-14,-4.0529030973336144e-14,4.340252918871048e-14,-48.08831886091206,-43.92233779874491,-43.624849621765165,3.539848671840663e-11,(1.2477205615140242e-07+3.0235331201123526e-07j),4.959094014302125
120.0,3.699899414556138e-13,7.018712708642515e-12,7.028457913599418e-12,-34.318100824997664,-21.53742533852889,-21.53139951378369,2.0000000000000002e-11,(-4.9339332360337875e-06-9.3596760417603e-05j),1.928654933106574e-15,4.831351240364379e-13,7.129974632950507e-12,7.1463247767363205e-12,-33.15931388055392,-21.469120152798617,-21.459172504426625,2e-11,(-6.44487757671235e-06-9.511172205928239e-05j),0.0,2.062873715453816e-14,5.949850525161973e-14,6.297314446466877e-14,-46.85527357756493,-42.25493944676956,-42.008446203463656,4.095393267651622e-11,(-1.478623076560922e-07-3.825655426856753e-07j),6.225312327185609,2.0980779681554552e-14,-5.898795299638473e-14,6.260808026724367e-14,-46.781783767189616,-42.292366744834965,-42.03369612651953,4.095393618724148e-11,(1.500543597815164e-07+3.7920610763195157e-07j),6.225313071772732
130.0,5.851472820376674e-13,8.784774233070092e-12,8.804240777471292e-12,-32.327348078909814,-20.56269395306053,-20.553080889154558,2.0000000000000002e-11,(-7.803124624042883e-06-0.00011714775106878821j),1.928654933106574e-15,7.277246226167539e-13,8.918044566199708e-12,8.947686964299031e-12,-31.3803293044384,-20.49730361678467,-20.482892181444342,2e-11,(-9.707628091992023e-06-0.00011896403840944324j),0.0,2.9721406287354876e-14,9.137393715122818e-14,9.608620287124793e-14,-45.26930645504022,-40.3917766165697,-40.17338968700475,4.90461646386532e-11,(-1.8570324937259683e-07-4.884449170316856e-07j),7.791501119655651,3.016329983470905e-14,-9.070277298631511e-14,9.558670244508686e-14,-45.20521148823065,-40.42379435384823,-40.196025204477664,4.904616923359017e-11,(1.8794699403177812e-07+4.847383393050349e-07j),7.791501933401514
140.0,1.003713459423289e-12,1.1431282791831617e-11,1.1475263263884325e-11,-29.98390252084065,-19.419050313585263,-19.402373421531657,2.0000000000000002e-11,(-1.3384837375361777e-05-0.00015243978221468857j),1.928654933106574e-15,1.1911456149979596e-12,1.1594595075027101e-11,1.165561936706804e-11,-29.24035143702383,-19.357444138868868,-19.33464643588884,2e-11,(-1.5889525068189018e-05-0.00015466841902487275j),0.0,4.704710766855258e-14,1.5331670523830057e-13,1.603728232747192e-13,-43.27467070689397,-38.14410522265325,-37.9486922521526,6.173463241130141e-11,(-2.4909980047003504e-07-6.465857780867749e-07j),9.789977417795232,4.7666100848127005e-14,-1.523254247935042e-13,1.596091858527739e-13,-43.21790372499244,-38.172276020745414,-37.969421176822145,6.173463864956657e-11,(2.5149712710844637e-07+6.422010739183625e-07j),9.7899782955016
150.0,1.9836847407638485e-12,1.5919018298485617e-11,1.6042136663744615e-11,-27.025273474166,-17.98083718049129,-17.947377882043092,2.0000000000000002e-11,(-2.6453065274592005e-05-0.00021228515877735226j),1.928654933106574e-15,2.2500418185644034e-12,1.6127551684380693e-11,1.628375299240501e-11,-26.47809410153976,-17.92431557636959,-17.88245494038223,2e-11,(-3.001488267294166e-05-0.00021513669995579845j),0.0,8.697434357477376e-14,2.9884731271688717e-13,3.112462895495587e-13,-40.606088403375374,-35.2455064505859,-35.0689581720627,8.413142175445607e-11,(-3.7501650861742806e-07-9.127397507530706e-07j),12.47856465093478,8.8004684408611e-14,-2.9710650579655653e-13,3.09866261900999e-13,-40.554942101377314,-35.270878382649656,-35.088257069742156,8.413143083084617e-11,(3.7772072747648463e-07+9.070099914174789e-07j),12.478565587998684
160.0,5.202817879173071e-12,2.528730723095823e-11,2.581699480723338e-11,-22.837613759979618,-15.970974149023142,-15.88094312596094,2.0000000000000002e-11,(-6.938122683576364e-05-0.0003372142634628624j),1.928654933106574e-15,5.648181058685863e-12,2.5570825249877724e-11,2.61871925419943e-11,-22.480913899435354,-15.922552557169317,-15.819110586146564,2e-11,(-7.534504043136083e-05-0.00034110713560651354j),0.0,2.1642580351884777e-13,7.800216057716914e-13,8.09489860282034e-13,-36.64690961413057,-31.078933676460988,-30.917885868749565,1.331697161642804e-10,(-7.149180882610829e-07-1.4552290336113393e-06j),16.467509568679883,2.1877778092097458e-13,-7.758502922653339e-13,8.061063164576432e-13,-36.59996787061665,-31.102220719319014,-30.936076758054224,1.331697313847601e-10,(7.180856930006692e-07+1.4463155852577487e-06j),16.4675105614236
170.0,2.869759357015081e-11,5.2926704776915763e-11,6.02062119324938e-11,-15.421545193991657,-12.763251443943611,-12.203586969677145,2.0000000000000002e-11,(-0.00038269151359333073-0.0007057943973968832j),1.928654933106574e-15,2.984979269492626e-11,5.3223521330477345e-11,6.102256424262954e-11,-15.250586806740502,-12.738963954027398,-12.145095467259656,2e-11,(-0.00039818727730201895-0.000709985803372463j),0.0,1.1494423951688948e-12,4.322747363252948e-12,4.472959041431289e-12,-29.39512788715842,-23.642401454405064,-23.49405078612905,3.081017262649077e-10,(-2.612196070052628e-06-2.8585691757815625e-06j),23.753282719415793,1.1611217001839293e-12,-4.301209517136782e-12,4.455177540002872e-12,-29.351222583420785,-23.664094019192486,-23.511349845323313,3.081017633671892e-10,(2.612846493386023e-06+2.8376921894744302e-06j),23.753283765389494
180.0,5.822717373451459e-11,-6.203084588827826e-11,8.507778560073525e-11,-12.34874289426461,-12.07392296505407,-10.70183822411726,2.0000000000000002e-11,(-0.0007764778323399372+0.0008272010070959794j),1.928654933106574e-15,5.8078956894004017e-11,-6.364321778044287e-11,8.616045730695988e-11,-12.359811922261132,-11.962478706822434,-10.646920046339126,2e-11,(-0.0007747558567834102+0.0008489814272995439j),0.0,2.2802414582747057e-12,8.90113887315454e-12,9.18856758952219e-12,-26.420191624539264,-20.505544231659208,-20.36752185725164,4.3562655533750223e-10,(-2.7885740556837715e-06+4.886364444295597e-06j),26.761687007248213,2.3023029008163393e-12,-8.859353564958208e-12,9.153619187842864e-12,-26.378375393077903,-20.525979658571615,-20.38407159208111,4.3562661041844427e-10,(2.7613945649809087e-06-4.877949264075322e-06j),26.761688105498422
190.0,7.520207012269215e-12,-2.934729526101813e-11,3.0295498884236255e-11,-21.23770204215701,-15.324319185166399,-15.186218914629793,2.0000000000000002e-11,(-0.00010028434603847385+0.0003913554917368072j),1.928654933106574e-15,7.1980636542010656e-12,-2.9797083445651354e-11,3.065417267252601e-11,-21.427843170959946,-15.258262428179608,-15.135104005807944,2e-11,(-9.602000917078809e-05+0.00039748415173354633j),0.0,2.9247951775813785e-13,1.1788395349734004e-12,1.2145809637584214e-12,-35.33904542012839,-29.285453075583927,-29.1557352989834,1.5653804217313302e-10,(-4.614858700730687e-08+2.0690472514719087e-06j),17.871798042346047,2.952178709353521e-13,-1.1735828924581723e-12,1.2101447833999418e-12,-35.298573561522055,-29.30486229912189,-29.171626669810106,1.5653806292188299e-10,(3.9301138563999085e-08-2.0618682328663153e-06j),17.871799193640246
200.0,2.608892538310739e-12,-1.745733917087361e-11,1.765120424229949e-11,-25.835438093550614,-17.58021950290747,-17.532256597977106,2.0000000000000002e-11,(-3.479040958078618e-05+0.00023279915559061462j),1.928654933106574e-15,2.3977470890216136e-12,-1.768171137150842e-11,1.784354527912662e-11,-26.201966275903366,-17.524757029409752,-17.48518852751784,2e-11,(-3.198522665782676e-05+0.0002358687238138783j),0.0,1.0237257133713007e-13,4.237846128918706e-13,4.3597424406275236e-13,-39.898163882097336,-33.728548160477565,-33.605391666759616,9.283825179763495e-11,(9.407396682514723e-08+1.24904339119959e-06j),13.333939163201777,1.0331228619999363e-13,-4.2197938123852724e-13,4.3444220176027985e-13,-39.858480278359266,-33.74708769021971,-33.62067993959275,9.283826469850166e-11,(-9.758528978269645e-08-1.2445044847773228e-06j),13.333940370198832
210.0,1.2895360144985987e-12,-1.217858309686769e-11,1.224666441852639e-11,-28.895665242669537,-19.14403236252129,-19.11982182474016,2.0000000000000002e-11,(-1.7196371814773963e-05+0.00016240526883794584j),1.928654933106574e-15,1.1388546180979407e-12,-1.2315255146462989e-11,1.2367800902490552e-11,-29.43531712784532,-19.09556586053617,-19.077075146648905,2e-11,(-1.5191978860889367e-05+0.00016428180812402414j),0.0,5.1854429581916656e-14,2.193282184326178e-13,2.253746863959927e-13,-42.852141387770644,-36.589054890649386,-36.47094864580511,6.615839468276724e-11,(1.0383935559839681e-07+9.026884719490264e-07j),10.391099259183857,5.2325518835807705e-14,-2.184323996462361e-13,2.2461227289854282e-13,-42.81286456703348,-36.60682943146955,-36.48566517413415,6.615840433592976e-11,(-1.0616145558740764e-07-8.994293107287136e-07j),10.39110052654076
220.0,7.564714263836566e-13,-9.194363224913108e-12,9.225430295144474e-12,-31.212074716041357,-20.36478343368012,-20.350133682097006,2.0000000000000002e-11,(-1.0087786435653606e-05+0.0001226097502031897j),1.928654933106574e-15,6.427468453214927e-13,-9.284496474035778e-12,9.306717911463392e-12,-31.91960046249209,-20.322416443719604,-20.3120344944284,2e-11,(-8.574050042784034e-06+0.0001238523968960393j),0.0,3.164106859063534e-14,1.3605856093387246e-13,1.3968925951895362e-13,-44.99748857817228,-38.66274126803229,-38.548369848018595,5.1675658738586845e-11,(9.768283334177724e-08+7.143767532900377e-07j),8.245120517316405,3.192717235478088e-14,-1.3552455333408602e-13,1.392345104166902e-13,-44.9583954325493,-38.67982015405873,-38.56253107929673,5.1675666677486967e-11,(-9.941948893803321e-08-7.118515868730234e-07j),8.24512185172426
230.0,4.905902873087235e-13,-7.2553274456725e-12,7.271894881936227e-12,-33.092810541931904,-21.3934298231107,-21.383524076360622,2.0000000000000002e-11,(-6.542177104342329e-06+9.675209299387437e-05j),1.928654933106574e-15,4.0190660562715154e-13,-7.316411055639312e-12,7.327441549048883e-12,-33.95874855803869,-21.357019026788123,-21.350476372398212,2e-11,(-5.361313515975394e-06+9.759872799259331e-05j),0.0,2.1638289832992443e-14,9.41443677580985e-14,9.659905572762438e-14,-46.64777066367861,-40.26205656791717,-40.150271188669755,4.266829553975487e-11,(9.014909158099873e-08+5.971002093421809e-07j),6.581505977670885,2.183344810740891e-14,-9.378889222716132e-14,9.629670690868405e-14,-46.60877671722535,-40.27848593711593,-40.16388564337986,4.266830246690784e-11,(-9.154490865608962e-08-5.950464143915415e-07j),6.58150738781583
240.0,3.401299497439938e-13,-5.876279132768203e-12,5.886114578303745e-12,-34.68355125092048,-22.308975827010983,-22.301712882369614,2.0000000000000002e-11,(-4.535740774492699e-06+7.836204628512865e-05j),1.928654933106574e-15,2.6971555426931915e-13,-5.917330804026742e-12,5.923474514547908e-12,-35.6909400742716,-22.278741511307032,-22.274234757339876,2e-11,(-3.597924558409416e-06+7.893541726845135e-05j),0.0,1.6004697751379228e-14,7.01437479469685e-14,7.194647820540525e-14,-47.957525230910846,-41.54011032449386,-41.429904600094176,3.658474676765866e-11,(8.372857772184104e-08+5.178215603795758e-07j),5.245401152316019,1.614856118949527e-14,-6.988883127178137e-14,7.173022211750357e-14,-47.9186616654026,-41.55592222030971,-41.44297824340127,3.658475307066165e-11,(-8.490394628039694e-08-5.160939799498241e-07j),5.245402648764362
250.0,2.4782818670348286e-13,-4.8305971976115055e-12,4.836950288735338e-12,-36.05849300729825,-23.15999174922494,-23.154283760059776,2.0000000000000002e-11,(-3.3048674847529434e-06+6.441754597279057e-05j),1.928654933106574e-15,1.9149115187473984e-13,-4.8568722595766744e-12,4.860645739723452e-12,-37.178512884355825,-23.13643318740369,-23.13306030620541,2e-11,(-2.554434503841311e-06+6.478921850513432e-05j),0.0,1.2548067643798165e-14,5.517264551177252e-14,5.658157663375108e-14,-49.014231487845336,-42.58276191253087,-42.47324955185883,3.224807124100446e-11,(7.873128842857686e-08+4.6133213217182304e-07j),4.149474978122472,1.2660124670884368e-14,-5.497964035722608e-14,5.641843325095316e-14,-48.97562017572176,-42.59798105368924,-42.48578978441435,3.2248077162795264e-11,(-7.975302516351966e-08-4.5984219429486936e-07j),4.149476573133109
260.0,1.8822347240828508e-13,-3.998347939556029e-12,4.0027758270127215e-12,-37.2532621883782,-23.98119415907185,-23.976387316079922,2.0000000000000002e-11,(-2.5100197120584093e-06+5.3319238113853825e-05j),1.928654933106574e-15,1.432012112012854e-13,-4.013178232078407e-12,4.015732325406847e-12,-38.440533087333996,-23.965115520804456,-23.962352434409905,2e-11,(-1.9102611859774615e-06+5.353459335182087e-05j),0.0,1.0298661544457237e-14,4.526180780001209e-14,4.641867808256196e-14,-49.872192142878234,-43.442681038967514,-43.33307231601417,2.9041688172429595e-11,(7.503033216710686e-08+4.196790516797843e-07j),3.2398372464695946,1.038957882491831e-14,-4.510939755414177e-14,4.629039960787553e-14,-49.834020576133085,-43.45732972961234,-43.345090700975916,2.9041693880773227e-11,(-7.593867350344729e-08-4.1836852740747463e-07j),3.2398389537407972
270.0,1.4862373834711738e-13,-3.310026327840896e-12,3.3133613305222476e-12,-38.27911819042457,-24.80168551846472,-24.797312006121025,2.0000000000000002e-11,(-1.9819446966841464e-06+4.4140251075015495e-05j),1.928654933106574e-15,1.1301058582013345e-13,-3.3156573059460668e-12,3.317582668597866e-12,-39.468808737914145,-24.794303628707404,-24.79178246438339,2e-11,(-1.50752730291738e-06+4.422987350748411e-05j),0.0,8.775582528295721e-15,3.84211254574156e-14,3.941057891132022e-14,-50.56724045183799,-44.154299176423024,-44.0438718563312,2.6612372835128036e-11,(7.244348354573498e-08+3.8831171985870575e-07j),2.4810720709910212,8.851688694187459e-15,-3.829657484257384e-14,3.9306234078217996e-14,-50.52973868216757,-44.16840066592431,-44.05538563847071,2.6612378455362154e-11,(-7.32641555297193e-08-3.8713999115212916e-07j),2.4810739053531217
280.0,1.2215690137236939e-13,-2.722432232933204e-12,2.725171475607832e-12,-39.13081992110354,-25.65042921941135,-25.64606165472751,2.0000000000000002e-11,(-1.6290010299221633e-06+3.630449742518266e-05j),1.928654933106574e-15,9.459545128724482e-14,-2.720448341561752e-12,2.7220924816233418e-12,-40.24129746561685,-25.65359516472902,-25.65097123961337,2e-11,(-1.2618749342144063e-06+3.628996453135813e-05j),0.0,7.720048175080422e-15,3.356441205400541e-14,3.444080284134832e-14,-51.12379989546866,-44.74120955925433,-44.629267333652024,2.4744098825179918e-11,(7.082321887370784e-08+3.6444772055789327e-07j),1.8488329171697118,7.785344695735111e-15,-3.3459619210454296e-14,3.435342355195495e-14,-51.0872215430438,-44.754790058643444,-44.6402997605323,2.474410445739967e-11,(-7.157346772824768e-08-3.6338503463862474e-07j),1.8488348942404442
290.0,1.0487306159950865e-13,-2.2071411908589043e-12,2.209631325682028e-12,-39.79336053285218,-26.561698841244322,-26.556801817802835,2.0000000000000002e-11,(-1.3985155438408314e-06+2.943292792056715e-05j),1.928654933106574e-15,8.437771527528251e-14,-2.1987009756015502e-12,2.2003194265711255e-12,-40.73772238337534,-26.57833830883242,-26.575142668472655,2e-11,(-1.125573401926525e-06+2.9330011234044086e-05j),0.0,6.9849282869595794e-15,3.0059501673175976e-14,3.086037692598127e-14,-51.55838048352607,-45.220182234292096,-45.10598773805143,2.3298190636998996e-11,(7.007868099617318e-08+3.462976112443569e-07j),1.325843977730705,7.042081091875601e-15,-2.9969039769765e-14,3.078529276824094e-14,-51.522989781935074,-45.23327171948356,-45.11656711910832,2.3298196365936162e-11,(-7.077054273894682e-08-3.4532126724540034e-07j),1.3258461135579291
300.0,9.440931655174443e-14,-1.7445096436876977e-12,1.7470623961298994e-12,-40.24985146301874,-27.58326625419782,-27.57691583963265,2.0000000000000002e-11,(-1.2589781843617163e-06+2.3263589484917874e-05j),1.928654933106574e-15,8.026224352741844e-14,-1.7304852566538034e-12,1.7323455923204914e-12,-40.95488704831935,-27.618320964456547,-27.613654645901036,2e-11,(-1.0706742437700961e-06+2.3084154044238517e-05j),0.0,6.484770031532347e-15,2.751982874962169e-14,2.827354269932165e-14,-51.881054206296156,-45.603542729556295,-45.48619770627211,2.2182458355236593e-11,(7.018719904287634e-08+3.3266106053171725e-07j),0.8995935838946911,6.535636220918473e-15,-2.7439901148022488e-14,2.8207493965707542e-14,-51.84712129003871,-45.61617457504123,-45.49635496092404,2.2182464256499133e-11,(-7.082938429440543e-08-3.317531654460312e-07j),0.8995958946263277
310.0,8.932510876506325e-14,-1.3203358084986483e-12,1.3233539293249064e-12,-40.490264463145735,-28.79315598165182,-28.783239887707413,2.0000000000000002e-11,(-1.1911786607343498e-06+1.7607096837951574e-05j),1.928654933106574e-15,8.101673588876766e-14,-1.301402713586257e-12,1.3039220584159712e-12,-40.91425258240223,-28.855882920432965,-28.84748367662005,2e-11,(-1.080738945464387e-06+1.736032167769301e-05j),0.0,6.172651157375095e-15,2.5699169526179887e-14,2.6430076364739795e-14,-52.095282661574544,-45.90080910755279,-45.7790158205417,2.133422001795062e-11,(7.121838169875483e-08+3.2269061556084385e-07j),0.5609354790992895,6.218576331926961e-15,-2.5627022766687612e-14,2.6370722164558317e-14,-52.0630903041496,-45.913018452829135,-45.78877976850925,2.133422616250614e-11,(-7.181741790527094e-08-3.218367799118873e-07j),0.5609379807573474
320.0,8.874987178022168e-14,-9.238837318966192e-13,9.281366762520647e-13,-40.518322657115434,-30.343826800492508,-30.323880654067942,2.0000000000000002e-11,(-1.1835076930671227e-06+1.232028263552811e-05j),1.928654933106574e-15,8.595363927578596e-14,-9.005890168275194e-13,9.046814938612981e-13,-40.657357305658536,-30.45473353798012,-30.4350429350791,2e-11,(-1.1465957551940596e-06+1.2013587238065002e-05j),0.0,6.0318406571566965e-15,2.4432132489351433e-14,2.5165694897827686e-14,-52.195501397231,-46.120386252107785,-45.9919107297098,2.071049440829718e-11,(7.339692112080348e-08+3.1570678061663144e-07j),0.30320941971480725,6.0738379903005454e-15,-2.4365724052040455e-14,2.511135234336456e-14,-52.16536796358624,-46.13220678592819,-46.00129898221128,2.0710500866505574e-11,(-7.39579083616441e-08-3.148955322892268e-07j),0.30321212825838545
330.0,9.218365180951607e-14,-5.466355771366831e-13,5.54353930131728e-13,-40.35346091510828,-32.62302106175505,-32.56212869162722,2.0000000000000002e-11,(-1.2292982390076717e-06+7.2895588226599085e-06j),1.928654933106574e-15,9.476979879724128e-14,-5.194827301764796e-13,5.280564569396711e-13,-40.233300414110715,-32.84428885669318,-32.77319642567321,2e-11,(-1.2642006776800122e-06+6.92974373552522e-06j),0.0,6.080279748481004e-15,2.358647600920675e-14,2.4357578950968704e-14,-52.16076438749192,-46.27336941016917,-46.13365881083823,2.0282141621319364e-11,(7.725750094730595e-08+3.108909676949124e-07j),0.12167630429997353,6.1191619210298834e-15,-2.3524323180134666e-14,2.4307157869631805e-14,-52.13308054651141,-46.28482862836356,-46.14265818355137,2.0282148468261713e-11,(-7.778489693211799e-08-3.1011410553778374e-07j),0.12167923652363558
340.0,9.938237347204801e-14,-1.813935058801415e-13,2.0683437850711992e-13,-40.02690635548782,-37.413782652963484,-36.84377274306052,2.0000000000000002e-11,(-1.3252954759271083e-06+2.418939941831063e-06j),1.928654933106574e-15,1.0747126378784365e-13,-1.510858513186833e-13,1.8541037459874662e-13,-39.68707644089786,-38.20776203972874,-37.31865968654685,2e-11,(-1.4336344092320082e-06+2.0154399191412125e-06j),0.0,6.38151039047303e-15,2.296168813820083e-14,2.3831970061656838e-14,-51.95076519301494,-46.389961858666524,-46.2284005536474,2.003031395469783e-11,(8.383715695502467e-08+3.0610443801784336e-07j),0.013155216100903422,6.418139601523238e-15,-2.2902944795752122e-14,2.3785234837224335e-14,-51.92590840760016,-46.40108673715888,-46.236925563312276,2.003032128096666e-11,(-8.433754589137691e-08-3.05359482106856e-07j),0.013158393043163857
350.0,1.1063841539045072e-13,1.7867516040743322e-13,2.1015630351415089e-13,-39.56094053000982,-37.47935819334354,-36.774575790568036,2.0000000000000002e-11,(-1.4753983655054157e-06-2.382689942649866e-06j),1.928654933106574e-15,1.240014618748871e-13,2.1024137162537804e-13,2.440856343376836e-13,-39.06573194834101,-36.772818187518304,-36.124577802364996,2e-11,(-1.654142291374241e-06-2.8045568087975643e-06j),0.0,6.718489460902379e-15,2.190230821524127e-14,2.2909587639058055e-14,-51.72728359764129,-46.595101138211504,-46.399827278203524,1.994435634146792e-11,(9.026543729353815e-08+2.9281636834560496e-07j),-0.02419941308181253,6.755268323683875e-15,-2.1846745310471534e-14,2.2867311402645845e-14,-51.70357395837971,-46.606132542993805,-46.40784894056758,1.994436425868751e-11,(-9.076668992730151e-08-2.9210651235188855e-07j),-0.024195965084756046
360.0,1.2834811156956618e-13,5.383439662941733e-13,5.534324383236095e-13,-38.91610516871387,-32.68940150113318,-32.56935389155901,2.0000000000000002e-11,(-1.7115627818526118e-06-7.178987561843553e-06j),1.928654933106574e-15,1.4267770540636849e-13,5.713974073558569e-13,5.889413593499963e-13,-38.45643883755927,-32.43061734505603,-32.29927945583959,2e-11,(-1.90327777576553e-06-7.622269950676565e-06j),0.0,5.02454527638493e-15,2.141352475053273e-14,2.1995115309452684e-14,-52.989032359756806,-46.69311840238801,-46.57673756891131,2.0020630444417464e-11,(6.888285079116978e-08+2.8485596357022707e-07j),0.008955070286356956,5.064686593993316e-15,-2.135517108641743e-14,2.1947537046911086e-14,-52.954474238891926,-46.70496944883873,-46.58614209223744,2.002063885520824e-11,(-6.942027730736559e-08-2.8410789575106883e-07j),0.008958719281593948
370.0,1.498619923705984e-13,9.015465378567281e-13,9.139172701501696e-13,-38.2430849788362,-30.450118500700118,-30.390931158016315,2.0000000000000002e-11,(-1.9984572068812353e-06-1.2022409067291189e-05j),1.928654933106574e-15,1.674235971668895e-13,9.400069992267314e-13,9.54800408191966e-13,-37.7618333130611,-30.268689126617584,-30.200874039976245,2e-11,(-2.233380546167925e-06-1.2539411294824668e-05j),0.0,4.505595559127433e-15,2.3342270550928926e-14,2.3773135801050576e-14,-53.46247794929621,-46.318569015135125,-46.23913528777905,2.0262150462886125e-11,(6.316295382296547e-08+3.0654165472749247e-07j),0.11311080710992324,4.543838758984588e-15,-2.3279256144465932e-14,2.371856313749434e-14,-53.42577088240192,-46.33030901063174,-46.24911623923229,2.0262159433572003e-11,(-6.366320504241762e-08-3.057413684813253e-07j),0.11311465262328144
380.0,1.7637489538099454e-13,1.2770429679119235e-12,1.2891651739067228e-12,-37.53563230844798,-28.93794490040335,-28.89691435229536,2.0000000000000002e-11,(-2.3520151788414704e-06-1.702977307554659e-05j),1.928654933106574e-15,1.9889801256601714e-13,1.3195860257420842e-12,1.3344915506426034e-12,-37.01369556422695,-28.795622922288736,-28.74684171611138,2e-11,(-2.653239802831427e-06-1.7602881605450635e-05j),0.0,4.884239899134905e-15,2.5117992205549374e-14,2.5588460911714494e-14,-53.11203012967985,-46.00015078664945,-45.919558351620935,2.0679016994035948e-11,(6.90586298273757e-08+3.2278659349012616e-07j),0.2899978890727078,4.921293634784086e-15,-2.5051518167000774e-14,2.5530328895479124e-14,-53.07920721500787,-46.011659499734904,-45.929435903437465,2.067902672153318e-11,(-6.952835755195501e-08-3.2195772220508314e-07j),0.2900019749510426
390.0,2.1001840270590638e-13,1.6714293142676622e-12,1.6845722549265757e-12,-36.77742648868643,-27.769119852530586,-27.735103564591054,2.0000000000000002e-11,(-2.800662021277439e-06-2.2289040109853115e-05j),1.928654933106574e-15,2.377258070933469e-13,1.7173949920981363e-12,1.7337702034127652e-12,-36.23923669471404,-27.651298078326143,-27.61008465108532,2e-11,(-3.171190930482226e-06-2.2909533843158525e-05j),0.0,5.38382414205646e-15,2.7127425961187766e-14,2.7656514633487605e-14,-52.689091344047725,-45.66591413163849,-45.58202552022043,2.1289278263202433e-11,(7.609768589932432e-08+3.3808634047538024e-07j),0.5426188564716585,5.420975432374103e-15,-2.7056381605170433e-14,2.7594107345645528e-14,-52.6592256091873,-45.67730284382235,-45.591836505616044,2.1289288884929485e-11,(-7.6549029111978e-08-3.372237696593988e-07j),0.5426231900674149
400.0,2.5278958050537265e-13,2.092733474912845e-12,2.107945912264561e-12,-35.97240830794234,-26.792860787540803,-26.761405368686,2.0000000000000002e-11,(-3.3710292449345537e-06-2.7907264736470314e-05j),1.928654933106574e-15,2.85914782466228e-13,2.141896484312715e-12,2.160895141450385e-12,-35.437633900161075,-26.692015220093484,-26.653663069688523,2e-11,(-3.814017401533836e-06-2.8572256365995287e-05j),0.0,5.980846545682701e-15,2.969696966512976e-14,3.029324236021364e-14,-52.2323734040986,-45.272878646510264,-45.186542405731146,2.2120976112780013e-11,(8.389410032723247e-08+3.5555119941665136e-07j),0.8754858224124298,6.019170088800994e-15,-2.9619521692999256e-14,3.0224931329615456e-14,-52.204633842738126,-45.284219589062445,-45.19634677173657,2.2120987777898747e-11,(-8.433473324393254e-08-3.5464372731631167e-07j),0.8754904027666917
410.0,3.0754296150914523e-13,2.5511874095498695e-12,2.56965753979389e-12,-35.120942078784644,-25.932576370610008,-25.90124751566733,2.0000000000000002e-11,(-4.101182949267471e-06-3.402089338377083e-05j),1.928654933106574e-15,3.4648048635282856e-13,2.603489996693364e-12,2.626444153281334e-12,-34.603212196609164,-25.84444086660929,-25.806318292715353,2e-11,(-4.621945716981904e-06-3.4729775307370326e-05j),0.0,6.727872304469047e-15,3.309091079276439e-14,3.376792328290167e-14,-51.721222600744056,-44.80291279173538,-44.7149564752299,2.3215484465988698e-11,(9.299299103355537e-08+3.7671288125333433e-07j),1.2949551077680665,6.768496803225391e-15,-3.3004631841576015e-14,3.369151632048112e-14,-51.69507771869018,-44.8142510733184,-44.72479442720315,2.3215497357493948e-11,(-9.342887674148204e-08-3.7574665455029745e-07j),1.2949599310213114
420.0,3.785728545960297e-13,3.060242335953855e-12,3.0835694513017368e-12,-34.21850530155131,-25.142441810346575,-25.109462655034687,2.0000000000000002e-11,(-5.048389105398469e-06-4.080930230772713e-05j),1.928654933106574e-15,4.2391988260057496e-13,3.115718638329335e-12,3.1444253370205643e-12,-33.72716213766254,-25.06441767731859,-25.024587129420915,2e-11,(-5.6549640251138585e-06-4.1562751678553195e-05j),0.0,7.699421328068852e-15,3.764410658217886e-14,3.8423428388908284e-14,-51.13541914239259,-44.24303005630079,-44.15403887158951,2.463299324640272e-11,(1.0410561798162784e-07+4.0287864814717376e-07j),1.8097438423100582,7.743728392679618e-15,-3.7545734550365174e-14,3.8335981953591295e-14,-51.110498880897865,-44.25439394650794,-44.16393408067994,2.4633007598111612e-11,(-1.0454217192123022e-07-4.0183688948472053e-07j),1.8097489028937233
430.0,4.725337471196024e-13,3.6382797819117584e-12,3.668837406268471e-12,-33.255671698754426,-24.391039069579804,-24.35471534666805,2.0000000000000002e-11,(-6.301387413097245e-06-4.851761501229273e-05j),1.928654933106574e-15,5.251515573890297e-13,3.697033317839625e-12,3.734145084412814e-12,-32.79715342234016,-24.32146635526786,-24.278088122209486,2e-11,(-7.005364189453685e-06-4.931731506382063e-05j),0.0,9.003692110736965e-15,4.385766873670543e-14,4.477233050270597e-14,-50.45579364503836,-43.57954457056417,-43.48990299002235,2.6461617223268967e-11,(1.1818259012472019e-07+4.356173627599518e-07j),2.4317277451853183,9.053537303636064e-15,-4.37426378506135e-14,4.4669731405485914e-14,-50.43181704628972,-43.59095030868051,-43.499866588884935,2.6461633342958398e-11,(-1.1862512519345345e-07-4.3447909725600455e-07j),2.431733036388784
440.0,6.001374761654509e-13,4.311461786950004e-12,4.353029718555613e-12,-32.21749252447915,-23.65375458755112,-23.612083678619783,2.0000000000000002e-11,(-8.003023617866048e-06-5.749471059356956e-05j),1.928654933106574e-15,6.612581923202022e-13,4.373658269964666e-12,4.423363998060854e-12,-31.796289344540458,-23.591551530008196,-23.542473211221925,2e-11,(-8.820985856909871e-06-5.8343288885309656e-05j),0.0,1.0811160276314976e-14,5.25374864634916e-14,5.363831345616428e-14,-49.66127694153977,-42.79530708884326,-42.705248860813725,2.8832981021697698e-11,(1.3662883858323755e-07+4.770958975932301e-07j),3.177191008952386,1.0869211213125333e-14,-5.239910362538144e-14,5.3514538334353514e-14,-49.63801971849023,-42.80676142288797,-42.7152821684504,2.883299932704203e-11,(-1.3708267594408913e-07-4.7583377880621976e-07j),3.177196523406478
450.0,7.794873752136167e-13,5.118672426814418e-12,5.177683650161298e-12,-31.08190914367971,-22.908426625534744,-22.858644879270948,2.0000000000000002e-11,(-1.0394711414327971e-05-6.825912053627859e-05j),1.928654933106574e-15,8.508989202483051e-13,5.1845326831403356e-12,5.253894566417379e-12,-30.701220274426415,-22.852903833983625,-22.795186467540937,2e-11,(-1.1350736260573462e-05-6.916011023198434e-05j),0.0,1.3409760427702833e-14,6.505560870180114e-14,6.642329334119357e-14,-48.725789809743574,-41.867152552401556,-41.776795953975345,3.195008978345259e-11,(1.6169467228514874e-07+5.305140877138338e-07j),4.068841744998891,1.3480095863387588e-14,-6.488354342527591e-14,6.626905153920481e-14,-48.7030701931463,-41.87865440424172,-41.78689245105859,3.1950110861250633e-11,(-1.6216492346404833e-07-5.290907695674909e-07j),4.068847475166425
460.0,1.043121617280063e-12,6.120542379991607e-12,6.208795513922995e-12,-29.81665054339995,-22.132100905668185,-22.069926433650462,2.0000000000000002e-11,(-1.391035766127942e-05-8.161937417105897e-05j),1.928654933106574e-15,1.1274988769990733e-12,6.190316589723401e-12,6.2921596609303334e-12,-29.4788388201173,-22.082871394041224,-22.012002658673655,2e-11,(-1.5040496682231786e-05-8.25769657327789e-05j),0.0,1.7320990680729217e-14,8.390154199056047e-14,8.567079704634298e-14,-47.61427271968227,-40.76230057385392,-40.67167192580672,3.614013004208644e-11,(1.9726019178321016e-07+6.008343209332426e-07j),5.1391943054847955,1.7410267262105846e-14,-8.367886136961291e-14,8.547086782204128e-14,-47.59194562049417,-40.773842379445156,-40.681818864420485,3.614015475167174e-11,(-1.9775087130168933e-07-5.991961026429174e-07j),5.139200244164521
470.0,1.4543058392757473e-12,7.416918878285273e-12,7.558153949293176e-12,-28.373442521135644,-21.297764710092025,-21.215842663423174,2.0000000000000002e-11,(-1.9393629695799266e-05-9.890696600715094e-05j),1.928654933106574e-15,1.5558399831770682e-12,7.49079150729707e-12,7.65065980547079e-12,-28.08035071868701,-21.254722905662206,-21.16301108961615,2e-11,(-2.0754438503159132e-05-9.99249108900746e-05j),0.0,2.3569990465184643e-14,1.139648444723354e-13,1.1637667389186069e-13,-46.27640593161655,-39.43229097841784,-39.34134059335883,4.196206600207918e-11,(2.5058550602194887e-07+6.961341537800296e-07j),6.436537337405355,2.3689937675300345e-14,-1.1366166354945711e-13,1.1610420710676079e-13,-46.254360818398666,-39.443859919208634,-39.351520430508565,4.196209566882011e-11,(-2.510968275100541e-07-6.941990705002628e-07j),6.436543478236136
480.0,2.1493443937247194e-12,9.182752054270575e-12,9.430939328245429e-12,-26.67693991064725,-20.370271420159938,-20.25445049069967,2.0000000000000002e-11,(-2.866218929671496e-05-0.00012245491155942262j),1.928654933106574e-15,2.275039611499317e-12,9.260504316521643e-12,9.535866265327285e-12,-26.4301103729003,-20.333653614910105,-20.20639848274735,2e-11,(-3.0348345729420615e-05-0.00012353234871430508j),0.0,3.439324673270184e-14,1.6589122778336046e-13,1.6941899207670694e-13,-44.63526824714755,-37.801765785688076,-37.71037906332453,5.04469985651041e-11,(3.367055649563462e-07+8.302441513004381e-07j),8.036106730928399,3.456663901116389e-14,-1.6544951597406632e-13,1.6902187689343926e-13,-44.61342845793603,-37.813344990396345,-37.72057080006408,5.044703537544268e-11,(-3.3722558399776026e-07-8.278777316516662e-07j),8.036113068875766
490.0,3.4653413525507514e-12,1.1744410933801765e-11,1.2244989949840738e-11,-24.602539788797667,-19.301687613142228,-19.120415669892875,2.0000000000000002e-11,(-4.621142619792972e-05-0.00015661544531711207j),1.928654933106574e-15,3.627969574301684e-12,1.1824146648157166e-11,1.2368209538538111e-11,-24.403363637751987,-19.27230192608714,-19.07693165675105,2e-11,(-4.839602544949335e-05-0.00015773056812718768j),0.0,5.539869134356827e-14,2.663048290882423e-13,2.720060238272268e-13,-42.565004942784256,-35.74620958129738,-35.654214780027274,6.370099420258008e-11,(4.91215212558157e-07+1.0277885542481842e-06j),10.062324298050607,5.567590415794014e-14,-2.655963291351981e-13,2.7136915144116254e-13,-42.54332721440476,-35.75777931741311,-35.66439523368757,6.370104210587344e-11,(-4.916911030778978e-07-1.0247494210632657e-06j),10.062330829857029
500.0,6.410281554878881e-12,1.571699183258271e-11,1.69739665923523e-11,-21.931228948111595,-18.036305725157394,-17.702166569237892,2.0000000000000002e-11,(-8.548313797807805e-05-0.000209591071768513j),1.928654933106574e-15,6.635841486742304e-12,1.578950724201199e-11,1.7127256966097036e-11,-21.781039967066494,-18.01631423216174,-17.663121863560512,2e-11,(-8.852013416705663e-05-0.0002106272885340987j),0.0,1.0361885181733831e-13,4.958176790959483e-13,5.065294042363545e-13,-39.84561224364637,-33.0467799189468,-32.953953386019606,8.664189405222197e-11,(8.151577835845926e-07+1.3296564243529758e-06j),12.733958840745556,1.0413372929696416e-13,-4.945020808084173e-13,5.053475452608312e-13,-39.82408578126823,-33.05831876601256,-32.96409839555095,8.664196113005872e-11,(-8.153773015793234e-07-1.3254626907807321e-06j),12.733965565326868
510.0,1.4817641492869166e-11,2.1636129824699637e-11,2.6223741403591805e-11,-18.292209170142748,-16.648204212962742,-15.813053463981513,2.0000000000000002e-11,(-0.00019759794970013026-0.000288524654538572j),1.928654933106574e-15,1.5162372533418276e-11,2.1652998103901794e-11,2.643387727386453e-11,-18.19232837123937,-16.644819621358327,-15.778391306577713,2e-11,(-0.00020226149971041367-0.00028884449713059327j),0.0,2.4515686782508045e-13,1.166013815595722e-12,1.1915074938924633e-12,-36.105559359207334,-29.33296303778171,-29.239032218480247,1.3246570110086457e-10,(1.6658306967608507e-06+1.727187445750259e-06j),16.421468935055987,2.463653302619231e-13,-1.1629340799759548e-12,1.188743685713866e-12,-36.08420408258119,-29.34444902222603,-29.249117769036637,1.3246580661687468e-10,(-1.6647884258377801e-06-1.7208408995443512e-06j),16.421475853828515
520.0,4.071795678659403e-11,1.679656972740536e-11,4.40463024496101e-11,-13.902140228758855,-17.747794028319085,-13.560905433956574,2.0000000000000002e-11,(-0.0005429868701359412-0.00022398758545533675j),1.928654933106574e-15,4.117306021133899e-11,1.6495140431623274e-11,4.4354374587243575e-11,-13.853868526161598,-17.826439827303705,-13.530635400846185,2e-11,(-0.0005492362681142453-0.00022004022353893754j),0.0,6.980587525734324e-13,3.294658656823999e-12,3.3677977503154335e-12,-31.561080231581755,-24.82189573827753,-24.726539975047427,2.2203129771914113e-10,(3.949123710173893e-06+8.82515830439963e-07j),20.90768403237046,7.014643362011259e-13,-3.28601286578735e-12,3.3600495188437444e-12,-31.539944044428672,-24.83330740496358,-24.736543221333353,2.2203147964930035e-10,(-3.9418315398701504e-06-8.745820253565743e-07j),20.90769114949608
530.0,3.2857359140577637e-11,-2.276513604262289e-11,3.997320938743884e-11,-14.833673452455695,-16.427297500391262,-13.98230981504727,2.0000000000000002e-11,(-0.00043816330701909915+0.00030358031059339656j),1.928654933106574e-15,3.2822976476038276e-11,-2.322950627946467e-11,4.021141314022986e-11,-14.838220385021243,-16.33960020607975,-13.95650664320119,2e-11,(-0.0004378486567567829+0.00030987464311812155j),0.0,5.909066896092535e-13,2.7624632209928093e-12,2.8249555329532062e-12,-32.28481093378026,-25.587034953977657,-25.489883839312824,2.0276222886272394e-10,(2.636116102197593e-06-2.620317575399197e-06j),20.11914121786816,5.937496931053833e-13,-2.75527381618986e-12,2.818523106210799e-12,-32.263966018431574,-25.598352349424317,-25.499784004894508,2.027623997991706e-10,(-2.6264440555069384e-06+2.618645885809375e-06j),20.11914854040793
540.0,1.1090989371160427e-11,-2.059063743273021e-11,2.3387697516372662e-11,-19.550297109049215,-16.86330208543103,-16.310125317246,2.0000000000000002e-11,(-0.0001479018615035261+0.00027458268184476234j),1.928654933106574e-15,1.0943035387269912e-11,-2.07990155373008e-11,2.3502107795002596e-11,-19.60862196366756,-16.819572206543587,-16.288931861245096,2e-11,(-0.00014597680830853135+0.0002774526259530075j),0.0,2.1179677725656307e-13,9.787656646478001e-13,1.0014190437323009e-12,-36.74080652492649,-30.093212742155732,-29.993841539904224,1.2038766145691883e-10,(6.80888456349971e-07-2.112132226944069e-06j),15.591039653102467,2.1279701014096587e-13,-9.762435359755975e-13,9.991666572995078e-13,-36.720344782961725,-30.104418287094425,-30.003620670202746,1.2038776593431043e-10,(-6.762499475235305e-07+2.108649950502258e-06j),15.591047191073455
550.0,4.7455014600669665e-12,-1.4597421952200623e-11,1.5349414052597787e-11,-23.237178886459553,-18.357238381057353,-18.139081985959503,2.0000000000000002e-11,(-6.328276731890607e-05+0.0001946612522681571j),1.928654933106574e-15,4.624123124187872e-12,-1.4697086413754595e-11,1.540736394458893e-11,-23.349706106940396,-18.327687523160495,-18.1227165863705,2e-11,(-6.168441488180402e-05+0.00019605472249595106j),0.0,9.737233896581214e-14,4.438348045278195e-13,4.5439047756959075e-13,-40.115643977481874,-33.52778644371466,-33.4257077849051,8.087888699814389e-11,(1.87707388450616e-07-1.4870353538646067e-06j),12.136103409721912,9.782116206733951e-14,-4.4270398595952257e-13,4.5338261869270404e-13,-40.095671822790436,-33.53886567760405,-33.435351334166924,8.087895931459748e-11,(-1.8508623080886073e-07+1.484188167517653e-06j),12.136111176055962
560.0,2.4938872433545877e-12,-1.083109517339714e-11,1.1114499369641152e-11,-26.031231862608124,-19.653276279807717,-19.541100944493717,2.0000000000000002e-11,(-3.325677749102817e-05+0.00014443608993375913j),1.928654933106574e-15,2.4002771422876922e-12,-1.0881696923896446e-11,1.1143278615529908e-11,-26.19738610614494,-19.633033741948953,-19.529870106755624,2e-11,(-3.201897680918443e-05+0.00014515857161341615j),0.0,5.5604941459478886e-14,2.4939388275705364e-13,2.555175498304394e-13,-42.54886612136923,-36.03114203293074,-35.925792656554265,6.04971327348848e-11,(3.393210911768938e-08-1.1262967630671542e-06j),9.61409592128173,5.58534638180837e-14,-2.487663178811214e-13,2.549593895752991e-13,-42.52949888431396,-36.04208422006184,-35.935289893225125,6.049718852731995e-11,(-3.219178233674984e-08+1.1240156154468685e-06j),9.614103931689646
570.0,1.4897882922512035e-12,-8.400835706187289e-12,8.531911258216417e-12,-28.26875443023718,-20.756775086366346,-20.68953670365993,2.0000000000000002e-11,(-1.9866799461828192e-05+0.00011202780902136863j),1.928654933106574e-15,1.417017717733049e-12,-8.424742858394795e-12,8.543080910446973e-12,-28.48624719501594,-20.74443345873179,-20.68385480469035,2e-11,(-1.8902591139560922e-05+0.00011238354165602152j),0.0,3.646576017625005e-14,1.605116246234362e-13,1.646017414989485e-13,-44.38114728572681,-37.94493509508357,-37.83565574230781,4.84406759573107e-11,(-2.6488888991444e-08-9.061647905304506e-07j),7.6836039827805465,3.6622640132702046e-14,-1.6011301327529074e-13,1.6424796738584873e-13,-44.36250350538586,-37.95573369117704,-37.84499996249593,4.8440722093951186e-11,(2.7762433347783813e-08+9.042820776451262e-07j),7.683612255530022
580.0,9.689182677306327e-13,-6.713703347519755e-12,6.783259927795787e-12,-30.137128559426813,-21.730378524507586,-21.685615408821178,2.0000000000000002e-11,(-1.292083245654926e-05+8.952936383318651e-05j),1.928654933106574e-15,9.118149402075463e-13,-6.72103649600286e-12,6.7826055513930705e-12,-30.400932961036347,-21.72563746323723,-21.686034389919648,2e-11,(-1.2163337687308616e-05+8.965661002549526e-05j),0.0,2.6262242880436262e-14,1.1312078188991469e-13,1.161293102386158e-13,-45.806681865100025,-39.46457601696912,-39.35058153488229,4.059844882563686e-11,(-5.43676158751332e-08-7.612040153523539e-07j),6.149588896522461,2.6370127329759205e-14,-1.128436432467896e-13,1.1588387047642325e-13,-45.78887773184256,-39.47522900747487,-39.35977007958425,4.059848881522102e-11,(5.5357813417984894e-08+7.596038379019557e-07j),6.149597452143517
590.0,6.702923290336759e-13,-5.466521204102624e-12,5.507462744428236e-12,-31.737357507351835,-22.622889629700246,-22.590484319790942,2.0000000000000002e-11,(-8.938560835104484e-06+7.28977943246088e-05j),1.928654933106574e-15,6.254082823297589e-13,-5.462586505667949e-12,5.498271260270107e-12,-32.03836371659933,-22.6260167246788,-22.5977383780423,2e-11,(-8.342758815385273e-06+7.286926478683351e-05j),0.0,2.024628276818817e-14,8.506053653418246e-14,8.743687346544604e-14,-46.936547019038706,-40.702718822251,-40.58305380118057,3.515828079355725e-11,(-6.900861254017241e-08-6.599099024064154e-07j),4.89995269340917,2.0325015319758228e-14,-8.485493476571115e-14,8.725517865342722e-14,-46.9196911838905,-40.71322896078196,-40.592087879348085,3.5158316660407296e-11,(6.980979695429764e-08+6.585161885966759e-07j),4.899961554347055
600.0,4.872317350604207e-13,-4.496953013227258e-12,4.523271069350554e-12,-33.122644323768895,-23.47081650168934,-23.445473851933638,2.0000000000000002e-11,(-6.497389744724759e-06+5.9968294936758534e-05j),1.928654933106574e-15,4.522565787264198e-13,-4.484853185651626e-12,4.507598485873699e-12,-33.44615106980473,-23.482517692765164,-23.460547756639674,2e-11,(-6.032967048230421e-06+5.982659569349209e-05j),0.0,1.6450901376482473e-14,6.716097529697464e-14,6.914642983509409e-14,-47.83810301233292,-41.728830057588425,-41.60230238446141,3.12128056664013e-11,(-7.778121470527577e-08-5.859077361087125e-07j),3.866056255073943,1.6510902381168545e-14,-6.700072375735126e-14,6.900512213922507e-14,-47.82229190307617,-41.739205059241556,-41.61118671085386,3.12128386916228e-11,(7.8447407401461e-08+5.846690959489989e-07j),3.866065445317221
610.0,3.700708536150784e-13,-3.711863289607195e-12,3.730265609501412e-12,-34.317151181272486,-24.304080275131344,-24.282602436245767,2.0000000000000002e-11,(-4.935012225346881e-06+4.949887442927613e-05j),1.928654933106574e-15,3.434257279886074e-13,-3.693574983724622e-12,3.709506354090911e-12,-34.641671724688244,-24.32553079887267,-24.306838806702956,2e-11,(-4.5811961570671526e-06+4.92711819244944e-05j),0.0,1.3950056207818483e-14,5.5097677431932605e-14,5.683623955360339e-14,-48.554240425196866,-42.588667078588315,-42.4537466394557,2.8261761436925537e-11,(-8.39161073098958e-08-5.299582642635188e-07j),3.0033846088730956,1.3997310303213364e-14,-5.496775669781549e-14,5.6721944361196595e-14,-48.53955409514416,-42.59891986767941,-42.46248890468407,2.82617924931361e-11,(8.448083449061465e-08+5.288386043144407e-07j),3.0033941535955617
620.0,2.9334772356836105e-13,-3.054338982132913e-12,3.0683936358784636e-12,-35.32617277638668,-25.15082764954753,-25.1308892669052,2.0000000000000002e-11,(-3.911884948370746e-06+4.0730579211886696e-05j),1.928654933106574e-15,2.73938713119756e-13,-3.031219557729252e-12,3.0435726417659276e-12,-35.623465887528695,-25.183826056129487,-25.166163283641968,2e-11,(-3.6542602301996963e-06+4.043555929961284e-05j),0.0,1.2265552334063912e-14,4.6619210836706194e-14,4.820575269713071e-14,-49.11312890161624,-43.31435082427725,-43.169011315632005,2.6008547823272253e-11,(-8.90064172139631e-08-4.864437773860184e-07j),2.2817221710484814,1.2303743651587407e-14,-4.6510391791749885e-14,4.811027595499793e-14,-49.09962725970864,-43.32450002086454,-43.177621520271984,2.6008577542975893e-11,(8.949184889821932e-08+4.85416816797382e-07j),2.281732096320748
630.0,2.4302585171569896e-13,-2.4876501443446198e-12,2.49949290962386e-12,-36.143475261535045,-26.042106975601232,-26.021480908840253,2.0000000000000002e-11,(-3.240826824313425e-06+3.317360379722276e-05j),1.928654933106574e-15,2.3009539819879904e-13,-2.4607062114476657e-12,2.471440663121287e-12,-36.38092066932631,-26.08940234474149,-26.070498120647656,2e-11,(-3.0694035655422492e-06+3.282508245838029e-05j),0.0,1.1133913086821622e-14,4.0456383815565134e-14,4.1960493467751525e-14,-49.533521731908465,-43.930129391413985,-43.77159413017534,2.4267328861108145e-11,(-9.393752523931905e-08-4.51682459480809e-07j),1.6798395979296936,1.1165442290018576e-14,-4.0362676779298014e-14,4.1878547949061204e-14,-49.52124068803026,-43.94020039860059,-43.78008384983709,2.4267357729322222e-11,(9.43591396625037e-08+4.5072848452908983e-07j),1.6798499305861558
640.0,2.1093631264618133e-13,-1.9869270478430904e-12,1.998092395622191e-12,-36.75848650111875,-27.01818078185008,-26.993844330364215,2.0000000000000002e-11,(-2.81290264150671e-06+2.649630246800532e-05j),1.928654933106574e-15,2.0397192849185934e-13,-1.956978612781275e-12,1.967579690507099e-12,-36.90429597966042,-27.084139205871853,-27.06067668907085,2e-11,(-2.7209243187146442e-06+2.6105507449440695e-05j),0.0,1.0403918629366221e-14,3.5840265827313076e-14,3.731978265503349e-14,-49.828030531462375,-44.4562877783505,-44.280608941858404,2.291672084569566e-11,(-9.927085302465419e-08-4.230237123960233e-07j),1.182449577319035,1.0430432252441598e-14,-3.575760939267501e-14,3.7247826063434816e-14,-49.816976933989416,-44.466315240560604,-44.28899069391,2.291674925532077e-11,(9.964004822063359e-08+4.2212762364996045e-07j),1.1824603451211597
650.0,1.9214382521443493e-13,-1.5345698795581149e-12,1.5465522832465258e-12,-37.163735675794754,-28.140133303566337,-28.10635393512953,2.0000000000000002e-11,(-2.562298860326987e-06+2.046397613400112e-05j),1.928654933106574e-15,1.9081816393648545e-13,-1.5023759966292019e-12,1.5144455113788937e-12,-37.19380287273846,-28.23221363719312,-28.197463476419053,2e-11,(-2.545457046693475e-06+2.004124496594487e-05j),0.0,9.986285014192155e-15,3.2264488927451624e-14,3.3774593026923763e-14,-50.005960430951966,-44.91275209767936,-44.71409875384427,2.187503730808653e-11,(-1.0539847808660943e-07-3.9826393738112847e-07j),0.7783761344883476,1.0008977022762543e-14,-3.2190034848622325e-14,3.371020564454789e-14,-49.99610307742685,-44.922785531510996,-44.72238598116228,2.1875065596268583e-11,(1.0572421763316039e-07+3.9741408763345265e-07j),0.7783873668288943
660.0,1.836169695044802e-13,-1.1175663635259073e-12,1.13255011737871e-12,-37.360871846729204,-29.517266780775934,-29.459425705783286,2.0000000000000002e-11,(-2.448590534579821e-06+1.4903101967531149e-05j),1.928654933106574e-15,1.877347635572988e-13,-1.0839600156601979e-12,1.1000971125305125e-12,-37.26455299977599,-29.6498673744561,-29.585689752285713,2e-11,(-2.5043254108939043e-06+1.4459701336999659e-05j),0.0,9.822001603131827e-15,2.934853949561875e-14,3.094848115849658e-14,-50.07799999319539,-45.324135061634095,-45.09360659751118,2.1086307501333007e-11,(-1.125330056938175e-07-3.7511726554796273e-07j),0.45941079749288155,9.841811637457198e-15,-2.928024895079579e-14,3.0890034556920875e-14,-50.06924951189335,-45.334252350761716,-45.10181605849677,2.1086335976656478e-11,(1.1282311736197026e-07+3.74304827038275e-07j),0.4594225270643124
670.0,1.8354404463394455e-13,-7.258222556887072e-13,7.486697290351938e-13,-37.36259702277263,-31.391697192787397,-31.257097263467173,2.0000000000000002e-11,(-2.447618058298292e-06+9.679070022029624e-06j),1.928654933106574e-15,1.929439956424652e-13,-6.91913792267405e-13,7.183119666164147e-13,-37.14568731992399,-31.599480122987657,-31.43686898439058,2e-11,(-2.5738150037371848e-06+9.229922361152709e-06j),0.0,9.841328693341704e-15,2.673216441634758e-14,2.848614338293323e-14,-50.069462628256844,-45.72965876409151,-45.453663440523826,2.0512042691402312e-11,(-1.2036180124378772e-07-3.50487139063818e-07j),0.21957832132358315,9.859120692457757e-15,-2.6668578824046325e-14,2.843264597822054e-14,-50.061618168480706,-45.740001273667346,-45.46182722431653,2.051207165801652e-11,(1.2062453510787768e-07+3.4970581638276105e-07j),0.21959058731972722
680.0,1.9105966758202133e-13,-3.51034534850014e-13,3.996611580250427e-13,-37.18830982203262,-34.54650155451547,-33.983080575819834,2.0000000000000002e-11,(-2.547841274386622e-06+4.681156875990166e-06j),1.928654933106574e-15,2.0528686599350314e-13,-3.1856947210560994e-13,3.789844401912584e-13,-36.87638835378611,-34.96795844138485,-34.213786203163465,2e-11,(-2.738465190403539e-06+4.249621162388701e-06j),0.0,9.84276270885669e-15,2.3957591763717397e-14,2.5900698462778942e-14,-50.06882984819755,-46.20556839717344,-45.86688524164284,2.0126254495211447e-11,(-1.2648440256780855e-07-3.192771413108085e-07j),0.054659287014525895,9.859596319574069e-15,-2.3897679085643397e-14,2.5851706041678495e-14,-50.06140865968562,-46.216442751707916,-45.875107910598544,2.012628427507732e-11,(1.2673139149439591e-07+3.1852266275494023e-07j),0.05467213910467142
690.0,2.065033336005355e-13,1.403561849496078e-14,2.069797704479115e-13,-36.85072933098952,-48.52768444944027,-36.84072099046305,2.0000000000000002e-11,(-2.7537874597212135e-06-1.8716942495282742e-07j),1.928654933106574e-15,2.2354049561265166e-13,4.229141332644086e-14,2.275058610671334e-13,-36.50643790527454,-43.73747801029073,-36.4300741045159,2e-11,(-2.981963132021194e-06-5.641547630772049e-07j),0.0,9.031539378850279e-15,2.0422381823690522e-14,2.23303018990861e-14,-50.44238220144734,-46.898936083528056,-46.51105405355751,1.9912419742653678e-11,(-1.2012605167582144e-07-2.7411646432441595e-07j),-0.03811914565117653,9.049248863240306e-15,-2.036516245103206e-14,2.228516875964331e-14,-50.433874680973716,-46.91112121236937,-46.51984072768994,1.991245066317225e-11,(1.203788692789751e-07+2.733822885599525e-07j),-0.03810565798836014
700.0,2.3242599795870017e-13,3.747006940266511e-13,4.4093361703452787e-13,-36.33715295651253,-34.26315502498234,-33.556267890484,2.0000000000000002e-11,(-3.0994744120208104e-06-4.996752615894583e-06j),1.928654933106574e-15,2.452149117050075e-13,3.9734522934746363e-13,4.6691924805868e-13,-36.10453123573324,-34.00831996892738,-33.307582225494485,2e-11,(-3.271093338690711e-06-5.30046612517031e-06j),0.0,4.917064659208081e-15,1.667829525540599e-14,1.7388014765617466e-14,-53.082940807168264,-47.77848342127917,-47.597499996852804,1.9861643183712308e-11,(-6.744642914474553e-08-2.2373782926295161e-07j),-0.06029640360845589,4.938739791764255e-15,-1.6620902487908666e-14,1.733913349170956e-14,-53.06383854984005,-47.79345398429313,-47.609726098109064,1.9861675305863338e-11,(6.77397127548436e-08+2.229910845187368e-07j),-0.060282355967453335
710.0,2.693408638608724e-13,7.304021200177089e-13,7.784804158562273e-13,-35.69697751293458,-31.36437974916999,-31.087523084555983,2.0000000000000002e-11,(-3.591745858811773e-06-9.740143965663031e-06j),1.928654933106574e-15,2.707996416125483e-13,7.584448138753897e-13,8.053390476016664e-13,-35.67351914749802,-31.200760139561194,-30.940212432311633,2e-11,(-3.612385958257975e-06-1.0117426224946987e-05j),0.0,2.6868561658166678e-15,1.8701246515535162e-14,1.889327439303741e-14,-55.70755581822914,-47.281294449727866,-47.23692767986435,1.9971569724998172e-11,(3.189027497192776e-08-2.504802366037686e-07j),-0.012355895672193307,2.6618592316961562e-15,-1.8636631114370418e-14,1.8825767284827613e-14,-55.74814915245292,-47.296325909450246,-47.25247314156431,1.9971602328366648e-11,(-3.157452250003351e-08+2.4964095400804906e-07j),-0.012341716064222545
720.0,3.089612473491076e-13,1.0874283809861347e-12,1.1304678394972776e-12,-35.10095990212334,-29.63599336457701,-29.46741788318657,2.0000000000000002e-11,(-4.120096240846303e-06-1.450120241011351e-05j),1.928654933106574e-15,3.1045830686282754e-13,1.130508781288465e-12,1.1723627701656445e-12,-35.079967153431284,-29.467260598995036,-29.30937981574739,2e-11,(-4.141420652027393e-06-1.5080647902248007e-05j),0.0,4.890744793599586e-15,2.605627723014267e-14,2.6511298869164688e-14,-53.1062499872506,-45.84087633669439,-45.76568994338109,2.024660224503803e-11,(5.546397405404845e-08-3.450130851014062e-07j),0.10644310682782475,4.868868285485301e-15,-2.5983302880488288e-14,2.6435542494161066e-14,-53.12571973998089,-45.85305644194557,-45.77811772839609,2.024663540064527e-11,(-5.5207741072574445e-08+3.4408419852095367e-07j),0.10645733073098143
730.0,3.543653646168971e-13,1.459387629643824e-12,1.5017946148516731e-12,-34.505487323008744,-28.358293393223505,-28.233894573023107,2.0000000000000002e-11,(-4.7255745475239934e-06-1.94613969823827e-05j),1.928654933106574e-15,3.6400307164103347e-13,1.5119978101138573e-12,1.5551963264981073e-12,-34.38894951540168,-28.20448837840207,-28.082147782559474,2e-11,(-4.8556917465946555e-06-2.016959707054137e-05j),0.0,3.1300332714513517e-15,3.1454062583280284e-14,3.1609415705977627e-14,-55.04451045989996,-45.02323253444327,-45.00183531936916,2.0698386812180124e-11,(2.5410230881778673e-08-4.0674081765330577e-07j),0.2981300626516684,3.1120472926981956e-15,-3.137554582887474e-14,3.152950545777414e-14,-55.069538118103054,-45.034087101832114,-45.01282841134244,2.0698421480226758e-11,(-2.521911344499583e-08+4.0576783870967237e-07j),0.2981446107697213
740.0,4.1157303846010604e-13,1.8526216539824324e-12,1.8977880173485884e-12,-33.85553082965773,-27.322132640943558,-27.21752299831425,2.0000000000000002e-11,(-5.488457025411708e-06-2.4705297437055842e-05j),1.928654933106574e-15,4.2986942169382506e-13,1.910249352314935e-12,1.958019486043745e-12,-33.666634468624196,-27.18909938895619,-27.0818299044955,2e-11,(-5.734329091295569e-06-2.5482153137214885e-05j),0.0,1.1042203140206828e-15,3.5396348814395715e-14,3.5413568189216245e-14,-59.56944267532833,-44.51041533780446,-44.508303125298,2.1346392215570125e-11,(-7.564316592454393e-09-4.426560629797339e-07j),0.565889783290789,1.0885997030994097e-15,-3.531222076479588e-14,3.5328996372035105e-14,-59.63131788466774,-44.52074969053485,-44.51868699850127,2.134642906716922e-11,(7.70900200694671e-09+4.416473855408952e-07j),0.5659047782671397
750.0,4.844048680644676e-13,2.2739153237957444e-12,2.3249384886481747e-12,-33.147915010308175,-26.432257116328714,-26.33588532835988,2.0000000000000002e-11,(-6.459692576606331e-06-3.0323382165102187e-05j),1.928654933106574e-15,5.107945461725118e-13,2.334711767128592e-12,2.3899351673148574e-12,-32.91753748409069,-26.317667278054437,-26.216138801645428,2e-11,(-6.813845968039989e-06-3.11443543792496e-05j),0.0,6.067876769888635e-16,3.9327684865536824e-14,3.933236565689788e-14,-62.16963247710753,-44.05301618800423,-44.052499320331776,2.2220271064951966e-11,(-3.599391728026889e-08-4.710047820984465e-07j),0.9143871385786749,6.211958623941998e-16,-3.9236225679118776e-14,3.924114282028743e-14,-62.06771445643659,-44.06312776153679,-44.062583531443465,2.2220310635049798e-11,(3.6103443288636365e-08+4.6995235652700534e-07j),0.9144026064906403
760.0,5.775103036920072e-13,2.7328193906119784e-12,2.7931738171075678e-12,-32.384402628701686,-25.633890694608247,-25.53902037638825,2.0000000000000002e-11,(-7.70128309523191e-06-3.644301346780157e-05j),1.928654933106574e-15,6.117829066900618e-13,2.79604652534755e-12,2.8621940005573083e-12,-32.134026614374626,-25.534556063406622,-25.433009329395905,2e-11,(-8.161000393019065e-06-3.729842161775394e-05j),0.0,2.135042643207808e-15,4.405537522675237e-14,4.410707985639338e-14,-56.70593446388422,-43.5600109544946,-43.55491694074573,2.3363427261186965e-11,(-6.194712835186318e-08-4.999861155127112e-07j),1.3501311119008808,2.149032615817135e-15,-4.3953943663760094e-14,4.400644844543629e-14,-56.67756993181467,-43.57002152795609,-43.56483679898502,2.3363470130237336e-11,(6.20263580436689e-08+4.988766254798082e-07j),1.3501470494384091
770.0,6.979027475016109e-13,3.242241394915245e-12,3.3165038079086008e-12,-31.562050919414038,-24.89154653714261,-24.793194997216297,2.0000000000000002e-11,(-9.30675452384045e-06-4.323631749198775e-05j),1.928654933106574e-15,7.403086169223814e-13,3.3075763909142387e-12,3.389412696917091e-12,-31.305871955589545,-24.804901166735213,-24.698755479871565,2e-11,(-9.875494799856754e-06-4.412207652585951e-05j),0.0,3.672596106375619e-15,5.020257161898456e-14,5.033672773750633e-14,-54.35026830548602,-42.9927403561735,-42.98115020248427,2.4838703103388593e-11,(-8.81706398846668e-08-5.335876979060363e-07j),1.8819784146005214,3.686822359870657e-15,-5.0087522734486486e-14,5.0223028510743383e-14,-54.33347787261391,-43.00270447435015,-42.99097102338999,2.483874998807872e-11,(8.822030311927185e-08+5.324045141894487e-07j),1.8819948097745414
780.0,8.565428517454113e-13,3.819772041667068e-12,3.9146294980722705e-12,-30.672509049564507,-24.179625543658187,-24.073093356640364,2.0000000000000002e-11,(-1.1422270637108217e-05-5.093787186837546e-05j),1.928654933106574e-15,9.077857193926483e-13,3.8870407585624656e-12,3.991636352557569e-12,-30.420166535360572,-24.1038090543872,-23.98849030829378,2e-11,(-1.2109589090715997e-05-5.1851957306123785e-05j),0.0,5.415542541254224e-15,5.851137791184046e-14,5.876146225340505e-14,-52.6635802825936,-42.32759674364712,-42.3090740551821,2.6737764288359276e-11,(-1.1735561301043706e-07-5.746441118555977e-07j),2.5219018940643223,5.430672503420028e-15,-5.837758218361915e-14,5.862963675006532e-14,-52.65146386536414,-42.33753896091015,-42.318827965525536,2.67378161217104e-11,(1.1737295425359986e-07+5.733665958375101e-07j),2.521918732358138
790.0,1.0711127278353575e-12,4.490037882410087e-12,4.616028884355964e-12,-29.70164820017303,-23.477499948424988,-23.357314822879488,2.0000000000000002e-11,(-1.4283627999761943e-05-5.987607947372153e-05j),1.928654933106574e-15,1.1324077177559233e-12,4.559084897728559e-12,4.697616666345798e-12,-29.459971794275734,-23.41122320438586,-23.28122425294275,2e-11,(-1.5105979144895966e-05-6.081682445733892e-05j),0.0,7.603271862674473e-15,7.00917141229704e-14,7.050289449174371e-14,-51.189994805972255,-41.543333190285175,-41.51793052710906,2.919701864879394e-11,(-1.5262504303788916e-07-6.260978907130285e-07j),3.2861702317974126,7.620118842952447e-15,-6.993164165891184e-14,7.034558064506378e-14,-51.18038255374837,-41.55326276492522,-41.527631812676105,2.9197076689142107e-11,(1.5260317021547014e-07+6.246995365512767e-07j),3.286187498339717
800.0,1.3714183962291442e-12,5.288598906310214e-12,5.4635214659907124e-12,-28.62830029198178,-22.76659369146931,-22.625273462556514,2.0000000000000002e-11,(-1.8288299349551046e-05-7.052514404375035e-05j),1.928654933106574e-15,1.4446547928426403e-12,5.3591741572168645e-12,5.550475215498606e-12,-28.402359172495544,-22.709021294484035,-22.55669832258669,2e-11,(-1.9271261428261125e-05-7.148977509020509e-05j),0.0,1.0592638824982167e-14,8.679078075178464e-14,8.743479639583357e-14,-49.74995835514028,-40.61526404792089,-40.5831569693921,3.242570660890145e-11,(-1.983820502589154e-07-6.917433846262132e-07j),4.197189063571686,1.0612334916614139e-14,-8.659281152906632e-14,8.724068237290897e-14,-49.741890524946264,-40.62518159285638,-40.59280946146639,3.242577261323532e-11,(1.9830781732242754e-07+6.901887450165952e-07j),4.197206744166379
810.0,1.810638751366502e-12,6.268339977135363e-12,6.524607172612265e-12,-27.421681890773414,-22.028474566530768,-21.854456307946588,2.0000000000000002e-11,(-2.414544211302466e-05-8.35903020127311e-05j),1.928654933106574e-15,1.8987039621053527e-12,6.339915027396438e-12,6.618126569530212e-12,-27.215427433442983,-21.97916562840687,-21.792649313552353,2e-11,(-2.532814109632978e-05-8.457256400022641e-05j),0.0,1.4998718853366503e-14,1.1192252101392496e-13,1.129230369648054e-13,-48.2394583552269,-39.510825160814036,-39.4721745040361,3.6757990373643564e-11,(-2.618083782982807e-07-7.769508186821287e-07j),5.286435280558538,1.5023011850367727e-14,-1.1166765391914298e-13,1.1267366958105952e-13,-48.232429901768754,-39.52072608073199,-39.48177561253574,3.675806689444197e-11,(2.616576954033926e-07+7.751905069883916e-07j),5.286453362355486
820.0,2.4906549780175336e-12,7.509487670673045e-12,7.911748687585697e-12,-26.036864296377743,-21.243896914098734,-21.017275163209113,2.0000000000000002e-11,(-3.321367420743232e-05-0.00010014140021794242j),1.928654933106574e-15,2.5980430567507444e-12,7.580846579846498e-12,8.013679716079318e-12,-25.853536557440123,-21.20282292464801,-20.961680190681587,2e-11,(-3.465711476303937e-05-0.00010112621853439161j),0.0,2.2006304667141613e-14,1.5190754806808937e-13,1.534932591521919e-13,-46.57452878728214,-38.18420646131439,-38.139106923515385,4.2755302418195025e-11,(-3.5599696614214215e-07-8.89529480468566e-07j),6.599199739659024,2.20381557699522e-14,-1.515624797784502e-13,1.5315634360461143e-13,-46.568247515827245,-38.19408297661448,-38.14865010379298,4.2755393344752826e-11,(3.557244352904242e-07+8.874919028690706e-07j),6.599218211688498
830.0,3.6245988622749474e-12,9.131588936858715e-12,9.82464418817116e-12,-24.407400502075298,-20.394536467297716,-20.076831691878564,2.0000000000000002e-11,(-4.833517560912946e-05-0.00012177263515897687j),1.928654933106574e-15,3.758554230207774e-12,9.199764716625322e-12,9.93792738666755e-12,-24.249791791653706,-20.36223279565091,-20.027041808330708,2e-11,(-5.013798557377605e-05-0.0001227221006782696j),0.0,3.4151596259679796e-14,2.2036454207951179e-13,2.2299520831846836e-13,-44.665889924050234,-36.56858284675287,-36.51704468894468,5.1420220280352744e-11,(-5.073896507431519e-07-1.040264674610735e-06j),8.202078742634246,3.41965333188153e-14,-2.198656914269838e-13,2.2250915746928373e-13,-44.660179184122775,-36.57842534106272,-36.52652110721079,5.142033189342119e-11,(5.069038759538052e-07+1.0378426775852586e-06j),8.202097596262979
840.0,5.70726108561715e-12,1.1280613741519135e-11,1.264219425118718e-11,-22.43572259665996,-19.476672711590567,-18.981775408892428,2.0000000000000002e-11,(-7.610813701114329e-05-0.0001504305626341406j),1.928654933106574e-15,5.879834832277482e-12,1.1337749359787658e-11,1.277172729900811e-11,-22.30634873318072,-19.454731480563144,-18.937503630577698,2e-11,(-7.843523225701007e-05-0.00015124217425717393j),0.0,5.752107934407755e-14,3.494354894895069e-13,3.5413815931593554e-13,-42.401729733070404,-34.56632989144882,-34.50827274350465,6.466383309803296e-11,(-7.753256181633078e-07-1.2390569040037027e-06j),10.192628983658299,5.759061897424105e-14,-3.4864802496661753e-13,3.533725013451943e-13,-42.39648253721305,-34.576127906584865,-34.51767249336045,6.466397625466317e-11,(7.744239180143764e-07+1.2360912631657672e-06j),10.192648212974827
850.0,1.0003415401392922e-11,1.3874801299806057e-11,1.7104924168259998e-11,-19.99851696326544,-18.577732276658764,-17.668788468445566,2.0000000000000002e-11,(-0.00013339871762083-0.00018502487664165458j),1.928654933106574e-15,1.0233583675613008e-11,1.3897707163967946e-11,1.7258983146789935e-11,-19.899722550463053,-18.570568434993277,-17.62984795338488,2e-11,(-0.00013651293536545605-0.00018539124317944712j),0.0,1.0840627747264802e-13,6.231120881634389e-13,6.324718139260262e-13,-39.64945568417606,-32.054338234976775,-31.98958824032224,8.62441400784311e-11,(-1.3049753817246282e-06-1.4587131130467024e-06j),12.693992012511615,1.085272963353035e-13,-6.217157559309831e-13,6.311169901236097e-13,-39.64461016130129,-32.06408126315009,-31.998901281478208,8.624433471250549e-11,(1.3031543091235864e-06+1.4550180664969565e-06j),12.694011614633924
860.0,1.942191063621008e-11,1.456940669158305e-11,2.4279172640468522e-11,-17.117080484781294,-18.3655813359844,-16.1476611676487,2.0000000000000002e-11,(-0.0002589973392743462-0.00019428765988093328j),1.928654933106574e-15,1.9719280993330552e-11,1.4486210227284357e-11,2.4468353635727217e-11,-17.051089244009823,-18.390452165060715,-16.1139525136636,2e-11,(-0.0002630492911403833-0.00019324169744761667j),0.0,2.278138084821547e-13,1.2432566221710427e-12,1.2639565498494378e-12,-36.42419955560461,-29.05439218832369,-28.98267855234778,1.216898649630731e-10,(-2.399995837696746e-06-1.3873720015383161e-06j),15.684488270236855,2.2804868428224033e-13,-1.2404891403570087e-12,1.2612769361827447e-12,-36.41972429060452,-29.064070333294346,-28.99189545741663,1.2169014481856235e-10,(2.3959818778993176e-06+1.3832079622347525e-06j),15.68450824553307
870.0,3.1163427909783036e-11,2.026471530184314e-12,3.122924632377304e-11,-15.063547769166071,-26.93259493264852,-15.054384967616734,2.0000000000000002e-11,(-0.00041557419671439156-2.7023640684167386e-05j),1.928654933106574e-15,3.138732174648451e-11,1.727553803291575e-12,3.1434827955002496e-11,-15.032457406983914,-27.62568417986314,-15.025889122311638,2e-11,(-0.00041869745347207987-2.30450493360493e-05j),0.0,3.986504145868241e-13,2.0703835790700565e-12,2.1084141712512707e-12,-33.99407779914594,-26.839491855378345,-26.760440734305458,1.5688965096453008e-10,(-3.578259308168917e-06+2.470788331401615e-07j),17.891286023184104,3.9902837768526247e-13,-2.065809927733826e-12,2.1039948440340267e-12,-33.98996217511558,-26.84909639802738,-26.76955328781756,1.5689001857864702e-10,(3.5710248926254227e-06-2.4868093356382417e-07j),17.891306375399108
880.0,2.214370591595785e-11,-1.4811941208759178e-11,2.6640895519185628e-11,-16.547496949222534,-18.2938802041156,-15.744511806840176,2.0000000000000002e-11,(-0.0002952933427267493+0.00019752193460330234j),1.928654933106574e-15,2.2114609364684125e-11,-1.511002292960037e-11,2.6783740222112813e-11,-16.553207276604404,-18.20734876614558,-15.721287759273526,2e-11,(-0.0002950022528303209+0.00020156317170441613j),0.0,3.114348506204543e-13,1.541476360368192e-12,1.5726223436524589e-12,-35.06632790016872,-28.12063131099893,-28.033755582157095,1.3527305192846125e-10,(-2.2951471304360876e-06+2.0880669506286138e-06j),16.603625853939505,3.117040762324664e-13,-1.538099674191733e-12,1.5693661264627354e-12,-35.06257518308044,-28.130155198344433,-28.042757255314783,1.352733748733732e-10,(2.289423025617059e-06-2.085340060875659e-06j),16.603646590224198
890.0,1.049492971190268e-11,-1.522398538920734e-11,1.8490897241307034e-11,-19.790204656890158,-18.17471641522775,-17.330420148822306,2.0000000000000002e-11,(-0.00013995321686767297+0.00020301667445657846j),1.928654933106574e-15,1.0389015638261948e-11,-1.538824077417381e-11,1.856689527239265e-11,-19.834256000004157,-18.128110270651828,-17.312607122428393,2e-11,(-0.00013858635110557311+0.00020527451426413724j),0.0,1.6362827545407623e-13,7.724458643950372e-13,7.895864904803471e-13,-37.86141646797837,-31.12131947655035,-31.026002908855705,9.570741239201951e-11,(-9.370421949291536e-07+1.992629335312564e-06j),13.598311577113888,1.6375559501589043e-13,-7.707689753201485e-13,7.879725301145211e-13,-37.85803852600203,-31.130757747099302,-31.034889223932222,9.570764522722953e-11,(9.340461067023662e-07-1.9893432176141943e-06j),13.598332707958694
900.0,5.311516970212356e-12,-1.2087938694552366e-11,1.3203426616151967e-11,-22.747814266200194,-19.176477512406006,-18.79313343993965,2.0000000000000002e-11,(-7.083076369586158e-05+0.00016119649697921774j),1.928654933106574e-15,5.210626877519642e-12,-1.217210221754188e-11,1.3240494886937499e-11,-22.831100246716606,-19.146344092281005,-18.780957820678115,2e-11,(-6.95081989547262e-05+0.00016237219100917583j),0.0,9.254847432633962e-14,4.167607452315944e-13,4.2691303431275913e-13,-40.33630736253198,-33.801131940563366,-33.69660585313902,7.02811677108561e-11,(-3.756936788325006e-07+1.577167068194627e-06j),10.916179459112756,9.261214744447848e-14,-4.158644439043151e-13,4.2605192824129207e-13,-40.333320454767374,-33.81048209897791,-33.70537464807523,7.028134199277665e-11,(3.7403402292996705e-07-1.5743915027898917e-06j),10.916200998192146
910.0,3.0212389489788592e-12,-9.469867848145054e-12,9.940134900903424e-12,-25.19814925134158,-20.236560815270153,-20.026077216066696,2.0000000000000002e-11,(-4.028917976991782e-05+0.00012628369174845776j),1.928654933106574e-15,2.937341218587515e-12,-9.511118785986673e-12,9.954363565570717e-12,-25.320456003814968,-20.21768394313657,-20.019865014624266,2e-11,(-3.9183250426230345e-05+0.0001268754705332292j),0.0,5.927078800669254e-14,2.5450405239856633e-13,2.6131463601992617e-13,-42.27159298765987,-35.943052981196615,-35.82836265111248,5.492492023298626e-11,(-1.411431161964912e-07+1.2620159627704856e-06j),8.774788784133808,5.930599102769024e-14,-2.5396184060197295e-13,2.607945878535795e-13,-42.269014324562555,-35.95231534013879,-35.83701425554054,5.492505912137488e-11,(1.401209362979908e-07-1.2597335535225774e-06j),8.774810748074495
920.0,1.8838440749618436e-12,-7.548878758921007e-12,7.780388101865973e-12,-27.249550464401985,-21.22117549692024,-21.089987389621214,2.0000000000000002e-11,(-2.512165832506726e-05+0.00010066669287521176j),1.928654933106574e-15,1.815987591709869e-12,-7.56512750580978e-12,7.780036318193117e-12,-27.408871232545504,-21.211837477990315,-21.090183756640325,2e-11,(-2.422472953656771e-05+0.0001009165308036807j),0.0,4.1871134852420634e-14,1.7127714341534576e-13,1.763208773524863e-13,-43.7808526806829,-37.66300588878599,-37.53696261823344,4.507928522873586e-11,(-2.9584639583497992e-08+1.0435921446988963e-06j),7.058940512960929,4.189191760770008e-14,-1.7091556280088617e-13,1.7597460716931292e-13,-43.77869759300242,-37.6721839058047,-37.5454999560555,4.507940152564017e-11,(2.8903969760609625e-08-1.0416798154341443e-06j),7.058962921052981
930.0,1.258759556606715e-12,-6.118691227570328e-12,6.2468278317634806e-12,-29.00057219226165,-22.133414624016297,-22.04340463438556,2.0000000000000002e-11,(-1.6785957986001337e-05+8.159468846630606e-05j),1.928654933106574e-15,1.2044337553379287e-12,-6.11907283921934e-12,6.236482428634691e-12,-29.192170814957375,-22.13314377088897,-22.050602969485425,2e-11,(-1.6066784872853554e-05+8.162659547969444e-05j),0.0,3.1834375747307786e-14,1.238684452465141e-13,1.278937809551717e-13,-44.9710366196655,-39.07039313484163,-38.93150573289277,3.837430751972335e-11,(3.0245745722414376e-08+8.890904130735829e-07j),5.6602111173625875,3.1846988868946125e-14,-1.2360915030004675e-13,1.2764580971547138e-13,-44.96931623907009,-39.07949378941965,-38.939934373996294,3.837440857677227e-11,(-3.072265419953643e-08-8.874501485092427e-07j),5.660233991240321
940.0,8.886004784003257e-13,-5.0152538856976186e-12,5.0933665044073105e-12,-30.512934572817723,-22.997070769273908,-22.929950720832352,2.0000000000000002e-11,(-1.1849769257743078e-05+6.68800014844718e-05j),1.928654933106574e-15,8.456257658296876e-13,-5.004887049669441e-12,5.075822821551588e-12,-30.728217927451233,-23.006057192353737,-22.944935459479833,2e-11,(-1.128039396298359e-05+6.676369138907792e-05j),0.0,2.560846526698154e-14,9.458116217872303e-14,9.798668140317901e-14,-45.91616448320067,-40.241953538360775,-40.08832950697192,3.358848898573348e-11,(6.590374448454124e-08+7.759156843908668e-07j),4.503209428264407,2.5616017618766344e-14,-9.438461695059786e-14,9.779895845844184e-14,-45.91488386715751,-40.250987823742356,-40.09665770346959,3.358857933226514e-11,(-6.624814006061403e-08-7.744785465040815e-07j),4.503232791594271
950.0,6.577037641536722e-13,-4.132718280992476e-12,4.18472635084199e-12,-31.819696725903547,-23.837641986816266,-23.783329362860073,2.0000000000000002e-11,(-8.770688329135644e-06+5.511110924132887e-05j),1.928654933106574e-15,6.244322738350747e-13,-4.114736277817855e-12,4.161846981881623e-12,-32.04514658482364,-23.856579944149473,-23.80713891482897,2e-11,(-8.329739154944285e-06+5.488934720671042e-05j),0.0,2.154736904407813e-14,7.532391961998984e-14,7.834527413724702e-14,-46.66605750069053,-41.23067088747757,-41.059871954687345,3.0051933426264135e-11,(8.93847743434744e-08+6.901423238933267e-07j),3.536848448335025,2.1551553745801057e-14,-7.516826835925133e-14,7.819679045195254e-14,-46.66521414185242,-41.239654544191175,-41.0681107197355,3.0052016041620254e-11,(-8.963687744833698e-08-6.888599182683718e-07j),3.5368723265617312
960.0,5.088785973175671e-13,-3.403616822695482e-12,3.4414480822095198e-12,-32.93385814527264,-24.680593384687263,-24.632587778405966,2.0000000000000002e-11,(-6.7860575196545115e-06+4.538831001230228e-05j),1.928654933106574e-15,4.841089259719444e-13,-3.380103414369808e-12,3.4145952240404928e-12,-33.15056909789138,-24.710700122658057,-24.666607714508682,2e-11,(-6.457867802316052e-06+4.50895652550359e-05j),0.0,1.8815324004379022e-14,6.20222111932005e-14,6.48133558665475e-14,-47.254882986248845,-42.07452754514576,-41.88335491328953,2.7373121197461383e-11,(1.0647317179063996e-07+6.230353976457048e-07j),2.7258864927602744,1.8817132200950995e-14,-6.189445938148811e-14,6.469164216801695e-14,-47.25446563916434,-42.08348226064594,-41.89151824350993,2.737319815661233e-11,(-1.0665733803733457e-07-6.218729760881633e-07j),2.725910912984305
970.0,4.115925645952078e-13,-2.7838285516930584e-12,2.8140912999495114e-12,-33.85532479352848,-25.553575152347705,-25.506618164886767,2.0000000000000002e-11,(-5.488717412617291e-06+3.7123236811738964e-05j),1.928654933106574e-15,3.9446152385634045e-13,-2.7562938345941698e-12,2.784377057157471e-12,-34.03995351876115,-25.596744863505407,-25.552719534168375,2e-11,(-5.261998359253583e-06+3.676813265198809e-05j),0.0,1.6955409968442892e-14,5.245033106375961e-14,5.5122800689877495e-14,-47.706917048608304,-42.80251766217607,-42.58668724822144,2.5310495560005345e-11,(1.2020465818302705e-07+5.688287294338717e-07j),2.0454130545783493,1.6955457849984898e-14,-5.2342285823923835e-14,5.502001850395865e-14,-47.70690478428668,-42.81147315340769,-42.594792678873425,2.531056838362287e-11,(-1.2033651746945096e-07-5.677606769984661e-07j),2.0454380456731847
980.0,3.485352955736876e-13,-2.2434891702569283e-12,2.270400957831184e-12,-34.57753235079006,-26.49076022546779,-26.438974386674726,2.0000000000000002e-11,(-4.6478287274417085e-06+2.991763975599985e-05j),1.928654933106574e-15,3.3842910657792485e-13,-2.2131419783009918e-12,2.2388683919107795e-12,-34.705322925521116,-26.549907241591413,-26.499714349367437,2e-11,(-4.514542726821828e-06+2.952264987663603e-05j),0.0,1.5701597007607028e-14,4.530080472973471e-14,4.7944791768771386e-14,-48.040561733029605,-43.4389408305165,-43.192585632364626,2.3708371431066207e-11,(1.3227248441425816e-07+5.23420003663091e-07j),1.477434538032028,1.5700290612339605e-14,-4.5207046784480555e-14,4.785578548395306e-14,-48.04092308726602,-43.44793862952341,-43.200655510559926,2.3708441288326724e-11,(-1.323626082798308e-07-5.22426983468834e-07j),1.477460131167477
990.0,3.0944027424299736e-13,-1.7616358201580308e-12,1.7886067332388747e-12,-35.094231627012554,-27.540838675714525,-27.474851386720715,2.0000000000000002e-11,(-4.12648421643131e-06+2.3491972480846677e-05j),1.928654933106574e-15,3.059209096867328e-13,-1.7295683685740134e-12,1.7564151970861936e-12,-35.143908379835544,-27.62062265966724,-27.553728138916522,2e-11,(-4.080893135268652e-06+2.3071923032391514e-05j),0.0,1.4887098677053442e-14,3.974522990445629e-14,4.2441830865060627e-14,-48.27189932961082,-44.00714986516512,-43.72205889675448,2.2462970588744788e-11,(1.4361000744253374e-07+4.835513256550422e-07j),1.0087438562991078,1.488472680303329e-14,-3.9662030749318254e-14,4.236309449462827e-14,-48.272591320635414,-44.016250530998455,-43.73012323520751,2.2463038422996104e-11,(-1.4366597152050822e-07-4.826184701181698e-07j),1.0087700861304947
1000.0,2.8804367956955427e-13,-1.3229912946870282e-12,1.353984906547199e-12,-35.40541649887831,-28.78443013470719,-28.683861768914948,2.0000000000000002e-11,(-3.841153839119124e-06+1.764250858863629e-05j),1.928654933106574e-15,2.9077007593020027e-13,-1.2903388034190344e-12,1.3226947738103905e-12,-35.364502901344906,-28.89296242308225,-28.78540362421198,2e-11,(-3.87878555937937e-06+1.72127324360917e-05j),0.0,1.4389636300449504e-14,3.520454267129075e-14,3.803184793766857e-14,-48.41950182762767,-44.534012930620996,-44.19852572047412,2.1503449796739035e-11,(1.545450784197796e-07+4.4619851371097343e-07j),0.6295628734052738,1.4386434026781633e-14,-3.512925517128202e-14,3.796095432014302e-14,-48.42046841533296,-44.54331058247582,-44.20662878153006,2.1503516409630335e-11,(-1.545727851726195e-07-4.453142708749398e-07j),0.6295897803123779
1010.0,2.8051992343067016e-13,-9.159642021213068e-13,9.579571216966191e-13,-35.52036288316111,-30.381214991760125,-30.186539295720852,2.0000000000000002e-11,(-3.7408221643514e-06+1.221467319377289e-05j),1.928654933106574e-15,2.8911955934881303e-13,-8.840834265286309e-13,9.301578493248642e-13,-35.389225266969675,-30.535067508563003,-30.314433447002102,2e-11,(-3.856768163466394e-06+1.1793407616432515e-05j),0.0,1.4079366268000432e-14,3.1210818618695635e-14,3.4239505740556865e-14,-48.51416892957009,-45.05694840212597,-44.65472513144945,2.0780832579521516e-11,(1.6454363638398878e-07+4.0799669726409035e-07j),0.3326589563874724,1.4075576917890773e-14,-3.114151896873515e-14,3.417478704032478e-14,-48.51533795615395,-45.0666020796407,-44.662941830512885,2.0780898692948848e-11,(-1.6454839785752333e-07-4.071520679991843e-07j),0.332686590170562
1020.0,2.846963880375591e-13,-5.313545394665907e-13,6.028181151669092e-13,-35.456180427417266,-32.74615604805975,-32.19813705264478,2.0000000000000002e-11,(-3.7965166447255924e-06+7.085781337939831e-06j),1.928654933106574e-15,2.984758217319445e-13,-5.020464685481862e-13,5.840706059546777e-13,-35.25090843474938,-32.99256083452451,-32.33534649594757,2e-11,(-3.981577896054442e-06+6.697149237631908e-06j),0.0,1.3727172957680305e-14,2.731199304006328e-14,3.056763388341555e-14,-48.62418894321678,-45.63646606900932,-45.147381769476425,2.026133532585029e-11,(1.7116637757649907e-07+3.646796653248914e-07j),0.11276137071785056,1.3723140537285883e-14,-2.7247253765316954e-14,3.050798951025252e-14,-48.62546489071292,-45.6467726346702,-45.155864116094094,2.0261401631040138e-11,(-1.7115419696105533e-07-3.6386753096604926e-07j),0.11278979523231711
1030.0,2.997935914414259e-13,-1.6153153312631406e-13,3.4054167683777867e-13,-35.23177655114735,-37.917426849367345,-34.67829729821536,2.0000000000000002e-11,(-3.997842641190384e-06+2.1540742346235515e-06j),1.928654933106574e-15,3.1700441763992027e-13,-1.3721214879677584e-13,3.45425787370679e-13,-34.9893468559527,-38.62607434388607,-34.61645243795942,2e-11,(-4.228743805453882e-06+1.8303688906836016e-06j),0.0,1.2785104980590834e-14,2.3046352544570484e-14,2.6355137544193524e-14,-48.93295701559889,-46.37397798912582,-45.791347129140824,1.9922262969134e-11,(1.6712415954380654e-07+3.1126490035136354e-07j),-0.03382654559462392,1.2781447334516926e-14,-2.2985035513247104e-14,2.6299757670181306e-14,-48.93419965128783,-46.385548209023455,-45.800482531447635,1.9922330154342333e-11,(-1.671037246640624e-07-3.104786622622154e-07j),-0.03379725362504217
1040.0,3.266304163401268e-13,1.9974579888233705e-13,3.828652674893188e-13,-34.85943375528298,-36.99522346138655,-34.1695402989652,2.0000000000000002e-11,(-4.355720214284364e-06-2.6636735906560157e-06j),1.928654933106574e-15,3.428006039013842e-13,2.167063627155119e-13,4.0555382093692656e-13,-34.64958421664803,-36.64128337172707,-33.91951502525916,2e-11,(-4.572857189329208e-06-2.8907978499422073e-06j),0.0,9.925968933891771e-15,1.828914878738858e-14,2.080908029307931e-14,-50.03227088383154,-47.37806506964407,-46.81747114044367,1.9749476711490745e-11,(1.3408044376659964e-07+2.474858108535092e-07j),-0.10948805511640322,9.923845892812851e-15,-1.8229971469570114e-14,2.0756073257859708e-14,-50.03319988497033,-47.39214011027852,-46.82854805146696,1.974954539280684e-11,(-1.340655836935503e-07-2.4671482940887933e-07j),-0.10945784888343785
1050.0,3.6738338580913684e-13,5.559576914679929e-13,6.663779009473567e-13,-34.3488048769968,-32.549582570890166,-31.76279413845802,2.0000000000000002e-11,(-4.899173989646905e-06-7.413872174391592e-06j),1.928654933106574e-15,3.7389538034452653e-13,5.675181989908444e-13,6.796136120096402e-13,-34.272499007277666,-32.46020207095947,-31.677379312134217,2e-11,(-4.987652176240938e-06-7.570522475150071e-06j),0.0,3.0818874617334845e-15,1.4938086998435955e-14,1.5252687418931504e-14,-55.11183224034373,-48.257050155874346,-48.1665362986564,1.973584312743512e-11,(4.433114481695912e-08+2.0178457692702782e-07j),-0.11548622414061287,3.082811632659007e-15,-1.4878504448797623e-14,1.519452606024118e-14,-55.110530109192965,-48.274407208248896,-48.183128416605136,1.973591345868126e-11,(-4.4336612135863295e-08-2.010025493725915e-07j),-0.11545527089733722
1060.0,4.2088548646550806e-13,9.070764095518833e-13,9.9996610216689e-13,-33.75836049915124,-30.42356127659822,-30.000147218913895,2.0000000000000002e-11,(-5.612641473621098e-06-1.2096151660509765e-05j),1.928654933106574e-15,4.129043061108128e-13,9.259481126787536e-13,1.0138391753025712e-12,-33.841505879162575,-30.334133491805552,-29.940309314110767,2e-11,(-5.5080195402660266e-06-1.2351869967028823e-05j),0.0,6.229919692816508e-15,1.8094405601242917e-14,1.9136860072677388e-14,-52.05517551605909,-47.42455678835981,-47.18129318647787,1.9880453635085868e-11,(-7.70728687884963e-08+2.4538273767443163e-07j),-0.052074113897941005,6.2264197009906554e-15,-1.8030103718581038e-14,1.9074929682587937e-14,-52.057616084076095,-47.44001774981544,-47.195370543440035,1.9880524905941828e-11,(7.705872872857996e-08-2.445474058691454e-07j),-0.05204297528858043
1070.0,4.806703645893517e-13,1.259312610713258e-12,1.3479288745686482e-12,-33.18152653182496,-28.998664476083817,-28.703330233773357,2.0000000000000002e-11,(-6.4098917881214684e-06-1.6793333137949684e-05j),1.928654933106574e-15,4.689425203331559e-13,1.296496306575017e-12,1.378698574866556e-12,-33.2888038677739,-28.872287160997004,-28.60530673331953,2e-11,(-6.2555525021902425e-06-1.729487168046495e-05j),0.0,1.0722521602830715e-14,2.730971833214548e-14,2.933927717078753e-14,-49.69703070108174,-45.63682779077615,-45.32550590036203,2.018897981835478e-11,(-1.268463039326996e-07+3.667848718647539e-07j),0.08168756469854135,1.0719916042704262e-14,-2.723837924190117e-14,2.9271930303419706e-14,-49.698086159802855,-45.648187377005144,-45.33548637577074,2.0189051814743372e-11,(1.2686516099017372e-07-3.6588356321865737e-07j),0.08171853959555371
1080.0,5.483637203834201e-13,1.625536420970028e-12,1.7155382320813472e-12,-32.609312857543024,-27.89003295470156,-27.655995989153315,2.0000000000000002e-11,(-7.312604161049808e-06-2.167704381976989e-05j),1.928654933106574e-15,5.444953730697484e-13,1.6778508834715176e-12,1.763989455314435e-12,-32.64005806374348,-27.752466390753412,-27.535040152996878,2e-11,(-7.263404885992485e-06-2.2382027300372883e-05j),0.0,9.740322802212689e-15,3.6060628287504586e-14,3.735294902388405e-14,-50.114266500108435,-44.429667107966665,-44.27675104846146,2.067428507645391e-11,(-9.961093826960593e-08+4.720496739068802e-07j),0.28801009549804535,9.740689188277464e-15,-3.598275140390294e-14,3.72778677563203e-14,-50.11410314160707,-44.439056316006145,-44.28548936665354,2.0674358935950078e-11,(9.968292764987678e-08-4.711001506613486e-07j),0.2880411260407759
1090.0,6.311525435362086e-13,2.013866641638179e-12,2.1104531227950224e-12,-31.998656632447286,-26.95969291835151,-26.75624289914476,2.0000000000000002e-11,(-8.416619379730207e-06-2.6855550496932567e-05j),1.928654933106574e-15,6.386184693433729e-13,2.074989280267017e-12,2.1710398574437793e-12,-31.947585254803805,-26.829841425822053,-26.63332203395418,2e-11,(-8.518978746068266e-06-2.7679734341365762e-05j),0.0,7.049721013792766e-15,4.2869333963148954e-14,4.344511895272365e-14,-51.5182806947211,-43.678532638272756,-43.620590093412915,2.1357102917017838e-11,(-4.9544508072206204e-08+5.409122710973571e-07j),0.5702468960930589,7.053154793250193e-15,-4.278488489681887e-14,4.336234966156224e-14,-51.51616584733777,-43.68709632045464,-43.628871928579755,2.135718000099961e-11,(4.966829600089065e-08-5.399242521031102e-07j),0.5702782459326342
1100.0,7.353319128663732e-13,2.430801083563498e-12,2.5395879449101962e-12,-31.33516585556866,-26.142505787318534,-25.952367431315515,2.0000000000000002e-11,(-9.80588431710906e-06-3.241550353827576e-05j),1.928654933106574e-15,7.541994092844061e-13,2.496844368958239e-12,2.6082654296990967e-12,-31.225138120850303,-26.026085268553306,-25.8364821478521,2e-11,(-1.006079380165325e-05-3.3307154635326846e-05j),0.0,4.317712538471629e-15,4.904601543394584e-14,4.92357011883829e-14,-53.647462751818,-43.0939626953462,-43.07719872711968,2.226830790289979e-11,(6.575672470434905e-10+5.903862365153465e-07j),0.933144439657178,4.323928277423667e-15,-4.8953664028726684e-14,4.91442527421646e-14,-53.64121518460046,-43.10214797059917,-43.08527264165679,2.2268389429703176e-11,(-4.852785955884699e-10-5.893573159190693e-07j),0.9331762396270522
1110.0,8.67848676806985e-13,2.884882732366645e-12,3.0125918584074533e-12,-30.615559943591506,-25.39871835791147,-25.2105970193035,2.0000000000000002e-11,(-1.1573037400692719e-05-3.847082636702255e-05j),1.928654933106574e-15,8.977744276211451e-13,2.953832277017056e-12,3.0872518594436444e-12,-30.468327692854423,-25.29614168209566,-25.104279391266555,2e-11,(-1.1976041462646591e-05-3.940323619708642e-05j),0.0,1.7957260378415764e-15,5.5826522973770465e-14,5.585539633145488e-14,-57.45759920079188,-42.53159420337445,-42.5293486223039,2.345261919260841e-11,(4.826739139421886e-08+6.341149669920648e-07j),1.3832271235857951,1.8046284971335254e-15,-5.5723868369061114e-14,5.5753082336540964e-14,-57.436121889111035,-42.539587423374066,-42.53731117432327,2.345270640084151e-11,(-4.804613491268534e-08-6.3303626367435e-07j),1.3832594218836394
1120.0,1.0385894644526317e-12,3.387729176972858e-12,3.543356749211855e-12,-29.835560872419187,-24.700913154745724,-24.50585120200158,2.0000000000000002e-11,(-1.3849919965654307e-05-4.517644321677591e-05j),1.928654933106574e-15,1.0796103828759785e-12,3.4584690026831862e-12,3.6230603667802787e-12,-29.667329473796368,-24.611161124311508,-24.40924429768623,2e-11,(-1.440167854088469e-05-4.613493868739407e-05j),0.0,6.606616906890073e-16,6.420816497471816e-14,6.421156378169098e-14,-61.800208755811695,-41.92409741744336,-41.92386753327712,2.497432736921982e-11,(9.592832678905169e-08+6.798188294531311e-07j),1.9292760917318488,6.488872483978912e-16,-6.409167864767496e-14,6.409496334766069e-14,-61.878307602916166,-41.931983535076,-41.931760964758745,2.497442169941811e-11,(-9.565315998105764e-08-6.786775728696072e-07j),1.9293088990276144
1130.0,1.262759959055354e-12,3.95496849794983e-12,4.151666958460061e-12,-28.986791976358628,-24.028569713878074,-23.8177749232343,2.0000000000000002e-11,(-1.6839304621645534e-05-5.274075949938294e-05j),1.928654933106574e-15,1.3154619690664829e-12,4.026729493713292e-12,4.236152807395027e-12,-28.809217031566284,-23.950475443020657,-23.730283823201,2e-11,(-1.754786792693434e-05-5.371536311560281e-05j),0.0,3.3008497156412607e-15,7.526429900448077e-14,7.533664655054095e-14,-54.81374248209367,-41.234109789393365,-41.22993715391164,2.6926559361563604e-11,(1.4765192823490061e-07+7.323785929792398e-07j),2.583017354913675,3.2856990802255707e-15,-7.51288978655437e-14,7.520071218370934e-14,-54.83372213810832,-41.24192982176129,-41.237780464297614,2.6926662626256012e-11,(-1.473128372623097e-07-7.311584695192233e-07j),2.58305066566793
1140.0,1.5646717653054574e-12,4.607715829491562e-12,4.86613223191594e-12,-28.055767542629575,-23.36514312894151,-23.12816093758848,2.0000000000000002e-11,(-2.086539432924123e-05-6.14453522273787e-05j),1.928654933106574e-15,1.6302790120183372e-12,4.679753824367536e-12,4.955593356371169e-12,-27.877380624608733,-23.297769921247536,-23.04904337955722,2e-11,(-2.1747432810431145e-05-6.242651172868467e-05j),0.0,6.456929428684558e-15,9.048861066199075e-14,9.071868934891178e-14,-51.899739602102926,-40.434060797773526,-40.42303232841017,2.9446692525303584e-11,(2.0855074328305882e-07+7.958015892543176e-07j),3.360130518298952,6.437479007145505e-15,-9.032678035535478e-14,9.055588542624905e-14,-51.91284174198634,-40.44183469661557,-40.43083318678675,2.944680711976753e-11,(-2.0813097233895713e-07-7.944820143429424e-07j),3.360164320157322
1150.0,1.9848297565825248e-12,5.3745970427076065e-12,5.729384132181817e-12,-27.022767377409266,-22.696540911683954,-22.418920590744868,2.0000000000000002e-11,(-2.646833442375136e-05-7.1671956472593e-05j),1.928654933106574e-15,2.0653624609720054e-12,5.445912452906398e-12,5.8244042218851295e-12,-26.85003720769577,-22.63929344546782,-22.347484919981994,2e-11,(-2.7551315460761247e-05-7.264683792650089e-05j),0.0,1.062067620770054e-14,1.1227841929604891e-13,1.1277961785149028e-13,-49.73847831284321,-39.497037101793495,-39.47769381331903,3.2742799413676936e-11,(2.858592993096562e-07+8.742417116857816e-07j),4.281716238170771,1.0595358698784985e-14,-1.1207857830179932e-13,1.1257828094312188e-13,-49.74884335954978,-39.50477386640907,-39.485453872499534,3.274292863069383e-11,(-2.8533182429676797e-07-8.727964727717625e-07j),4.281750516319052
1160.0,2.5941477413964518e-12,6.293674785477472e-12,6.80734491630527e-12,-25.860052936929236,-22.010957022428876,-21.670222438932566,2.0000000000000002e-11,(-3.459378303664893e-05-8.392814971857929e-05j),1.928654933106574e-15,2.6927145773760415e-12,6.362606660551565e-12,6.9089416926261994e-12,-25.698096785379853,-21.96364924230711,-21.605884724887147,2e-11,(-3.592000443939671e-05-8.487526357726946e-05j),0.0,1.662048667171913e-14,1.4482708733670282e-13,1.4577765879461004e-13,-47.793562635995826,-38.39150203465679,-38.363090288690344,3.7140539048530274e-11,(3.9112774154495743e-07+9.724369897471216e-07j),5.376364140548592,1.6586629514552647e-14,-1.4457045078234506e-13,1.4551883561265698e-13,-47.80241855804757,-38.399204648117376,-38.37080788992821,3.7140687593109744e-11,(-3.904483271586874e-07-9.708325782149824e-07j),5.376398879927086
1170.0,3.5241397180434706e-12,7.410770319288182e-12,8.206039085791279e-12,-24.529468818796122,-21.30136646537778,-20.85866418796958,2.0000000000000002e-11,(-4.699552105355648e-05-9.882497302250355e-05j),1.928654933106574e-15,3.645421373951616e-12,7.474191839570195e-12,8.315806674542222e-12,-24.382522643816454,-21.26435759336593,-20.8009561567961,2e-11,(-4.862882721993273e-05-9.970347630378331e-05j),0.0,2.6006942989382383e-14,1.960070215360884e-13,1.9772484309034515e-13,-45.84910694358099,-37.077283706855766,-37.03938760432318,4.316848338991449e-11,(5.446904802370101e-07+1.0951764289319511e-06j),6.682735909527798,2.5959804016257364e-14,-1.956612490346601e-13,1.9737587440810936e-13,-45.85698590568867,-37.08495178413746,-37.04705932982253,4.316865826586603e-11,(-5.437837651999485e-07-1.0933712048555587e-06j),6.682771096081032
1180.0,5.0339468237751125e-12,8.757933336925055e-12,1.0101584873603684e-11,-22.980913764441944,-20.57598364866179,-19.95610482864614,2.0000000000000002e-11,(-6.712927774343392e-05-0.00011678981920433292j),1.928654933106574e-15,5.184841588103691e-12,8.809398497484644e-12,1.0221941311767267e-11,-22.852645080239093,-20.550537440444092,-19.90466616831065,2e-11,(-6.91642309315001e-05-0.00011751473245501454j),0.0,4.19469633105432e-14,2.816260515096943e-13,2.8473282322190576e-13,-43.7729947381526,-35.50327173735914,-35.455624656859044,5.1711821349318004e-11,(7.851915039997062e-07+1.2432168473763668e-06j),8.251196774487537,4.187762017024069e-14,-2.811316176341961e-13,2.8423356857475997e-13,-43.78018006465475,-35.51090308459154,-35.463246322992404,5.1712033423602144e-11,(-7.839220091301373e-07-1.2411661979342743e-06j),8.251232395937372
1190.0,7.655865193745505e-12,1.0238306580078405e-11,1.2784177466402783e-11,-21.160057223221077,-19.897718698978263,-18.933272092327982,2.0000000000000002e-11,(-0.0001020933909214036-0.00013653106599983712j),1.928654933106574e-15,7.845536870052596e-12,1.0263441991496785e-11,1.2918617971446256e-11,-21.053773322907347,-19.887069679543984,-18.887839445049092,2e-11,(-0.00010465710757816587-0.0001369112363395397j),0.0,7.133576674880085e-14,4.350342400206885e-13,4.4084416930250687e-13,-41.46692666404803,-33.61476559903208,-33.55714898903673,6.424463106943762e-11,(1.189136222190448e-06+1.394288358658675e-06j),10.136136876407463,7.122637292176024e-14,-4.342744491115579e-13,4.4007669030606107e-13,-41.47359170777879,-33.62235721953199,-33.56471634253572,6.424489768454395e-11,(-1.1872477729396491e-06-1.3919785768258999e-06j),10.136172922759439
1200.0,1.2398354861823619e-11,1.1097271636087767e-11,1.663937021178456e-11,-19.066359375661275,-19.547837832890696,-17.788631154685408,2.0000000000000002e-11,(-0.0001653359950387498-0.00014798563749916704j),1.928654933106574e-15,1.2632402314907903e-11,1.1062859653936475e-11,1.6791797163150404e-11,-18.985140514321415,-19.561325971365125,-17.749028204628495,2e-11,(-0.00016851245618238034-0.00014757522806930844j),0.0,1.2869108162626232e-13,7.225458880667678e-13,7.339168582696077e-13,-38.904515489363774,-31.411345661474186,-31.34353136323567,8.278023724037446e-11,(1.892536761959162e-06+1.4227583067255632e-06j),12.337933420993664,1.28505642878286e-13,-7.21291067124418e-13,7.326489635323613e-13,-38.91077801382535,-31.418894463245543,-31.351040604444222,8.278058475742399e-11,(-1.88955370575897e-06-1.4203650170211231e-06j),12.337969884870848
