Freq(Hz),inlet | A = 7498.88 L**2 | TSW_real (mW) = 4.523e-10,inlet | A = 7498.88 L**2 | TSW_imag (mW) = 2.731e-12,inlet | A = 7498.88 L**2 | TSW_mag (mW) = 4.545e-10,inlet | A = 7498.88 L**2 | TSW_real (mW) = 4.523e-10 | SWL_real (dB),inlet | A = 7498.88 L**2 | TSW_imag (mW) = 2.731e-12 | SWL_imag (dB),inlet | A = 7498.88 L**2 | TSW_mag (mW) = 4.545e-10 | SWL_mag (dB),inlet | A = 7498.88 L**2 | P_rms (MPa),inlet | A = 7498.88 L**2 | V_mean (mm/s),inlet | A = 7498.88 L**2 | SPL (dB),outlet | A = 7496.42 L**2 | TSW_real (mW) = 3.364e-10,outlet | A = 7496.42 L**2 | TSW_imag (mW) = -1.077e-28,outlet | A = 7496.42 L**2 | TSW_mag (mW) = 3.364e-10,outlet | A = 7496.42 L**2 | TSW_real (mW) = 3.364e-10 | SWL_real (dB),outlet | A = 7496.42 L**2 | TSW_imag (mW) = -1.077e-28 | SWL_imag (dB),outlet | A = 7496.42 L**2 | TSW_mag (mW) = 3.364e-10 | SWL_mag (dB),outlet | A = 7496.42 L**2 | P_rms (MPa),outlet | A = 7496.42 L**2 | V_mean (mm/s),outlet | A = 7496.42 L**2 | SPL (dB),Tie-1_Master | A = 7498.47 L**2 | TSW_real (mW) = 3.888e-10,Tie-1_Master | A = 7498.47 L**2 | TSW_imag (mW) = -3.239e-12,Tie-1_Master | A = 7498.47 L**2 | TSW_mag (mW) = 3.901e-10,Tie-1_Master | A = 7498.47 L**2 | TSW_real (mW) = 3.888e-10 | SWL_real (dB),Tie-1_Master | A = 7498.47 L**2 | TSW_imag (mW) = -3.239e-12 | SWL_imag (dB),Tie-1_Master | A = 7498.47 L**2 | TSW_mag (mW) = 3.901e-10 | SWL_mag (dB),Tie-1_Master | A = 7498.47 L**2 | P_rms (MPa),Tie-1_Master | A = 7498.47 L**2 | V_mean (mm/s),Tie-1_Master | A = 7498.47 L**2 | SPL (dB),Tie-1_Slave | A = 7497.6 L**2 | TSW_real (mW) = 3.892e-10,Tie-1_Slave | A = 7497.6 L**2 | TSW_imag (mW) = 3.295e-12,Tie-1_Slave | A = 7497.6 L**2 | TSW_mag (mW) = 3.905e-10,Tie-1_Slave | A = 7497.6 L**2 | TSW_real (mW) = 3.892e-10 | SWL_real (dB),Tie-1_Slave | A = 7497.6 L**2 | TSW_imag (mW) = 3.295e-12 | SWL_imag (dB),Tie-1_Slave | A = 7497.6 L**2 | TSW_mag (mW) = 3.905e-10 | SWL_mag (dB),Tie-1_Slave | A = 7497.6 L**2 | P_rms (MPa),Tie-1_Slave | A = 7497.6 L**2 | V_mean (mm/s),Tie-1_Slave | A = 7497.6 L**2 | SPL (dB)
20.0,3.634231542810791e-12,-2.9446295167209923e-15,3.6342327357509584e-12,-24.395874065377168,-55.30969338895609,-24.395872639801386,1.9999999999999996e-11,(-4.846363045971517e-05+3.926756868902277e-08j),-9.643274665532871e-16,3.6124567480569017e-12,-1.3869073183668124e-29,3.6124567480569017e-12,-24.42197344011913,-198.57952560171668,-24.42197344011913,1.9999958804298203e-11,(4.5587971536539934e-05-1.5618402432383843e-05j),-1.7891084394254184e-05,3.627463432928438e-12,-3.027028968618737e-15,3.6274646959188103e-12,-24.403969568247387,-55.18983422832305,-24.403968056144883,1.9998822125242674e-11,(4.7730402355439845e-05-7.894788436016347e-06j),-0.0005115595714550912,3.631596477101212e-12,3.190464769073099e-15,3.6315978785597087e-12,-24.399024138690653,-54.96146046741832,-24.399022462718175,1.999882197892499e-11,(-4.779071408543001e-05+7.902581200825707e-06j),-0.0005116231201609863
30.0,3.729167088713038e-12,1.3780347965411416e-13,3.73171233812914e-12,-24.283881572446596,-38.60739815987892,-24.2809184155421,1.9999999999999996e-11,(-4.972962607939418e-05-1.8376531146539456e-06j),-9.643274665532871e-16,3.688349972047089e-12,-4.9814551590549353e-29,3.688349972047089e-12,-24.33167877282792,-193.02643774662937,-24.33167877282792,2.0208953959398338e-11,(4.272903091718975e-05-2.3349812898460008e-05j),0.0902767762068188,3.71305951223492e-12,-8.292280909631985e-14,3.713985343760345e-12,-24.302680899259812,-40.813259941521444,-24.30159814418685,2.015182255609412e-11,(4.7873981822146405e-05-1.1156534545602973e-05j),0.06568669453614465,3.7172846423767454e-12,8.321781559687687e-14,3.718216012724748e-12,-24.29774182546859,-40.797836882868054,-24.29665383146893,2.015182202592579e-11,(-4.793471849492001e-05+1.1167930854081963e-05j),0.06568646602164357
40.0,3.843360554834811e-12,2.0750973006256346e-13,3.848958384099624e-12,-24.15288871421664,-36.82961534549926,-24.146567845805457,1.9999999999999996e-11,(-5.12524321741207e-05-2.767208075787399e-06j),-9.643274665532871e-16,3.7811435644731265e-12,-3.490013172187946e-29,3.7811435644731265e-12,-24.22376832800171,-194.57172933901066,-24.22376832800171,2.046158898671419e-11,(3.848422782569585e-05-3.081555128591482e-05j),0.198187221033028,3.816900336015287e-12,-1.4228871433581e-13,3.819551577515475e-12,-24.18289179868479,-38.468295447228215,-24.17987621078343,2.0328277908340023e-11,(4.7807292532369955e-05-1.5033045928795001e-05j),0.14141187336901395,3.821236225645022e-12,1.4270200737543318e-13,3.823899862063702e-12,-24.17796113758073,-38.45569917663615,-24.174934892836454,2.0328276871451266e-11,(-4.7868306125554894e-05+1.5048728510721442e-05j),0.14141143032599865
50.0,3.963629385723147e-12,2.2083146936940032e-13,3.96977637219427e-12,-24.019069604582306,-36.55939037828554,-24.01233957483106,1.9999999999999996e-11,(-5.2856255185212124e-05-2.9448576953127063e-06j),-9.643274665532871e-16,3.877794858323468e-12,-4.7663454291014413e-29,3.877794858323468e-12,-24.11415169536488,-193.21814486430097,-24.11415169536488,2.0721452199946306e-11,(3.2730605970679105e-05-3.7702404209259345e-05j),0.30780385366985974,3.925888605616876e-12,-1.8863556762910141e-13,3.930417881229319e-12,-24.060620273677614,-37.24376416748764,-24.055612730688487,2.0494416914507112e-11,(4.732886312568457e-05-1.9403118670864517e-05j),0.21211142153284362,3.9303393881501596e-12,1.891565785369132e-13,3.934888552074679e-12,-24.055699463073115,-37.23178550101617,-24.050675636618198,2.0494415280460182e-11,(-4.738976377969864e-05+1.942371139517087e-05j),0.21211072899536318
60.0,4.0736783107213245e-12,1.8344478494865312e-13,4.077806636951561e-12,-23.900132692471658,-37.36494630052573,-23.895733716172032,1.9999999999999996e-11,(-5.4323792509340794e-05-2.4462943989081714e-06j),-9.643274665532871e-16,3.962495479887533e-12,-4.0194493900981137e-29,3.962495479887533e-12,-24.02031220183914,-193.95833435278686,-24.02031220183914,2.0946533614539594e-11,(2.5458640236712474e-05-4.3578308245352205e-05j),0.4016433471956009,4.0239494367532095e-12,-2.2237775427561893e-13,4.030089445054928e-12,-23.953474850786286,-36.52908659889265,-23.946853148855133,2.0612359600692446e-11,(4.6225254843393125e-05-2.4139679996986064e-05j),0.2619542967861251,4.028501549359359e-12,2.2299294082759268e-13,4.03466858426435e-12,-23.94856464990495,-36.51708884970442,-23.94192133292959,2.0612357324193008e-11,(-4.628538669191135e-05+2.4165705396711376e-05j),0.2619533374867343
70.0,4.15650932402048e-12,1.0417372199387834e-13,4.157814561163502e-12,-23.812712409371137,-39.82241818774798,-23.811348841385875,1.9999999999999996e-11,(-5.54283703470064e-05-1.3891896283580483e-06j),-9.643274665532871e-16,4.019097317760739e-12,2.241880688524997e-29,4.019097317760739e-12,-23.958714777455658,-196.4938750400421,-23.958714777455658,2.109560739144559e-11,(1.685071949773331e-05-4.795465714068184e-05j),0.4632407715790807,4.094437182735777e-12,-2.4203652991345845e-13,4.101584757771298e-12,-23.87805787488629,-36.161190821907745,-23.8704830948128,2.064666148278671e-11,(4.432036559988935e-05-2.903786303796161e-05j),0.2763968319248477,4.099058948805227e-12,2.427273932699893e-13,4.1062392591304096e-12,-23.87315836024377,-36.148812081152755,-23.865557490977256,2.064665857551516e-11,(-4.437883808094221e-05+2.9069636387765695e-05j),0.2763956088582704
80.0,4.198345933966113e-12,-2.0030795259415365e-15,4.1983464118123194e-12,-23.76921779421361,-56.9830180807439,-23.769217299909513,1.9999999999999996e-11,(-5.5986274811872805e-05+2.67117008872723e-08j),-9.643274665532871e-16,4.03491066869885e-12,-4.413183191089766e-30,4.03491066869885e-12,-23.941660759408233,-203.5524804462891,-23.941660759408233,2.1137067541132417e-11,(7.315569635801133e-06-5.040082059686907e-05j),0.4802947896265028,4.123998215130359e-12,-2.4620436801956907e-13,4.131340928709503e-12,-23.846815313514703,-36.0870424632766,-23.839089644647583,2.057284398600356e-11,(4.153172691892554e-05-3.3822601113600914e-05j),0.2452867393335091,4.128643720779663e-12,2.4694764515845637e-13,4.1360224990421234e-12,-23.841925927308672,-36.07395110824823,-23.834171074423377,2.0572840523542062e-11,(-4.1587514012030415e-05+3.386013262844456e-05j),0.24528527747626594
90.0,4.1927082740967705e-12,-1.1530070606539501e-13,4.194293376064519e-12,-23.775053544715984,-39.38168033213835,-23.77341195437236,1.9999999999999996e-11,(-5.591109482915929e-05+1.5375714906089195e-06j),-9.643274665532871e-16,4.00451175393612e-12,-4.215895128959741e-31,4.00451175393612e-12,-23.97450427269473,-210.0,-23.97450427269473,2.105729393828708e-11,(-2.5584282451105816e-06-5.067220520438273e-05j),0.44745127634000637,4.106531981035201e-12,-2.3468407187012976e-13,4.113232490980109e-12,-23.865247906053195,-36.295163851932756,-23.858167423030878,2.0384935866183084e-11,(3.79075484734847e-05-3.820267939545826e-05j),0.1655870755213125,4.111149263669105e-12,2.3545382042772656e-13,4.117886201647762e-12,-23.86036754985392,-36.28094258386605,-23.85325659339967,2.0384931986343244e-11,(-3.795963838197452e-05+3.824563649940063e-05j),0.16558542234643395
100.0,4.142554693665154e-12,-2.1535915034210476e-13,4.148148858664943e-12,-23.82731748931519,-36.66836670877659,-23.82145667100552,1.9999999999999996e-11,(-5.524228092458634e-05+2.8718825851766553e-06j),-9.643274665532871e-16,3.931574741654027e-12,3.5181300402491246e-29,3.931574741654027e-12,-24.05433463714018,-194.53688111803274,-24.05433463714018,2.0864646989940392e-11,(-1.2127692435868164e-05-4.878780425652598e-05j),0.3676209118945615,4.045210891871044e-12,-2.089379280114792e-13,4.050603191806605e-12,-23.93058832076829,-36.79982716405764,-23.924802994107168,2.0098362300754717e-11,(3.3619871376933463e-05-4.19436602349978e-05j),0.0426135010783884,4.049752214625929e-12,2.0970875848363066e-13,4.055178265286541e-12,-23.92571548418102,-36.783834308523595,-23.919900494852406,2.0098358192217836e-11,(-3.366741792573814e-05+4.199141622758754e-05j),0.04261172549582789
110.0,4.059214595870835e-12,-2.860930676419558e-13,4.069284013027796e-12,-23.915579885105082,-35.43492665512881,-23.90481997788332,1.9999999999999996e-11,(-5.413091428368799e-05+3.815141810299317e-06j),-9.643274665532871e-16,3.8276022063783195e-12,3.864520492964962e-29,3.8276022063783195e-12,-24.170732037457082,-194.12904385362322,-24.170732037457082,2.058691025251214e-11,(-2.0840363786987066e-05-4.501302300205406e-05j),0.25122351157765627,3.951343838527598e-12,-1.7180180824606693e-13,3.955076989337455e-12,-24.032551771831635,-37.649722694503176,-24.02845058128634,1.974644329062191e-11,(2.8912528566050138e-05-4.4922341084020695e-05j),-0.11082226679917427,3.955774545906062e-12,1.7255203127122537e-13,3.959536142218447e-12,-24.02768468404254,-37.630799238561686,-24.02355688487213,1.9746439174455592e-11,(-2.8954949369888436e-05+4.497409427997864e-05j),-0.11082407738194905
120.0,3.958758612255478e-12,-3.187887787065881e-13,3.971573496177071e-12,-24.024409788139785,-34.96496974075103,-24.010373961792254,1.9999999999999996e-11,(-5.279130187593358e-05+4.251149488948333e-06j),-9.643274665532871e-16,3.708288465445264e-12,-1.5244884104964914e-29,3.708288465445264e-12,-24.308264897167838,-198.16875872890304,-24.308264897167838,2.0263503150333303e-11,(-2.833507878781263e-05-3.976074371418032e-05j),0.11369065186690037,3.84075960705754e-12,-1.2671678108947824e-13,3.842849398794399e-12,-24.1558287445304,-38.97165867737164,-24.153466351958542,1.9372184851522354e-11,(2.403012815275786e-05-4.713750482435281e-05j),-0.2770278236781814,3.845062879815214e-12,1.2743039722253308e-13,3.847173905072288e-12,-24.150965536171725,-38.947269631202694,-24.148581816926047,1.9372180960425177e-11,(-2.406712171379825e-05+4.719241979292322e-05j),-0.27702956832620695
130.0,3.857784602891887e-12,-3.124779265308048e-13,3.870419162943299e-12,-24.13662024589221,-35.051806558381514,-24.1224199872901,1.9999999999999996e-11,(-5.144478143050038e-05+4.16699227328108e-06j),-9.643274665532871e-16,3.589463115789066e-12,-8.276008189193862e-30,3.589463115789066e-12,-24.449705049835014,-200.82179088267307,-24.449705049835014,1.9936206370663647e-11,(-3.445724136417166e-05-3.346798925237667e-05j),-0.027749500800273143,3.729669841853246e-12,-7.692736507264323e-14,3.7304631011077746e-12,-24.28329611142388,-41.139191428255955,-24.282372513625038,1.9019160392597663e-11,(1.9161330245690195e-05-4.8679857007671595e-05j),-0.4367730943854658,3.7338468659931305e-12,7.759453726607852e-14,3.7346530402301445e-12,-24.27843497479047,-41.10168852436492,-24.27749739153187,1.90191569522954e-11,(-1.919282310441614e-05+4.873717857586285e-05j),-0.4367746655425454
140.0,3.770341745251444e-12,-2.7229026749946073e-13,3.780161222191539e-12,-24.23619283388271,-35.64967881417352,-24.224896773016617,1.9999999999999996e-11,(-5.027870318559298e-05+3.631077091930322e-06j),-9.643274665532871e-16,3.484234481791059e-12,1.8446097919111365e-29,3.484234481791059e-12,-24.578926255583834,-197.34095490286944,-24.578926255583834,1.964180794876136e-11,(-3.920896571379521e-05-2.6503197581087098e-05j),-0.1569707065490955,3.631689956921629e-12,-2.498448505979825e-14,3.6317758972297735e-12,-24.398912349707672,-46.023295971116376,-24.398809579481025,1.872467178365425e-11,(1.4413708995620183e-05-4.968372107690252e-05j),-0.5723156355660759,3.6357568524578974e-12,2.560083152929974e-14,3.6358469842348354e-12,-24.39405168675251,-45.91745928331841,-24.393944024854942,1.8724668998564808e-11,(-1.4439767104060781e-05+4.974283565336818e-05j),-0.5723169274969357
150.0,3.706525876254776e-12,-2.0715793816103168e-13,3.712310396867342e-12,-24.310329636049847,-36.83698420157246,-24.303557183338675,1.9999999999999996e-11,(-4.9427698329108765e-05+2.762516819186458e-06j),-9.643274665532871e-16,3.4017789031763415e-12,1.2081434924300003e-29,3.4017789031763415e-12,-24.682939165467403,-199.1788148105461,-24.682939165467403,1.9408001399639408e-11,(-4.267264058196807e-05-1.9125951773168027e-05j),-0.2609836164326672,3.556517835533453e-12,2.7368505591840037e-14,3.556623138535469e-12,-24.48975009023114,-45.62748915813711,-24.48962150424396,1.8516231288085614e-11,(9.817120444386375e-06-5.0282664384931304e-05j),-0.6695479740756527,3.560501196354655e-12,-2.6803174897169333e-14,3.5606020810289232e-12,-24.484888639680097,-45.718137597527544,-24.484765586676538,1.851622933099954e-11,(-9.837858316151424e-06+5.034310926231134e-05j),-0.6695488921369082
160.0,3.672311847242634e-12,-1.278842433107462e-13,3.674537887011886e-12,-24.350604462654296,-38.93182961891528,-24.3479727038656,1.9999999999999996e-11,(-4.8971443398995006e-05+1.705376951474821e-06j),-9.643274665532871e-16,3.3473115327248522e-12,-3.7794092019689066e-30,3.3473115327248522e-12,-24.753038661760954,-204.2257608386069,-24.753038661760954,1.9251999424708963e-11,(-4.494090397899332e-05-1.1491596325246314e-05j),-0.3310831127262153,3.5098277113224907e-12,7.902972365277108e-14,3.510717342707599e-12,-24.547142014425432,-41.022095366775844,-24.546041353435225,1.8410625003252826e-11,(5.3429700959997055e-06-5.0579416091982096e-05j),-0.7192292699168947,3.513760082908805e-12,-7.851269763632829e-14,3.5146371311891394e-12,-24.54227895153162,-41.05060100357382,-24.541195070757993,1.8410624007453643e-11,(-5.358478078261659e-06+5.06408510408925e-05j),-0.7192297397218057
170.0,3.6698958813390194e-12,-4.590500718185706e-14,3.670182972217252e-12,-24.353462569471922,-43.38139940326636,-24.353122840194423,1.9999999999999996e-11,(-4.8939225727287306e-05+6.121578325720663e-07j),-9.643274665532871e-16,3.322526637713815e-12,-3.9583136581738255e-30,3.322526637713815e-12,-24.78531528499378,-204.02489795117773,-24.78531528499378,1.9180592067505542e-11,(-4.6067815996167484e-05-3.682925585964025e-06j),-0.36335973595903803,3.4936614233771265e-12,1.2923424434698948e-13,3.4960508622022973e-12,-24.567191855247614,-38.886223922205055,-24.564222576700395,1.8414202146686378e-11,(9.284118799960602e-07-5.06299775385051e-05j),-0.7175417848376264,3.497577238689147e-12,-1.2876093720519532e-13,3.4999465595272105e-12,-24.56232685995221,-38.902158708994136,-24.559385868153328,1.841420219869777e-11,(-9.38709224048211e-07+5.0692134310698524e-05j),-0.7175417603041052
180.0,3.6979928365715125e-12,2.7429254978322624e-14,3.6980945611710486e-12,-24.3203393445334,-45.61785988356007,-24.320219880200767,1.9999999999999996e-11,(-4.931390753811588e-05-3.65777816134028e-07j),-9.643274665532871e-16,3.3259817562608736e-12,1.0038989278603844e-30,3.3259817562608736e-12,-24.780801373104147,-209.98310009583534,-24.780801373104147,1.9190562491613053e-11,(-4.604348626695263e-05+4.245502034145289e-06j),-0.35884582406940924,3.5067748814462856e-12,1.7721337034141137e-13,3.511249727343581e-12,-24.55092112899137,-37.5150351469253,-24.54538281514305,1.8523291992217718e-11,(-3.4996855012716294e-06-5.043781451468179e-05j),-0.6662364575025459,3.51070677972865e-12,-1.7677799894458641e-13,3.515154698465426e-12,-24.546054420423886,-37.52571786446936,-24.540555573549664,1.8523293123790637e-11,(3.4946705166053935e-06+5.05004357701469e-05j),-0.6662359268885922
190.0,3.751853483833285e-12,8.144195968359335e-14,3.75273731520727e-12,-24.25754129889228,-40.89151784742934,-24.256518343475506,1.9999999999999996e-11,(-5.0032156354809814e-05-1.0860543670720599e-06j),-9.643274665532871e-16,3.353209678863548e-12,1.4767014766348175e-29,3.353209678863548e-12,-24.74539288943309,-198.3070729084497,-24.74539288943309,1.9268953497875524e-11,(-4.4790996345911804e-05+1.221861334063829e-05j),-0.32343734039835587,3.5447102955606007e-12,2.2187828000775163e-13,3.5516476529341308e-12,-24.50419253338659,-36.53885209414969,-24.495701256571163,1.8724255726022054e-11,(-8.001613633843254e-06-4.995509334318653e-05j),-0.5725086360559051,3.5486855078211782e-12,-2.2147423025530578e-13,3.5555899184364937e-12,-24.499324870626047,-36.54676799052654,-24.490883338745085,1.8724257904757513e-11,(8.00203620811169e-06+5.0017869111280766e-05j),-0.5725076253746294
200.0,3.823089751107523e-12,1.0700273143682295e-13,3.824586883515437e-12,-24.17585506335351,-39.70605136026948,-24.174154687192736,1.9999999999999996e-11,(-5.098211457619437e-05-1.4269153666867282e-06j),-9.643274665532871e-16,3.3966375280850668e-12,3.0990959517414317e-29,3.3966375280850668e-12,-24.689507963597954,-195.08764977272585,-24.689507963597954,1.9393329436954235e-11,(-4.218646369946806e-05+2.0093398594168443e-05j),-0.2675524145632144,3.599671789508869e-12,2.615811542148865e-13,3.6091635724120867e-12,-24.43737095483616,-35.82393548250324,-24.425934346525594,1.8993343547397305e-11,(-1.2601822589868985e-05-4.909111171739178e-05j),-0.44857143858535947,3.6037083781263934e-12,-2.6120113384387935e-13,3.613162064853954e-12,-24.432503605605646,-35.830249421708096,-24.421125581404585,1.8993346666496872e-11,(1.2607885153822141e-05+4.91536217555765e-05j),-0.44857001218287684
210.0,3.89969824052921e-12,9.795578211692419e-14,3.9009283129066544e-12,-24.089689974717903,-40.08969923453228,-24.088320306149274,1.9999999999999996e-11,(-5.200371308406988e-05-1.3062714276689516e-06j),-9.643274665532871e-16,3.4456556089012853e-12,-3.001655889220903e-29,3.4456556089012853e-12,-24.627281321776337,-195.2263909689569,-24.627281321776337,1.9532764188402762e-11,(-3.8104825134576056e-05+2.7621958256739243e-05j),-0.20532577274159702,3.660562998967198e-12,2.940323189353121e-13,3.6723529887507014e-12,-24.364521144577623,-35.31604930935292,-24.3505558082083,1.9297148349683003e-11,(-1.7267408393666215e-05-4.773083604275562e-05j),-0.3107372020353979,3.664666156890562e-12,-2.9366842177920674e-13,3.676413902624313e-12,-24.359655825028028,-35.3214275073413,-24.34575600249292,1.92971522187686e-11,(1.727929528261787e-05+4.779251040758983e-05j),-0.3107354605113907
220.0,3.966895233682172e-12,5.3025588003334296e-14,3.967249615034758e-12,-24.015492691589575,-42.75514506871985,-24.01510473329299,1.9999999999999996e-11,(-5.2899806303724894e-05-7.071130365885141e-07j),-9.643274665532871e-16,3.4873651526326945e-12,3.210527298140557e-29,3.4873651526326945e-12,-24.575025764351214,-194.93423633057435,-24.575025764351214,1.9650630292509618e-11,(-3.248956954624363e-05+3.444107663446042e-05j),-0.15307021531647497,3.713750236784841e-12,3.1647802271774957e-13,3.727210640691347e-12,-24.301873074981156,-34.9965644344696,-24.28616062705001,1.9594870886558503e-11,(-2.1894134137643553e-05-4.576629892951969e-05j),-0.17775178939313183,3.717909494705686e-12,-3.161218373808387e-13,3.731324701348266e-12,-24.297011864921227,-35.00145502495054,-24.28136956837486,1.9594875227078084e-11,(2.191192365872822e-05+4.582641367356736e-05j),-0.1777498653554538
230.0,4.009313212165941e-12,-2.2444730848936823e-14,4.009376036142189e-12,-23.96930014839045,-46.48885598171546,-23.969232097103333,1.9999999999999996e-11,(-5.3465463502466724e-05+2.9930760569794397e-07j),-9.643274665532871e-16,3.50847203229e-12,3.97730793027291e-29,3.50847203229e-12,-24.548819810905698,-194.00410783859056,-24.548819810905698,1.9710007183872023e-11,(-2.5430792035768807e-05+4.010735947438127e-05j),-0.1268642618709621,3.745058512125448e-12,3.2620956203069206e-13,3.759238744427325e-12,-24.265413925720733,-34.86503312834979,-24.249000919252303,1.9843454921443546e-11,(-2.6310426129548386e-05-4.313818839424407e-05j),-0.06825413485025077,3.749247266796582e-12,-3.2585243293900397e-13,3.7633807773907104e-12,-24.260559164565223,-34.86979032047422,-24.24421837711673,1.984345937104627e-11,(2.6333999669139318e-05+4.3195912144334506e-05j),-0.06825218716754967
240.0,4.01450162917844e-12,-1.1607225282715782e-13,4.01617929113638e-12,-23.96368361501586,-39.35271586327521,-23.96186907562957,1.9999999999999996e-11,(-5.353465268917719e-05+1.5478603114239918e-06j),-9.643274665532871e-16,3.498268874880173e-12,3.239547662284041e-29,3.498268874880173e-12,-24.56146813957058,-194.89515626055226,-24.56146813957058,1.9681326503610928e-11,(-1.7217720338729974e-05+4.4184999996904275e-05j),-0.13951259053583734,3.742955690973407e-12,3.2132697953694326e-13,3.756723084334078e-12,-24.267853140236085,-34.93052808304362,-24.25190816482521,2.000548449371596e-11,(-3.0308252602126718e-05-3.987481870884799e-05j),0.0023815588306863355,3.747134388370097e-12,-3.2096044854830154e-13,3.7608551865284665e-12,-24.263007309571876,-34.93548481724494,-24.247133889659054,2.0005488622826176e-11,(3.0337233685529163e-05+3.9929312138538036e-05j),0.00238335158866378
250.0,3.976621840795319e-12,-2.1033333382257588e-13,3.982180480089679e-12,-24.004857065409286,-36.770918944653445,-23.998790608001176,1.9999999999999996e-11,(-5.3029513695013945e-05+2.8048617276194087e-06j),-9.643274665532871e-16,3.4517522850366883e-12,-1.4708730618384224e-30,3.4517522850366883e-12,-24.619603789770604,-208.32424805805357,-24.619603789770604,1.9550036998094688e-11,(-8.327024317188766e-06+4.636291933220536e-05j),-0.19764824073586568,3.701920325081609e-12,3.014620595488532e-13,3.714174668294393e-12,-24.315729326251912,-35.20767338135458,-24.30137676338646,2.005775110217006e-11,(-3.369777598884674e-05-3.6107987561590594e-05j),0.025044843190699703,3.7060434564145754e-12,-3.010783923737591e-13,3.718253124679338e-12,-24.310894925264567,-35.21320411573162,-24.296610484238425,2.0057754442098778e-11,(3.373153241495527e-05+3.615853241148371e-05j),0.025046289526816853
260.0,3.898521437774628e-12,-2.866340711263607e-13,3.909044447370588e-12,-24.0910007327308,-35.42672187899911,-24.079293914408563,1.9999999999999996e-11,(-5.198802004603689e-05+3.822356263378806e-06j),-9.643274665532871e-16,3.3713346267255583e-12,-3.7506438843663906e-31,3.3713346267255583e-12,-24.721981388086427,-210.0,-24.721981388086427,1.932096010312432e-11,(6.656722533893229e-07+4.654803613107873e-05j),-0.3000258390516858,3.624342181829723e-12,2.680632534577873e-13,3.63424189602792e-12,-24.407708063967,-35.71762715723545,-24.39586169319171,1.999695310280135e-11,(-3.636514626460719e-05-3.205095289717286e-05j),-0.001323351445753579,3.628367361053985e-12,-2.676558579164342e-13,3.63822612890387e-12,-24.402887484030874,-35.72423247206972,-24.391103114618865,1.999695517950715e-11,(3.640286635876918e-05+3.209706538445346e-05j),-0.0013224494065115354
270.0,3.790948971315955e-12,-3.299190373320976e-13,3.8052780022378965e-12,-24.212520614255975,-34.81592623618837,-24.19613609477507,1.9999999999999996e-11,(-5.0553507082104715e-05+4.399575018415435e-06j),-9.643274665532871e-16,3.266116212896939e-12,-1.8768120999020845e-29,3.266116212896939e-12,-24.85968366530781,-197.26579205301135,-24.85968366530781,1.9017069332649482e-11,(9.216517727205555e-06+4.488406579600852e-05j),-0.4377281162730702,3.5198222307258245e-12,2.2403585685993087e-13,3.526944938763672e-12,-24.53479270091301,-36.496824674240585,-24.526013203091935,1.9839748010776434e-11,(-3.830551272926469e-05-2.7944423231828302e-05j),-0.06987687770703806,3.523718361259541e-12,-2.2359941534842352e-13,3.5308055437848434e-12,-24.529988105434228,-36.50529336345925,-24.521262001901498,1.9839748375227123e-11,(3.8346331888513276e-05+2.798590844472777e-05j),-0.0698767181496466
280.0,3.669336062750821e-12,-3.3174077775454325e-13,3.684301709283441e-12,-24.354125107803032,-34.79201141488344,-24.336448124296655,1.9999999999999996e-11,(-4.893176036883028e-05+4.423868504833928e-06j),-9.643274665532871e-16,3.1491059433653897e-12,7.201812490617576e-30,3.1491059433653897e-12,-25.018127284250564,-201.4255819028912,-25.018127284250564,1.8673314377510487e-11,(1.6923720473079197e-05+4.1688032694221657e-05j),-0.5961717352158226,3.402252972177163e-12,1.7291628309973928e-13,3.40664429132972e-12,-24.682333978557047,-37.621641083605816,-24.676732114211486,1.961727083381599e-11,(-3.961669795355575e-05-2.399612790672684e-05j),-0.16782815439618454,3.406004995781608e-12,-1.7244655324913625e-13,3.410367699386208e-12,-24.677547193684873,-37.633454816087976,-24.671987936745424,1.961726908137164e-11,(3.965982915842928e-05+2.4033059879958686e-05j),-0.16782893032159363
290.0,3.5498964945221427e-12,-2.907922394630543e-13,3.561786805572806e-12,-24.49784309624684,-35.36417187920789,-24.483320792394956,1.9999999999999996e-11,(-4.733899583836073e-05+3.8778067571860756e-06j),-9.643274665532871e-16,3.0338910118756352e-12,1.9895693504067591e-29,3.0338910118756352e-12,-25.180000246670136,-197.01240918053634,-25.180000246670136,1.8328535320547655e-11,(2.3572489999535176e-05+3.734403710539099e-05j),-0.7580446976353974,3.2862677086767217e-12,1.1800633744359427e-13,3.2883857664161306e-12,-24.832970606011045,-39.280946686017096,-24.83017240280875,1.936698777367353e-11,(-4.04624938931345e-05-2.0340275975257985e-05j),-0.2793583455684085,3.2898772740924013e-12,-1.1749972383014487e-13,3.29197488807096e-12,-24.828203027122093,-39.299631541512674,-24.82543486343671,1.9366983550011398e-11,(4.050732163783501e-05+2.0372921660265462e-05j),-0.2793602398365088
300.0,3.4467178372459373e-12,-2.114485930468172e-13,3.4531977002614244e-12,-24.625942683016085,-36.747952002500504,-24.617785569894522,1.9999999999999996e-11,(-4.5963075713663285e-05+2.819734063152718e-06j),-9.643274665532871e-16,2.9321755117644025e-12,-1.7878260305060295e-29,2.9321755117644025e-12,-25.32810037608852,-197.47674743743192,-25.32810037608852,1.8018670944818337e-11,(2.911351367862669e-05+3.220645128175325e-05j),-0.9061448270537802,3.18458602373721e-12,6.18158493080641e-14,3.185185919504237e-12,-24.969470152255518,-42.08900159465564,-24.968652127923008,1.9125289670746377e-11,(-4.1027713399292486e-05-1.7026542237126472e-05j),-0.3884394796904225,3.188069151467455e-12,-6.126891541673527e-14,3.1886578359138442e-12,-24.96472267020273,-42.1275980748747,-24.963920809286048,1.912528266703731e-11,(4.1073835393648386e-05+1.705526348276833e-05j),-0.38844266047650355
310.0,3.3704713488974755e-12,-1.0160867710338668e-13,3.372002585556759e-12,-24.72309360282678,-39.93069202906343,-24.721121010423715,1.9999999999999996e-11,(-4.4946304604931766e-05+1.3549839410701039e-06j),-9.643274665532871e-16,2.852706436471551e-12,-3.897884469147073e-29,2.852706436471551e-12,-25.447429179960018,-194.0917103724392,-25.447429179960018,1.7772818840463862e-11,(3.360433072283134e-05+2.6542690077303064e-05j),-1.0254736309252814,3.106830451821391e-12,5.904904403968866e-15,3.1068360633063224e-12,-25.07682446728144,-52.28787128899725,-25.076816623162564,1.8922740969838006e-11,(-4.148292615411685e-05-1.4031101629247288e-05j),-0.48091902475764303,3.11021390216744e-12,-5.313967977509239e-15,3.110218441764385e-12,-25.072097417331385,-52.745810670188796,-25.072091078473267,1.8922730912522523e-11,(4.1530150259756254e-05+1.4056263693983631e-05j),-0.4809236412535139
320.0,3.328403379362224e-12,2.911570294064755e-14,3.328530723894193e-12,-24.777640457181317,-45.35872720254253,-24.777474299527707,1.9999999999999996e-11,(-4.4385314886546846e-05-3.882671346798798e-07j),-9.643274665532871e-16,2.8012903776394807e-12,1.45752025457196e-29,2.8012903776394807e-12,-25.526418705159138,-198.3638540131151,-25.526418705159138,1.761192542580407e-11,(3.714509303782481e-05+2.0517157166707017e-05j),-1.1044631561244005,3.0595128467136544e-12,-4.897891385369294e-14,3.059904866692456e-12,-25.14347718886637,-43.09990849929514,-25.14292075646775,1.8782047309375783e-11,(-4.196462655016346e-05-1.1276219958852214e-05j),-0.5457413104781466,3.062830531006924e-12,4.961801951726045e-14,3.0632324119349757e-12,-25.138770324081413,-43.04360574402597,-25.138200513841753,1.8782033949909092e-11,(4.201293995372772e-05+1.1298119872768586e-05j),-0.5457474886595054
330.0,3.3249133810472692e-12,1.7043617835715626e-13,3.3292788231627845e-12,-24.782196642325154,-37.68438212426327,-24.77649831671133,1.9999999999999996e-11,(-4.433877465193368e-05-2.272820503472627e-06j),-9.643274665532871e-16,2.7813080961863824e-12,-2.9276717738477817e-29,2.7813080961863824e-12,-25.557509000023092,-195.33477614361257,-25.557509000023092,1.7548997944930344e-11,(3.982629678143437e-05+1.420317216796819e-05j),-1.135553450988358,3.046561202823134e-12,-1.0261917808507334e-13,3.0482890050416803e-12,-25.161900928451487,-39.887714680917306,-25.15943860382055,1.8717763116453377e-11,(-4.256732421518283e-05-8.64840350464227e-06j),-0.5755209784714709,3.0498512508296035e-12,1.0331113532397383e-13,3.0516005378929964e-12,-25.157213418070647,-39.85852865807353,-25.154723172253686,1.8717746225216125e-11,(4.2616849521486306e-05+8.66721884317504e-06j),-0.575528816773939
340.0,3.3621195841653106e-12,3.1170586452405595e-13,3.3765379672390196e-12,-24.73386843597471,-35.06255026704626,-24.715283625231873,1.9999999999999996e-11,(-4.483493117291507e-05-4.156696581510676e-06j),-9.643274665532871e-16,2.7942231546820272e-12,1.4120915059324425e-29,2.7942231546820272e-12,-25.537389128328023,-198.50137159350882,-25.537389128328023,1.7589695312339392e-11,(4.1692453435259e-05+7.609368850976573e-06j),-1.1154335792932808,3.069843883642385e-12,-1.550082819189912e-13,3.0737548759457117e-12,-25.12883709928875,-38.09645097341777,-25.123307693245117,1.8736609332855865e-11,(-4.3340957807076966e-05-6.011373217930315e-06j),-0.5667798804966505,3.073146364450895e-12,1.5575807492487978e-13,3.0770910216049926e-12,-25.12416755148881,-38.075494290706416,-25.118596569549734,1.873658870034356e-11,(4.3391903477423495e-05+6.027126071156796e-06j),-0.5667894452914503
350.0,3.4400434243345816e-12,4.418024565506596e-13,3.4682975898734226e-12,-24.63436075210488,-33.54771873653742,-24.59883645885825,1.9999999999999996e-11,(-4.5874070300259905e-05-5.89157590490383e-06j),-9.643274665532871e-16,2.8397808817277264e-12,-1.631304444196432e-30,2.8397808817277264e-12,-25.467151689416227,-207.8746498065434,-25.467151689416227,1.7732508987808913e-11,(4.271927769247724e-05+7.131914647276982e-07j),-1.045196140381491,3.129357358982626e-12,-2.0602422360878824e-13,3.1361319265828596e-12,-25.045448394832892,-36.860817138000634,-25.036056762867602,1.88375819414705e-11,(-4.428802541297636e-05-3.215003731190936e-06j),-0.5200968240509922,3.132712282144381e-12,2.0683661996542957e-13,3.1395330273875096e-12,-25.040794902172276,-36.84372567894537,-25.031349438728085,1.8837557389347502e-11,(4.434063098210201e-05+3.227534959384365e-06j),-0.520108144886669
360.0,3.5562400310731098e-12,5.489439282431696e-13,3.5983583194231664e-12,-24.49008933682578,-32.60472014198791,-24.438955924079316,1.9999999999999996e-11,(-4.7423588910539065e-05-7.320341416910771e-06j),-9.643274665532871e-16,2.9157620194862e-12,-8.550561246432678e-30,2.9157620194862e-12,-25.35247925430064,-200.68005377876628,-25.35247925430064,1.7968168449653316e-11,(4.2802280078202656e-05-6.499896217874048e-06j),-0.9305237052659057,3.222921729978354e-12,-2.551107618490962e-13,3.2330026257919886e-12,-24.917502413853555,-35.93271220288314,-24.903939426614077,1.9011463219055297e-11,(-4.535741231867379e-05-1.0421727550637581e-07j),-0.44028903993027885,3.2263667857588307e-12,2.559894057202835e-13,3.2365063281397722e-12,-24.91286261876928,-35.917780078616964,-24.899235394961984,1.901143462342103e-11,(4.54118844178735e-05+1.1317039154166792e-07j),-0.44030210461169283
370.0,3.7048725562503795e-12,6.208649310097254e-13,3.756534828883519e-12,-24.312267267046693,-32.070028701895914,-24.252125802245157,1.9999999999999996e-11,(-4.940565078239063e-05-8.279430803294423e-06j),-9.643274665532871e-16,3.0172962002619775e-12,3.8677252407208245e-31,3.0172962002619775e-12,-25.20382054152135,-210.0,-25.20382054152135,1.8278339770748698e-11,(4.175906226414323e-05-1.3990302733035395e-05j),-0.7818649924866086,3.3453808217568358e-12,-3.0096935541888756e-13,3.3588919892547457e-12,-24.75554437126741,-35.214777218480215,-24.738039613934806,1.9239809127279695e-11,(-4.6435233310850625e-05+3.466735105807395e-06j),-0.3365847290777959,3.3489483160651e-12,3.019154008469079e-13,3.36252996015557e-12,-24.75091554825297,-35.20114732845621,-24.73333837406703,1.9239776455738948e-11,(4.6491667884411885e-05-3.4619144556830845e-06j),-0.33659947878951685
380.0,3.875472651851865e-12,6.458373627297768e-13,3.9289176848528504e-12,-24.116753234613437,-31.898768339580652,-24.057270700399812,1.9999999999999996e-11,(-5.168065717431354e-05-8.612446101935797e-06j),-9.643274665532871e-16,3.135933321358238e-12,-2.4191275194099723e-29,3.135933321358238e-12,-25.036331801948826,-196.1634123808028,-25.036331801948826,1.8634218474743194e-11,(3.93533967479978e-05-2.1612858782730762e-05j),-0.614376252914091,3.4875187384638913e-12,-3.413179502024821e-13,3.5041810590018313e-12,-24.574834502446244,-34.6684087120307,-24.554134621803556,1.9494035644775004e-11,(-4.733744695345298e-05+7.609278147007442e-06j),-0.2225647965741923,3.4912313979542493e-12,3.423282667585863e-13,3.507974531874985e-12,-24.57021365300919,-34.655572387808206,-24.54943568300954,1.949399900640076e-11,(4.739573781350261e-05-7.609313789621593e-06j),-0.2225811214224727
390.0,4.052032462933957e-12,6.149369219386103e-13,4.098428296144018e-12,-23.92327083939445,-32.11169430336707,-23.87382658689205,1.9999999999999996e-11,(-5.403513826268738e-05-8.200378921871878e-06j),-9.643274665532871e-16,3.2589819345856826e-12,3.959289558315662e-29,3.2589819345856826e-12,-24.869180469394266,-194.02382735433918,-24.869180469394266,1.899628819288326e-11,(3.5352107637157125e-05-2.9071068689025283e-05j),-0.44722492035952766,3.6352581988198073e-12,-3.7285125077606226e-13,3.654328970863448e-12,-24.394647373935705,-34.28464395675835,-24.37192359063459,1.9735869643421907e-11,(-4.781442830272997e-05+1.2362910305182416e-05j),-0.11547455426774939,3.6391241084316e-12,3.739164860462017e-13,3.658283451990185e-12,-24.390031330128586,-34.27225386300573,-24.36722647447354,1.9735829345199618e-11,(4.7874174149492545e-05-1.2368620714293032e-05j),-0.11549228980588798
400.0,4.21353361487244e-12,5.254736142852749e-13,4.246173341135527e-12,-23.753535369995635,-32.79449086406438,-23.72002280645284,1.9999999999999996e-11,(-5.618880735453379e-05-7.007357335123519e-06j),-9.643274665532871e-16,3.3699722009072036e-12,4.104776710534595e-30,3.3699722009072036e-12,-24.723736816338242,-203.86710462422786,-24.723736816338242,1.9317055709495857e-11,(2.9618522050222777e-05-3.590241220660407e-05j),-0.3017812673035031,3.7701106729103854e-12,-3.9160011868943773e-13,3.790393797344859e-12,-24.23645900741477,-34.07157185239277,-24.2131566730649,1.9920865622584266e-11,(-4.758108979271045e-05+1.7652352838350225e-05j),-0.03443579483538863,3.774118621563207e-12,3.9270328700965947e-13,3.794494332748219e-12,-24.23184453964215,-34.05935463577602,-24.20846091475844,1.9920822217490343e-11,(4.764152967208675e-05-1.7664518716698432e-05j),-0.03445472033157058
410.0,4.3370545725841905e-12,3.844621481914771e-13,4.354061725442744e-12,-23.62805113146819,-34.15146411755343,-23.611054184669133,1.9999999999999996e-11,(-5.783599850844207e-05-5.126924703671818e-06j),-9.643274665532871e-16,3.4511127467127097e-12,1.2653037685479108e-29,3.4511127467127097e-12,-24.620408522195728,-198.97805198466915,-24.620408522195728,1.9548225805394087e-11,(2.2222210822188864e-05-4.1527906157421496e-05j),-0.1984529731609868,3.87188375680346e-12,-3.9382238363402514e-13,3.89186072413308e-12,-24.12077689725377,-34.04699603554735,-24.098427099819887,2.000617331658185e-11,(-4.6380353080167845e-05+2.3260737471496943e-05j),0.0026806236393599183,3.876001333414552e-12,3.949389548467583e-13,3.896070214291169e-12,-24.116160822160914,-34.03470027467267,-24.09373224944236,2.0006127620701446e-11,(4.644037370323875e-05-2.327992490598677e-05j),0.0026607842717251496
420.0,4.403512827883559e-12,2.0990575866850144e-13,4.408512861822823e-12,-23.562007341746472,-36.77975646583647,-23.557078878170323,1.9999999999999996e-11,(-5.8722240424479965e-05-2.7991598773061527e-06j),-9.643274665532871e-16,3.4877541480684334e-12,1.5293772297708122e-29,3.4877541480684334e-12,-24.5745413609622,-198.15485380119696,-24.5745413609622,1.9651726219091628e-11,(1.3511753645701354e-05-4.538033962275557e-05j),-0.15258581192746057,3.923705198452124e-12,-3.7726117936982097e-13,3.94180015751937e-12,-24.063036301134634,-34.23357881925633,-24.043053974808814,1.9961568526851577e-11,(-4.4066904705750936e-05+2.8847847037048662e-05j),-0.016706633378714104,3.927882081769309e-12,3.783614405552364e-13,3.946063231625089e-12,-24.05841558564721,-34.22093129689302,-24.038359599034326,1.996152158380527e-11,(4.412515267534562e-05-2.8874236999719835e-05j),-0.01672705975945547
430.0,4.403956879431532e-12,2.7856105945938742e-14,4.404044976896897e-12,-23.5615694199743,-45.55079594458756,-23.561482543872994,1.9999999999999996e-11,(-5.872816199273244e-05-3.7147000919113834e-07j),-9.643274665532871e-16,3.4732162151905894e-12,-2.1364794261728645e-30,3.4732162151905894e-12,-24.59268180080731,-206.70301284987022,-24.59268180080731,1.9610726509638244e-11,(4.088557250609312e-06-4.707310333623573e-05j),-0.1707262517725705,3.91754617135354e-12,-3.4219581452808127e-13,3.9324630933000904e-12,-24.06985876328192,-34.65725306713314,-24.05335344598211,1.977962389082075e-11,(-4.067151729497612e-05+3.402673029148119e-05j),-0.09623932851556807,3.921723204466783e-12,3.432493025025035e-13,3.93671601415719e-12,-24.065230621253573,-34.64390336595568,-24.048659131073737,1.9779576878040752e-11,(4.0726603666959915e-05-3.40600288620059e-05j),-0.09625997341287058
440.0,4.342888637088242e-12,-1.3442873498469978e-13,4.344968676404901e-12,-23.622213069302305,-38.71507888191287,-23.620133501045068,1.9999999999999996e-11,(-5.791379760926209e-05+1.7926498239643553e-06j),-9.643274665532871e-16,3.411259905053547e-12,4.3219384778449204e-30,3.411259905053547e-12,-24.670851902875718,-203.64321419526502,-24.670851902875718,1.9435028327447823e-11,(-5.332251233397645e-06-4.652236467578647e-05j),-0.2488963538409838,3.857160037771377e-12,-2.9160470344809226e-13,3.868167118940641e-12,-24.137323414090176,-35.352054753297885,-24.124947710766563,1.947957609126414e-11,(-3.640224829586828e-05+3.847242900284304e-05j),-0.22900988011555132,3.861281468798291e-12,2.9258522878596016e-13,3.872350797305019e-12,-24.13268539248665,-35.33747603086574,-24.120253067270365,1.9479530189407646e-11,(3.6452975037574574e-05-3.85119090800838e-05j),-0.22903034765178348
450.0,4.236445215915787e-12,-2.5596094393691464e-13,4.244170598865795e-12,-23.72998405350408,-35.91826296901769,-23.72207167499974,1.9999999999999996e-11,(-5.649434082237287e-05+3.413320382301335e-06j),-9.643274665532871e-16,3.3145712505821397e-12,1.7613627012292046e-29,3.3145712505821397e-12,-24.79572640878743,-197.54151204553406,-24.79572640878743,1.9157615504717745e-11,(-1.4108232347964607e-05-4.3949574923073865e-05j),-0.3737708597526943,3.756521616307107e-12,-2.3025576529177475e-13,3.763571757152062e-12,-24.25214107738403,-36.377894868507326,-24.243997991891376,1.9102316788801374e-11,(-3.157473188245239e-05+4.200662369657119e-05j),-0.39887905254071043,3.7605458406969155e-12,2.3114506077083563e-13,3.767642904934281e-12,-24.24749112945316,-36.36115382359533,-24.23930266114227,1.9102273054249304e-11,(3.162024980074707e-05-4.205128234733223e-05j),-0.3988989388158517
460.0,4.1066774403572145e-12,-3.263709019323151e-13,4.119625901070023e-12,-23.86509407536982,-34.86288568342054,-23.85142220005112,1.9999999999999996e-11,(-5.476384637088676e-05+4.352259507334076e-06j),-9.643274665532871e-16,3.200270570195745e-12,2.0115585738922466e-30,3.200270570195745e-12,-24.94813302250263,-206.96467316834796,-24.94813302250263,1.882439910682197e-11,(-2.1804252776799146e-05-3.977065617932654e-05j),-0.5261774734678973,3.6348355637079234e-12,-1.632619897417667e-13,3.638500247696891e-12,-24.39515231404556,-37.87114914876879,-24.39077591177217,1.8699211093140602e-11,(-2.6511296884739558e-05+4.461675395171603e-05j),-0.5841342265315443,3.638740748495519e-12,1.640508458654264e-13,3.642436947263589e-12,-24.39048885746181,-37.85021525998811,-24.386079573870738,1.8699170368822968e-11,(2.655114494934247e-05-4.46655118662291e-05j),-0.5841531432287245
470.0,3.975334323103831e-12,-3.4586050476299294e-13,3.990351171163047e-12,-24.00626341580189,-34.61099029031656,-23.989888825119444,1.9999999999999996e-11,(-5.301234423817678e-05+4.612159543494695e-06j),-9.643274665532871e-16,3.085105520238385e-12,-3.0175875241082473e-30,3.085105520238385e-12,-25.10729977149851,-205.20340124482976,-25.10729977149851,1.8482588080303545e-11,(-2.8222787708757415e-05-3.444666209709629e-05j),-0.6853442224637756,3.5110956536525987e-12,-9.488732737185071e-14,3.5123775842004717e-12,-24.545573387808393,-40.22791785675751,-24.543988031531086,1.832040430071396e-11,(-2.1461493374604704e-05+4.641421271466086e-05j),-0.7618988414556038,3.5148796990883483e-12,9.557447528661084e-14,3.5161788605515658e-12,-24.5408953463169,-40.196580776223534,-24.53929041398357,1.8320367177639515e-11,(2.1495533937836446e-05-4.646607793118492e-05j),-0.761916441899843
480.0,3.859800941502451e-12,-3.222744157501518e-13,3.8732317393967415e-12,-24.13435092280637,-34.91774170254209,-24.11926517955721,1.9999999999999996e-11,(-5.147166994548711e-05+4.2976315646240345e-06j),-9.643274665532871e-16,2.9823566421881312e-12,6.475971691930439e-29,2.9823566421881312e-12,-25.254404230986847,-191.88695058322816,-25.254404230986847,1.8172202244029087e-11,(-3.3349282164244615e-05-2.8370277699550893e-05j),-0.8324486819521054,3.4005212942727037e-12,-2.802701657686292e-14,3.4006367913172238e-12,-24.6845450123063,-45.52423129609131,-24.68439750881209,1.8006880430539172e-11,(-1.6569577978910995e-05+4.756772266630046e-05j),-0.9118302978128169,3.404198029656436e-12,2.861686668302071e-14,3.4043183091737343e-12,-24.679851839912402,-45.4337791972959,-24.679698394644582,1.8006847250183733e-11,(1.6597880139180626e-05-4.762187967767239e-05j),-0.9118463028711139
490.0,3.771689555629184e-12,-2.675946867176113e-13,3.781170324172368e-12,-24.23464060851375,-35.725225140437175,-24.22373759246259,1.9999999999999996e-11,(-5.029667666452716e-05+3.5684600326910833e-06j),-9.643274665532871e-16,2.9008102252446586e-12,2.931164428039456e-30,2.9008102252446586e-12,-25.37480682374496,-205.32959818481646,-25.37480682374496,1.7922039572582397e-11,(-3.726489461792592e-05-2.1816344793864547e-05j),-0.952851274710218,3.313320031383509e-12,3.5701227902399846e-14,3.313512367268448e-12,-24.79736613876173,-44.47316846575038,-24.797114041202903,1.7787156062716563e-11,(-1.1881840509345355e-05+4.824516001026524e-05j),-1.018469602531544,3.3169140458000274e-12,-3.520090770000429e-14,3.3171008261927174e-12,-24.792657826012338,-44.534461375440145,-24.792413275177108,1.77871269411156e-11,(1.1904561498803833e-05-4.830098701524671e-05j),-1.018483823310753
500.0,3.717145579007955e-12,-1.9529076645133993e-13,3.722272120493011e-12,-24.29790429778162,-37.093182901173186,-24.291918805043995,1.9999999999999996e-11,(-4.9569315434061886e-05+2.6042643199811734e-06j),-9.643274665532871e-16,2.845052594380668e-12,1.5416636734668752e-30,2.845052594380668e-12,-25.45909700714191,-208.12010360843368,-25.45909700714191,1.7748960494490106e-11,(-4.006770764676896e-05-1.4945200893268861e-05j),-1.0371414581071732,3.25496137114594e-12,9.553930034724559e-14,3.2563631992704835e-12,-24.874541611350235,-40.198179434634156,-24.87267161939426,1.7677149800201454e-11,(-7.3735995399487634e-06+4.857718481609013e-05j),-1.0723550683253795,3.258503055922826e-12,-9.51191559228046e-14,3.259891074757232e-12,-24.86981867373676,-40.21732012254952,-24.867969111045134,1.7677124656953975e-11,(7.390892089475649e-06-4.8634221870663805e-05j),-1.0723674227846978
510.0,3.697708491607065e-12,-1.188116268571307e-13,3.6996167763133836e-12,-24.320673293792836,-39.25141057395098,-24.318432598659875,1.9999999999999996e-11,(-4.9310115707816206e-05+1.5843907330869064e-06j),-9.643274665532871e-16,2.8161843439219604e-12,-8.377494295186188e-30,2.8161843439219604e-12,-25.503389202232057,-200.76885859233664,-25.503389202232057,1.7658683106389685e-11,(-4.181889413797262e-05-7.835787987571885e-06j),-1.0814336531973179,3.2269478529970964e-12,1.5108965877286067e-13,3.2304830182111574e-12,-24.912080526743704,-38.207652596290465,-24.907325375882362,1.7681278252167646e-11,(-2.980045701740269e-06+4.8640509042197603e-05j),-1.0703267384310617,3.230469182816921e-12,-1.5073980896643337e-13,3.2339841729880285e-12,-24.907343975727045,-38.21772039448178,-24.902621098473,1.768125683449892e-11,(2.991999755001738e-06-4.8698400235736446e-05j),-1.0703372598207979
520.0,3.7109846247835895e-12,-5.084168173535201e-14,3.711332882130338e-12,-24.30510845000578,-42.937800923370744,-24.30470090547822,1.9999999999999996e-11,(-4.94871571551268e-05+6.779899537349953e-07j),-9.643274665532871e-16,2.812382989770908e-12,-1.1590909762739723e-30,2.812382989770908e-12,-25.509255374864246,-209.35882475215737,-25.509255374864246,1.7646761021786392e-11,(-4.2514575629368884e-05-5.313130539577534e-07j),-1.0872998258295061,3.2274296510329364e-12,2.0186301424622667e-13,3.2337363573561707e-12,-24.911432153670965,-36.94943246089566,-24.90295390494165,1.779342848037893e-11,(1.3756734188601602e-06+4.8453775295396145e-05j),-1.015407172341419,3.2309605466684793e-12,-2.0157348493812833e-13,3.2372423332148585e-12,-24.906683451296125,-36.9556659575028,-24.89824789000663,1.779341037883732e-11,(-1.3690556173566578e-06-4.851220083591628e-05j),-1.0154160086414525
530.0,3.75089112453956e-12,-2.7490283794704053e-15,3.750892131920975e-12,-24.258655417404857,-55.60820776713906,-24.258654251015017,1.9999999999999996e-11,(-5.001932298835225e-05+3.6659165475978995e-08j),-9.643274665532871e-16,2.829128956141715e-12,-4.5685904442347344e-30,2.829128956141715e-12,-25.48347256267174,-203.40217772953534,-25.48347256267174,1.7699220710868404e-11,(-4.208048409020133e-05+6.911128270728262e-06j),-1.0615170136370007,3.251443700174813e-12,2.469236066704044e-13,3.260806250444451e-12,-24.879237615438562,-36.074373881701185,-24.866750051997556,1.7997316451636444e-11,(5.757411348946688e-06+4.798112365290817e-05j),-0.9164448524701887,3.2550085869235043e-12,-2.4668431428079695e-13,3.2643428208228888e-12,-24.874478613973025,-36.078584647699785,-24.862042379777847,1.7997301108493945e-11,(-5.756209089627087e-06-4.8039731863794155e-05j),-0.9164522574018968
540.0,3.807638119645884e-12,1.6282049483216916e-14,3.8076729317676195e-12,-24.193443339506633,-47.882909297152025,-24.19340363341381,1.9999999999999996e-11,(-5.077606216914892e-05-2.1712629478503846e-07j),-9.643274665532871e-16,2.8592158044106696e-12,-1.6981189445199393e-29,2.8592158044106696e-12,-25.437530642545706,-197.700318929263,-25.437530642545706,1.779308448977308e-11,(-4.038948633908122e-05+1.4372013380913459e-05j),-1.0155750935109662,3.2909080632642126e-12,2.8467282702579577e-13,3.303197617355684e-12,-24.826842502412546,-35.45653985736648,-24.810654433961457,1.826652614958691e-11,(1.0192636570223977e-05+4.7142799012429005e-05j),-0.7874806548034541,3.2945223861626248e-12,-2.8447330565599565e-13,3.306781337578511e-12,-24.82207537090836,-35.45958480587794,-24.805945220571918,1.826651286411097e-11,(-1.0196974270244167e-05-4.720114719764308e-05j),-0.7874869721633504
550.0,3.867940192961885e-12,7.128789208239179e-16,3.8679402586552935e-12,-24.12520249704713,-61.469842267868,-24.125202423286204,1.9999999999999996e-11,(-5.1580209445599296e-05-9.506466545774763e-09j),-9.643274665532871e-16,2.8929035197215387e-12,3.055233567004461e-29,2.8929035197215387e-12,-25.386660501236214,-195.14955583135418,-25.386660501236214,1.7897597956184156e-11,(-3.730476564045902e-05+2.163027301547523e-05j),-0.9647049522014779,3.3347782365969933e-12,3.128443960017999e-13,3.3494204727669956e-12,-24.76933041454923,-35.04671620156791,-24.75030329456246,1.856518089633833e-11,(1.4651680951545338e-05+4.5835434481443666e-05j),-0.6466162076177742,3.33844514443949e-12,-3.1267347682204913e-13,3.3530554253605167e-12,-24.76455755468527,-35.0490895712729,-24.745592677076893,1.8565168833417334e-11,(-1.466166314653164e-05-4.5892950917631415e-05j),-0.6466218513674961
560.0,3.91614179735703e-12,-4.94533143894705e-14,3.9164540348778325e-12,-24.07141591461647,-43.05804596426328,-24.071069661508805,1.9999999999999996e-11,(-5.222299313052792e-05+6.594756347653526e-07j),-9.643274665532871e-16,2.918715644023178e-12,-1.0052999034580738e-31,2.918715644023178e-12,-25.3480821410659,-210.0,-25.3480821410659,1.797726689279982e-11,(-3.274771174900925e-05+2.8349390526190066e-05j),-0.9261265920311602,3.369941196771285e-12,3.2880677225548636e-13,3.3859441169601946e-12,-24.72377677211913,-34.83059246111005,-24.703202139459542,1.8850588073863036e-11,(1.903557309952258e-05+4.3964419786042314e-05j),-0.5141018481729747,3.3736492446874905e-12,-3.2865244131256164e-13,3.389619691552606e-12,-24.719000726109456,-34.83263137323561,-24.69849026022704,1.8850576283602267e-11,(-1.905119931829845e-05-4.402040294014664e-05j),-0.5141072808382834
570.0,3.9367799519271455e-12,-1.2712601102269325e-13,3.938831985827022e-12,-24.048588596153042,-38.957655801472264,-24.046325439901555,1.9999999999999996e-11,(-5.249820946847292e-05+1.695265683390234e-06j),-9.643274665532871e-16,2.925268505933897e-12,1.360153377909789e-29,2.925268505933897e-12,-25.33834264524184,-198.6641211558271,-25.33834264524184,1.799743612402961e-11,(-2.677566415989791e-05+3.41082244307131e-05j),-0.9163870962071021,3.3833018016781865e-12,3.302086842539491e-13,3.3993777160526877e-12,-24.706592599840214,-34.81211509286506,-24.686005768457257,1.9078910144708328e-11,(2.3182623263507786e-05+4.148494009530426e-05j),-0.4095286606956625,3.3870250188072703e-12,-3.3005832109242534e-13,3.4030687582458186e-12,-24.70181595357197,-34.81409313786598,-24.68129275992327,1.9078897599006802e-11,(-2.3203704144411305e-05-4.1538608643877026e-05j),-0.4095343722700603
580.0,3.918349053725165e-12,-2.1817964846061747e-13,3.9244186404907535e-12,-24.06896878868471,-36.61185762333674,-24.062246701103476,1.9999999999999996e-11,(-5.2252427594373985e-05+2.909494822294108e-06j),-9.643274665532871e-16,2.903977321534247e-12,-3.8085702612970395e-29,2.903977321534247e-12,-25.370067795597514,-194.19238028041678,-25.370067795597514,1.793182051932678e-11,(-1.9635903103969643e-05+3.8484377925341486e-05j),-0.9481122465627765,3.3648973175889755e-12,3.1581897525540244e-13,3.379685722526409e-12,-24.730281840655337,-35.005617799605844,-24.711236829526516,1.9213527698209682e-11,(2.6901499961297133e-05+3.8438083232921884e-05j),-0.3484576975545357,3.3685987832873563e-12,-3.156600459341287e-13,3.3833561780226735e-12,-24.725507125513012,-35.00780384621652,-24.706522800697336,1.9213513344491308e-11,(-2.692760754592369e-05-3.84886752074325e-05j),-0.34846418646496485
590.0,3.856901228965152e-12,-3.0400179573028446e-13,3.868863422479545e-12,-24.137614827996718,-35.17123851018055,-24.124166013489106,1.9999999999999996e-11,(-5.143300135896708e-05+4.0539603802919734e-06j),-9.643274665532871e-16,2.8516653257351033e-12,-7.921494691690069e-31,2.8516653257351033e-12,-25.4490144505972,-210.0,-25.4490144505972,1.7769575401037528e-11,(-1.1757200701953549e-05+4.1167385488161764e-05j),-1.027058901562462,3.310930722144971e-12,2.861888787117643e-13,3.32327644368351e-12,-24.80049906322811,-35.43347246914315,-24.78433530833022,1.92336241141483e-11,(3.0025587245299695e-05+3.4961919017627e-05j),-0.3393774271765051,3.314569532257888e-12,-2.8600992276672646e-13,3.3268863611631377e-12,-24.7957286602368,-35.436188992902615,-24.779620333850573,1.9233606937468182e-11,(-3.0056069314557296e-05-3.500881318800075e-05j),-0.3393851841553037
600.0,3.757570541950219e-12,-3.660498151210797e-13,3.775358108164342e-12,-24.2509285752957,-34.36459808157403,-24.230418474723024,1.9999999999999996e-11,(-5.0108395138341333e-05+4.881390401491724e-06j),-9.643274665532871e-16,2.7716965102143138e-12,-6.806908500319113e-30,2.7716965102143138e-12,-25.572543249819404,-201.67050087220224,-25.572543249819404,1.751864897355931e-11,(-3.6666383249645552e-06+4.204917953391872e-05j),-1.150587700784664,3.225130638015152e-12,2.4373200950224325e-13,3.2343272754500315e-12,-24.91452689022505,-36.13087430859173,-24.90216036770175,1.913923485588295e-11,(3.2466559554642405e-05+3.126531309995075e-05j),-0.3821084801058369,3.228670354011922e-12,-2.435235512565345e-13,3.237841252268564e-12,-24.90976294017159,-36.13459031631469,-24.897444480328783,1.91392139336325e-11,(-3.2500623103489586e-05-3.130812729894484e-05j),-0.3821179751801743
610.0,3.633027773732704e-12,-3.9045571450599314e-13,3.653949434475468e-12,-24.397312820346848,-34.08428216681264,-24.37237466967123,1.9999999999999996e-11,(-4.8447577817204076e-05+5.206850811730924e-06j),-9.643274665532871e-16,2.6728997403168314e-12,-2.249610702726443e-30,2.6728997403168314e-12,-25.730173311962407,-206.47892630460066,-25.730173311962407,1.7203590939628638e-11,(4.1339681144502115e-06+4.124292064077702e-05j),-1.3082177629276683,3.1175723481192354e-12,1.9211501161808488e-13,3.1234861170568215e-12,-25.061834592529877,-37.16438698604309,-25.05360420020189,1.8950222017814354e-11,(3.42406491867064e-05+2.7573655542013517e-05j),-0.46831386408769093,3.1209880690510726e-12,-1.918700218512965e-13,3.1268803354852517e-12,-25.057078915574124,-37.169928749862095,-25.04888738722801,1.8950196551999407e-11,(-3.427748449139767e-05-2.7612283464392806e-05j),-0.4683255364262311
620.0,3.4997243430037496e-12,-3.7060398429957085e-13,3.5192922285868423e-12,-24.559661616574367,-34.31089915966888,-24.53544669512243,1.9999999999999996e-11,(-4.666993428245458e-05+4.9421216921421575e-06j),-9.643274665532871e-16,2.566883537583586e-12,-8.443778596061707e-30,2.566883537583586e-12,-25.905938353146077,-200.73463162831138,-25.905938353146077,1.6858962919850628e-11,(1.1271568272090432e-05+3.9023970561048985e-05j),-1.4839828041113403,3.0016240166007986e-12,1.3527560094996825e-13,3.004670734913742e-12,-25.226437084091472,-38.68780528076029,-25.22203112960721,1.869986818252368e-11,(3.545692341174001e-05+2.407297835546424e-05j),-0.5838290101478862,3.0049059856119906e-12,-1.3498936459912898e-13,3.0079365204275247e-12,-25.22169111204885,-38.697004468965545,-25.21731333346002,1.869983750355916e-11,(-3.5495822904265134e-05-2.410755672498882e-05j),-0.5838432602118984
630.0,3.3739212382934493e-12,-3.0701600467784546e-13,3.387861176219585e-12,-24.718650599133998,-35.12838984255389,-24.700743939839015,1.9999999999999996e-11,(-4.499230997438712e-05+4.094155812762955e-06j),-9.643274665532871e-16,2.4651720704706692e-12,-3.216643952671317e-30,2.4651720704706692e-12,-26.081527613166596,-204.92597008090172,-26.081527613166596,1.6521572955316632e-11,(1.7543792370005843e-05+3.573166003981035e-05j),-1.6595720641318554,2.8906548862301307e-12,7.655683143054415e-14,2.8916684837174564e-12,-25.39003755424684,-41.16016049639612,-25.388514983570797,1.8426400985729646e-11,(3.627958759103028e-05+2.0876161927410006e-05j),-0.7117895568877177,2.8938083948254655e-12,-7.622636138400675e-14,2.8948121673317913e-12,-25.38530227821266,-41.17894810501025,-25.383796106369914,1.8426364532788518e-11,(-3.6320024479194636e-05-2.0906990596267523e-05j),-0.7118067401964417
640.0,3.2690841906671498e-12,-2.0543433551519645e-13,3.2755327371098683e-12,-24.85573894631823,-36.873269683406434,-24.847180556809434,1.9999999999999996e-11,(-4.359427468830325e-05+2.7395320311499363e-06j),-9.643274665532871e-16,2.3773088395533254e-12,9.373372037826799e-30,2.3773088395533254e-12,-26.239143947963925,-200.2810414508099,-26.239143947963925,1.6224472128813063e-11,(2.289977816637392e-05+3.168052305338162e-05j),-1.8171883989291855,2.7958341186958515e-12,1.82625442623185e-14,2.79589376403803e-12,-25.53488599547302,-47.384387184713425,-25.534793345603344,1.8165852764084555e-11,(3.688626335750473e-05+1.801718420154865e-05j),-0.8354841158852799,2.7988769589229824e-12,-1.7885823697937638e-14,2.798934106741228e-12,-25.53016193079149,-47.47491054439713,-25.530073256908693,1.8165810053555775e-11,(-3.692792056416961e-05-1.8044632517549556e-05j),-0.835504537683271
650.0,3.1950114237731435e-12,-7.451860140851965e-14,3.1958803200365267e-12,-24.955275846815532,-41.277353046918215,-24.954094925998888,1.9999999999999996e-11,(-4.260649084470607e-05+9.937291882740475e-07j),-9.643274665532871e-16,2.310205398757037e-12,-1.491201120925167e-29,2.310205398757037e-12,-26.36349405570565,-198.26463778533932,-26.36349405570565,1.5993851904203853e-11,(2.738775736753374e-05+2.710773519064784e-05j),-1.9415385066709145,2.7253554030240194e-12,-3.8360474957254824e-14,2.725625359221469e-12,-25.64576855035896,-44.16116024284535,-25.64533838745024,1.794786779026037e-11,(3.7437705126374804e-05+1.5464068729022883e-05j),-0.940342678866841,2.728314480182922e-12,3.8785171656450933e-14,2.728590147368459e-12,-25.64105572015372,-44.113342821033996,-25.640616933897434,1.7947818384157738e-11,(-3.748046537022676e-05-1.548849268642053e-05j),-0.9403665890354789
660.0,3.158161914992156e-12,7.587667106493608e-14,3.1590732740028076e-12,-25.005656080246776,-41.19891731155052,-25.00440300613995,1.9999999999999996e-11,(-4.211509095585844e-05-1.0118394779437617e-06j),-9.643274665532871e-16,2.268362759120751e-12,-5.613446406809486e-29,2.268362759120751e-12,-26.4428749136361,-192.50770419332966,-26.4428749136361,1.5848349040259584e-11,(3.1097857859609626e-05+2.2157209056100303e-05j),-2.020919364601364,2.684669463212358e-12,-9.28775482002121e-14,2.6862755565400603e-12,-25.711091770555022,-40.320892577093296,-25.708494397139848,1.779421867347532e-11,(3.806236349260173e-05+1.3137439495855893e-05j),-1.0150214469238632,2.6875777017254968e-12,9.335211511134796e-14,2.68919849029555e-12,-25.70638970818553,-40.29875837642266,-25.703771412282972,1.7794162156519273e-11,(-3.810627757578765e-05-1.3159118875317983e-05j),-1.0150490345820509
670.0,3.162429845151419e-12,2.355451501976444e-13,3.1711896889473607e-12,-24.999791000300586,-36.279258333237934,-24.987777792913576,1.9999999999999996e-11,(-4.217200515838788e-05-3.141069296572075e-06j),-9.643274665532871e-16,2.25442846553332e-12,-8.467402685093733e-31,2.25442846553332e-12,-26.46963540582307,-210.0,-26.46963540582307,1.5799596755141423e-11,(3.4115280776965e-05+1.6888011273015123e-05j),-2.047679856788328,2.6771081479456423e-12,-1.453246278899017e-13,2.6810496607240016e-12,-25.72334084133457,-38.37660780400264,-25.7169514156406,1.7718908020679978e-11,(3.885127711011936e-05+1.0926003093036227e-05j),-1.0518608390151543,2.6800021280018905e-12,1.4585131517354087e-13,2.683967960358788e-12,-25.71864861128259,-38.36089650395273,-25.712226728258596,1.7718843991658865e-11,(-3.889652339817524e-05-1.0945096557547363e-05j),-1.0518922263904502
680.0,3.209790252935419e-12,3.9403248789861524e-13,3.2338854446870555e-12,-24.935233460901213,-34.04467969206339,-24.902753683570896,1.9999999999999996e-11,(-4.280357121966585e-05-5.254548219531229e-06j),-9.643274665532871e-16,2.2696794974730293e-12,-4.570664997720692e-30,2.2696794974730293e-12,-26.440354654087077,-203.40020608720067,-26.440354654087077,1.5852948194741255e-11,(3.648666260134881e-05+1.1295065881589051e-05j),-2.0183991050523393,2.7044232377349255e-12,-1.9586208997603312e-13,2.711506409192211e-12,-25.679253410480438,-37.08049615600302,-25.667893646847233,1.7728710272508467e-11,(3.985670655133901e-05+8.696244918088197e-06j),-1.0470570590233508,2.707341468099689e-12,1.964433988411512e-13,2.714459031527358e-12,-25.674569646362553,-37.06762560362124,-25.663167086282563,1.7728638354083177e-11,(-3.990354708097759e-05-8.712756699469583e-06j),-1.047092294342922
690.0,3.300483294245784e-12,5.403084437897453e-13,3.34441671895504e-12,-24.814224611354632,-32.6735824537467,-24.756796141674982,1.9999999999999996e-11,(-4.4012991694821854e-05-7.205184492410664e-06j),-9.643274665532871e-16,2.314196578245962e-12,7.3627274565808475e-31,2.314196578245962e-12,-26.35599752894466,-210.0,-26.35599752894466,1.6007661669121405e-11,(3.8196737731075696e-05+5.335996226028819e-06j),-1.9340419799099258,2.7669609692841564e-12,-2.4444583743783105e-13,2.7777377077367476e-12,-25.579969669682164,-36.11817353749593,-25.563087656036487,1.7823361323869028e-11,(4.1089142371408004e-05+6.297874536841052e-06j),-1.0008076849789616,2.7699423943107685e-12,2.450840894888702e-13,2.7807637581644113e-12,-25.575292627381152,-36.10684881613984,-25.558359053766292,1.7823281195143158e-11,(-4.1137874271247855e-05-6.31162737631437e-06j),-1.000846734337923
700.0,3.432571334313245e-12,6.623677821017044e-13,3.4958943124635992e-12,-24.64380428664637,-31.789008000090053,-24.564417053876554,1.9999999999999996e-11,(-4.577442760955899e-05-8.83288448797369e-06j),-9.643274665532871e-16,2.386616855690538e-12,-1.593300135638981e-30,2.386616855690538e-12,-26.222172964583777,-207.97702406889343,-26.222172964583777,1.6256203410948123e-11,(3.915269016271023e-05-1.0361878852106598e-06j),-1.8002174155490418,2.8633309534217706e-12,-2.905050951945251e-13,2.8780301178335863e-12,-25.431284518603256,-35.36846246077572,-25.40904665597296,1.7995009956115003e-11,(4.250956100643697e-05+3.5690832496322283e-06j),-0.9175580878498852,2.8664131385556524e-12,2.9120161706937886e-13,2.8811668925399454e-12,-25.426612141954404,-35.358062176750785,-25.404315843402397,1.7994921412905282e-11,(-4.256045749785992e-05-3.5796967264595175e-06j),-0.9176008262780284
710.0,3.60083170191928e-12,7.47190580002899e-13,3.6775375876246275e-12,-24.435971765003703,-31.265686119901535,-24.34442879711366,1.9999999999999996e-11,(-4.8018232986463476e-05-9.964023405133381e-06j),-9.643274665532871e-16,2.4834415119525e-12,1.0909462760685924e-29,2.4834415119525e-12,-26.049460637079754,-199.62196635829113,-26.049460637079754,1.6582680806801863e-11,(3.9177812996686846e-05-7.831639166407218e-06j),-1.6275050880450164,2.9895322303963318e-12,-3.3262659667969947e-13,3.00797995495269e-12,-25.243967600535576,-34.78043027727985,-25.217250621902497,1.8226956556376364e-11,(4.4016627234220766e-05+3.4739114780806347e-07j),-0.8063167443656881,2.9927486277382422e-12,3.3338046202202986e-13,3.011260015556138e-12,-25.239297596619267,-34.7705985587171,-25.212517425125608,1.8226859603183238e-11,(-4.406986125813406e-05-3.5427153892178665e-07j),-0.8063629466470557
720.0,3.795167190031861e-12,7.81605441449904e-13,3.874816262275984e-12,-24.20769087196988,-31.07012425769016,-24.11748886234196,1.9999999999999996e-11,(-5.060975836676773e-05-1.0422956499473318e-05j),-9.643274665532871e-16,2.5980184295404107e-12,2.554588900047499e-29,2.5980184295404107e-12,-25.853577725011295,-195.9267897921062,-25.853577725011295,1.6960899737110878e-11,(3.802260535314413e-05-1.4971826904966956e-05j),-1.4316221759765566,3.137673016858244e-12,-3.683004674917096e-13,3.1592146484648563e-12,-25.033923170821915,-34.33797729885405,-25.00420865555158,1.8492227989858794e-11,(4.543283650671299e-05-3.507268776345267e-06j),-0.6808151293504474,3.1410488512575936e-12,3.6910682367713803e-13,3.162661495208059e-12,-25.029253091708597,-34.32847925928878,-24.999472888400017,1.849212296205673e-11,(-4.548838394082395e-05+3.5049122428850815e-06j),-0.6808644615611896
730.0,3.9991607173746066e-12,7.546154300715228e-13,4.0697335159312585e-12,-23.980311421864606,-31.22274318766079,-23.904340272242987,1.9999999999999996e-11,(-5.333007676389065e-05-1.00630361360796e-05j),-9.643274665532871e-16,2.719607417071953e-12,-2.7929033451611105e-30,2.719607417071953e-12,-25.654937830630725,-205.53944093797568,-25.654937830630725,1.7353252320860946e-11,(3.5407201585176884e-05-2.2233962524481727e-05j),-1.232982281595988,3.2947751971382874e-12,-3.9387857629025264e-13,3.318235062881784e-12,-24.821742120177575,-34.0463764054642,-24.79092851917299,1.8753248447419416e-11,(4.65000596016794e-05-8.07262501999286e-06j),-0.5590697673716047,3.298322027766694e-12,3.947268162220383e-13,3.3218575313062092e-12,-24.817069447938074,-34.03703368305141,-24.786189976204337,1.8753136148777223e-11,(-4.655759119134446e-05+8.075715491804137e-06j),-0.5591217805753891
740.0,4.190031614608789e-12,6.613286531100206e-13,4.24190057861396e-12,-23.777827001844575,-31.795826603929612,-23.724395146656004,1.9999999999999996e-11,(-5.5875400725807886e-05-8.81902737324126e-06j),-9.643274665532871e-16,2.8333442273943726e-12,-5.0219382802254976e-29,2.8333442273943726e-12,-25.477006591624875,-192.99128629082716,-25.477006591624875,1.7712401313069e-11,(3.110670911283309e-05-2.9214533218017624e-05j),-1.0550510425901385,3.4426661391442296e-12,-4.049816780479293e-13,3.4664045212820663e-12,-24.631050920085784,-33.92564624446258,-24.601207575166736,1.8964530748158714e-11,(4.6901311462791136e-05-1.331153442398809e-05j),-0.4617578905172208,3.4463762184498737e-12,4.058540996120209e-13,3.4701911459267967e-12,-24.626373151995526,-33.91630062780807,-24.596466026342227,1.8964412566894215e-11,(-4.696010383998952e-05+1.3320995061859363e-05j),-0.46181201854352527
750.0,4.341558124559217e-12,5.07451183786414e-13,4.371113548382423e-12,-23.623543802899597,-32.946057300293155,-23.594079116994568,1.9999999999999996e-11,(-5.789605480262774e-05-6.767022507418193e-06j),-9.643274665532871e-16,2.9221207065922463e-12,-4.284493185640854e-29,2.9221207065922463e-12,-25.343018482497023,-193.68100543565117,-25.343018482497023,1.798775024969613e-11,(2.5070118056276874e-05-3.535051719524818e-05j),-0.9210629334622843,3.56022773176111e-12,-3.975339491574831e-13,3.582353240920499e-12,-24.48522221273204,-34.00625776939131,-24.45831592406943,1.908011743909788e-11,(4.632351945515798e-05-1.9028187757983028e-05j),-0.4089790436589723,3.5640706599867383e-12,3.984058798373793e-13,3.5862692194629364e-12,-24.480536943831616,-33.99674260704953,-24.45357111277327,1.9079995384004063e-11,(-4.6382436847189415e-05+1.904474646950475e-05j),-0.4090346072826739
760.0,4.430527986329239e-12,3.11720646128054e-13,4.441480383708692e-12,-23.535445157891598,-35.06234432235378,-23.524722516605884,1.9999999999999996e-11,(-5.908249613199318e-05-4.15689369888895e-06j),-9.643274665532871e-16,2.970752959305949e-12,8.002581343002839e-30,2.970752959305949e-12,-25.271334615827485,-200.9676990273363,-25.271334615827485,1.813681580235768e-11,(1.7524060964474585e-05-4.00290882844265e-05j),-0.8493790667927477,3.6285013912892507e-12,-3.692544301797111e-13,3.647241585197692e-12,-24.40272706059322,-34.32674285478272,-24.380354690296834,1.906538093597781e-11,(4.455484670222135e-05-2.4869732450641326e-05j),-0.41569017087304827,3.6324261531003843e-12,3.700966325231865e-13,3.651231473781505e-12,-24.39803206108264,-34.31684866494328,-24.375606336075414,1.9065257534481215e-11,(-4.461244234142749e-05+2.4893714458741515e-05j),-0.41574639084856363
770.0,4.44462185587137e-12,1.0336012865151566e-13,4.445823518526609e-12,-23.52165182476517,-39.85646958785828,-23.520477810547703,1.9999999999999996e-11,(-5.927044235313818e-05-1.3783401030528293e-06j),-9.643274665532871e-16,2.9710899293260956e-12,7.645006417462437e-30,2.9710899293260956e-12,-25.270842027170342,-201.16622145690854,-25.270842027170342,1.8137844395103777e-11,(8.986311848645606e-06-4.276535974422287e-05j),-0.8488864781356048,3.6370313767675552e-12,-3.2090394799218904e-13,3.651160990620473e-12,-24.392529522589452,-34.936249398671784,-24.375690172840017,1.8909017676193837e-11,(4.1574122013394904e-05-3.0399975450683153e-05j),-0.48722055678038223,3.640975186615691e-12,3.216871194945077e-13,3.655158397716827e-12,-24.387822807893752,-34.925663281078215,-24.370937979773124,1.8908895719775134e-11,(-4.1628860024538796e-05+3.0431173321598407e-05j),-0.4872765778507373
780.0,4.38728705254955e-12,-8.574208574213066e-14,4.388124814398097e-12,-23.57803949533993,-40.6680595614985,-23.577210279903444,1.9999999999999996e-11,(-5.8505864563325685e-05+1.1433979121313714e-06j),-9.643274665532871e-16,2.925188238727629e-12,-3.394773192249951e-31,2.925188238727629e-12,-25.33846181407355,-210.0,-25.33846181407355,1.799718920416147e-11,(1.491103190270946e-07-4.336008966469619e-05j),-0.9165062650388139,3.5879046362475766e-12,-2.5641662282631097e-13,3.597055624155471e-12,-24.451591086886616,-35.910538240528524,-24.44052846285743,1.8628728280389564e-11,(3.757329654535743e-05-3.522546299608204e-05j),-0.6169357511151095,3.5918062526522412e-12,2.571164200975985e-13,3.6009972243915353e-12,-24.446870978603524,-35.89870187339762,-24.435772133779246,1.862861047817866e-11,(-3.762381971052931e-05+3.526315813981409e-05j),-0.616990678119407
790.0,4.276276538666704e-12,-2.3034939104931667e-13,4.282476138533416e-12,-23.689342175573653,-36.376129315088534,-23.68305048194825,1.9999999999999996e-11,(-5.702550414638858e-05+3.071782200151277e-06j),-9.643274665532871e-16,2.8443914245283953e-12,-5.091377192816433e-30,2.8443914245283953e-12,-25.46010639371389,-202.93164727222998,-25.46010639371389,1.774689800898851e-11,(-8.316358354019262e-06-4.1940665799283465e-05j),-1.0381508446791525,3.4947608671731097e-12,-1.8168146905783173e-13,3.4994802006760316e-12,-24.56582535975594,-37.40689367113231,-24.559964592905775,1.8266725393358355e-11,(3.288977819547023e-05-3.910728248062867e-05j),-0.7873859132002964,3.498573050065558e-12,1.8228195276161752e-13,3.503318440699847e-12,-24.56109053605732,-37.39256327527309,-24.555203848766602,1.8266614047567094e-11,(-3.2935108909014195e-05+3.9150413680934136e-05j),-0.7874388586615849
800.0,4.1369180952674875e-12,-3.176491452458156e-13,4.1490953600064405e-12,-23.833230773944308,-34.98052308959367,-23.82046583525168,1.9999999999999996e-11,(-5.516711509693434e-05+4.235952115238978e-06j),-9.643274665532871e-16,2.744989895039719e-12,2.6253240785279174e-29,2.744989895039719e-12,-25.614592499521653,-195.80817078227938,-25.614592499521653,1.7434044418181317e-11,(-1.592339663438565e-05-3.886812051090416e-05j),-1.1926369504869152,3.377528528451103e-12,-1.0270410978103207e-13,3.3790896843183945e-12,-24.714009740019893,-39.88412177439602,-24.712002814752637,1.7877566215599674e-11,(2.7889158817226026e-05-4.199860272008685e-05j),-0.9744320078383732,3.3812250091078325e-12,1.0319846592038897e-13,3.382799504195391e-12,-24.709259274411632,-39.863267585931276,-24.707237417337296,1.7877463015692398e-11,(-2.7928761568733624e-05+4.204599774396585e-05j),-0.974482148085748
810.0,3.994435910295555e-12,-3.4746113883725486e-13,4.0095196076912706e-12,-23.985445425935687,-34.590937612387734,-23.969076583590496,1.9999999999999996e-11,(-5.3267069962707194e-05+4.633504506621691e-06j),-9.643274665532871e-16,2.6432544279404447e-12,-3.7434919526546657e-29,2.6432544279404447e-12,-25.778610315968375,-194.26723096133227,-25.778610315968375,1.7107921834672528e-11,(-2.2426219728198484e-05-3.458257305999156e-05j),-1.3566547669336377,3.2563010104969235e-12,-2.4184119138621457e-14,3.2563908153939076e-12,-24.872754560078207,-46.16469726352964,-24.872634788492963,1.7514936275140013e-11,(2.28653459136211e-05-4.400429828559825e-05j),-1.1524286821527565,3.259876935645603e-12,2.4573084901052375e-14,3.25996955078659e-12,-24.86798794772199,-46.09540318839235,-24.86786456369828,1.7514842237908253e-11,(-2.2899061362203352e-05+4.4054870411414265e-05j),-1.1524753165907464
820.0,3.868909620994193e-12,-3.2868468423397646e-13,3.882846285532228e-12,-24.124114154227087,-34.83220532327379,-24.10849802002632,1.9999999999999996e-11,(-5.159313707592822e-05+4.383114528295459e-06j),-9.643274665532871e-16,2.552169271506422e-12,-5.2135119438234535e-30,2.552169271506422e-12,-25.930905246047754,-202.82869627180963,-25.930905246047754,1.681057276364913e-11,(-2.777755881415215e-05-2.947451133094388e-05j),-1.5089496970130145,3.1472509694915083e-12,5.09896286284593e-14,3.1476639921047652e-12,-25.02068624001485,-42.92518151107604,-25.020116340522357,1.7222664715732617e-11,(1.7995648874897992e-05-4.5304762579004655e-05j),-1.2985929734744692,3.1507189055052827e-12,-5.0700331341072063e-14,3.1511268056215226e-12,-25.015903411082704,-42.949892024195435,-25.015341198746768,1.7222580234746306e-11,(-1.802356178337818e-05+4.535762011601539e-05j),-1.2986355797920999
830.0,3.773607590371803e-12,-2.749946193729388e-13,3.783614183131752e-12,-24.23243263205731,-35.60675803622475,-24.220931552194003,1.9999999999999996e-11,(-5.032225426625125e-05+3.6671404820267913e-06j),-9.643274665532871e-16,2.480350719684667e-12,7.320231584250402e-31,2.480350719684667e-12,-26.054869059259683,-210.0,-26.054869059259683,1.6572358522513008e-11,(-3.204222170685975e-05-2.3821605216579243e-05j),-1.632913510224946,3.0612294159280194e-12,1.2148426321675204e-13,3.0636390066638598e-12,-25.14104122105345,-39.154799758991196,-25.13762409617172,1.703113566422926e-11,(1.334533852740296e-05-4.608687732350002e-05j),-1.3957277452623897,3.0646137508287913e-12,-1.2128631968578263e-13,3.0670128485403896e-12,-25.136242540833127,-39.16188181986123,-25.132844046375006,1.7031060610238202e-11,(-1.336764133803186e-05+4.614134773764329e-05j),-1.3957660229282216
840.0,3.715475414179438e-12,-2.016615980972287e-13,3.7209440943823645e-12,-24.299856081363128,-36.9537679550224,-24.293468550211,1.9999999999999996e-11,(-4.9547043256270593e-05+2.689221380908727e-06j),-9.643274665532871e-16,2.4323680674491377e-12,-8.132997918381805e-30,2.4323680674491377e-12,-26.13970706715403,-200.89749338856305,-26.13970706715403,1.641127865953803e-11,(-3.5314014342106456e-05-1.778331956576718e-05j),-1.717751518119296,3.0041130330008442e-12,1.8691760458104195e-13,3.009922475072713e-12,-25.222837305610106,-37.28349793258153,-25.214446901475917,1.6957340978465195e-11,(8.897126163005639e-06-4.650049413573854e-05j),-1.4334448521712064,3.0074446547140924e-12,-1.868017429530283e-13,3.013240488633235e-12,-25.218023561322354,-37.28619075903832,-25.209662056255354,1.6957274804413696e-11,(-8.914012525437613e-06+4.655609050265552e-05j),-1.4334787479117272
850.0,3.696271301792601e-12,-1.2385030917811223e-13,3.698345634948022e-12,-24.32236159598238,-39.07102904910357,-24.31992503578091,1.9999999999999996e-11,(-4.929095032574075e-05+1.651583160187764e-06j),-9.643274665532871e-16,2.409491908188159e-12,1.0677659433949659e-29,2.409491908188159e-12,-26.180745278542158,-199.71523935165234,-26.180745278542158,1.6333923197290596e-11,(-3.765620635947637e-05-1.1429163787499105e-05j),-1.75878972950742,2.9777029470172095e-12,2.472110274383607e-13,2.987947143568993e-12,-25.261186292520527,-36.06932160408415,-25.246270894066242,1.7006223152690544e-11,(4.58553791989564e-06-4.6638328883364535e-05j),-1.4084424429941351,2.9810148074879414e-12,-2.4716780342234234e-13,2.9912440899249587e-12,-25.256358667066074,-36.070081019759684,-25.241481464530615,1.7006164979415986e-11,(-4.597135597149419e-06+4.6694686738821615e-05j),-1.4084721549120827
860.0,3.713398493481087e-12,-5.5893475314069616e-14,3.713819119447027e-12,-24.30228443115976,-42.52638886218773,-24.301792522761033,1.9999999999999996e-11,(-4.9519346859925674e-05+7.453572236168635e-07j),-9.643274665532871e-16,2.4102520836534403e-12,5.693415702482551e-30,2.4102520836534403e-12,-26.179375330208195,-202.44627105191933,-26.179375330208195,1.633649960529602e-11,(-3.906698427067009e-05-4.781972847821226e-06j),-1.7574197811734567,2.980406081799618e-12,3.0203274735216866e-13,2.9956709086448816e-12,-25.2572455905471,-35.199459668994095,-25.235058980519128,1.717168922289114e-11,(3.277854344906786e-07-4.6530433149010735e-05j),-1.3243395149010144,2.983729427641657e-12,-3.020526147754921e-13,2.998979339619985e-12,-25.252405623689373,-35.19917400366058,-25.230265261444217,1.7171637899505374e-11,(-3.3412640570108205e-07+4.658723620826923e-05j),-1.324365475651004
870.0,3.760123817197836e-12,-1.0805983639298852e-14,3.760139344484568e-12,-24.24797853944566,-49.66335694335932,-24.247960605459035,1.9999999999999996e-11,(-5.0142443873708035e-05+1.441012196607782e-07j),-9.643274665532871e-16,2.4305963870896398e-12,4.741587362710972e-30,2.4305963870896398e-12,-26.142871519804515,-203.24076243250101,-26.142871519804515,1.6405300773855254e-11,(-3.946666464873483e-05+2.132233112894995e-06j),-1.7209159707697788,3.007431214140714e-12,3.503658888228787e-13,3.0277712535524435e-12,-25.21804297042398,-34.55478182803963,-25.18876938641087,1.743668660215733e-11,(-3.9490328205853945e-06-4.614677989795518e-05j),-1.1913206764776532,3.0107919707389894e-12,-3.504387564068846e-13,3.0311178817489716e-12,-25.213192508244262,-34.55387869504892,-25.18397173365939,1.7436640745724683e-11,(3.948008424036233e-06+4.620368523606024e-05j),-1.191343519374701
880.0,3.8253730034101256e-12,6.290228337880915e-16,3.825373055126615e-12,-24.173262113797254,-62.013335891999155,-24.17326205508354,1.9999999999999996e-11,(-5.101256246993368e-05-8.388219024661069e-09j),-9.643274665532871e-16,2.463758936088727e-12,4.157525745770235e-30,2.463758936088727e-12,-26.084017875173767,-203.81165052701027,-26.084017875173767,1.6516836866117914e-11,(-3.87072696371542e-05+9.23129543826138e-06j),-1.6620623261390293,3.0506247069504478e-12,3.9023769333072353e-13,3.0754831425245353e-12,-25.15611216718661,-34.086707841088064,-25.12086649108007,1.7772650701779022e-11,(-8.282016729634013e-06-4.5406856323625614e-05j),-1.025555803651045,3.0540396414213272e-12,-3.903521915796691e-13,3.0788850197504876e-12,-25.151253301025168,-34.08543378004724,-25.116065294210273,1.7772608726730982e-11,(8.286423533421957e-06+4.546342791330467e-05j),-1.0255763178147161
890.0,3.893717612485032e-12,-2.8377652022508563e-14,3.893821020143382e-12,-24.096355483954788,-45.47023541079135,-24.096240147447254,1.9999999999999996e-11,(-5.192395951194998e-05+3.7842499156494823e-07j),-9.643274665532871e-16,2.5002146069052793e-12,1.7805589277697764e-29,2.5002146069052793e-12,-26.020227118901282,-197.49443648734035,-26.020227118901282,1.663858605268748e-11,(-3.6610108237547224e-05+1.6327616548318406e-05j),-1.598271569866541,3.0984030293897715e-12,4.1871089032356713e-13,3.1265668299601827e-12,-25.088620914006796,-33.78085743321991,-25.049322838959178,1.813947722435894e-11,(-1.2647918909172432e-05-4.419974262575154e-05j),-0.848104580570701,3.101875831415775e-12,-4.1885363462655e-13,3.1300274824290564e-12,-25.083755910518363,-33.779377115898384,-25.044518492219574,1.8139437375447754e-11,(1.2657856439633094e-05+4.425540635757415e-05j),-0.8481236618055494
900.0,3.9464911827205286e-12,-9.812289004411032e-14,3.947710824875789e-12,-24.037888631614408,-40.08229668866329,-24.036546674918515,1.9999999999999996e-11,(-5.262771181166032e-05+1.3084998648872841e-06j),-9.643274665532871e-16,2.5283055562594954e-12,-1.046098577523751e-29,2.5283055562594954e-12,-25.971704409203774,-199.8042738845403,-25.971704409203774,1.6731795683592174e-11,(-3.30355899511089e-05+2.3099480003794802e-05j),-1.5497488601690343,3.136502253198602e-12,4.3229342442845155e-13,3.166152868881094e-12,-25.035543961383265,-33.64221370425538,-24.99468120266854,1.8487827198669184e-11,(-1.6946290467701595e-05-4.241893258897902e-05j),-0.6828824484271069,3.1400204855198044e-12,-4.3244865851735393e-13,3.1696593652532263e-12,-25.030675185767247,-33.64065445762527,-24.98987407731685,1.8487787601841648e-11,(1.6961748153956192e-05+4.24729718707082e-05j),-0.6829010516971723
910.0,3.964870048417405e-12,-2.0016433934921856e-13,3.969919427845424e-12,-24.017710424397222,-36.98613292507805,-24.012183074427334,1.9999999999999996e-11,(-5.287279981579808e-05+2.669254960549605e-06j),-9.643274665532871e-16,2.5360819204689168e-12,0.0,2.5360819204689168e-12,-25.958367219918088,-210.0,-25.958367219918088,1.675750710183187e-11,(-2.7974633003116046e-05+2.910918603716962e-05j),-1.536411670883352,3.150219331100701e-12,4.2785450689173213e-13,3.179141600040507e-12,-25.01659207807012,-33.68703888922086,-24.976901280315374,1.8765461243727078e-11,(-2.1003126718747517e-05-4.000980691624463e-05j),-0.5534150417416238,3.1537539589718193e-12,-4.2800453871932394e-13,3.1826642799539452e-12,-25.01172191295285,-33.68551625542188,-24.97209170066728,1.8765419984216492e-11,(2.1023887349600626e-05+4.006141696214312e-05j),-0.5534341393776901
920.0,3.9347680731616685e-12,-3.170948961236311e-13,3.947524409388756e-12,-24.05080861148509,-34.98810748206851,-24.036751758655658,1.9999999999999996e-11,(-5.247138042693518e-05+4.228561027377968e-06j),-9.643274665532871e-16,2.514308325994014e-12,-7.232154549102145e-30,2.514308325994014e-12,-25.995814664801138,-201.40732301682988,-25.995814664801138,1.6685416036131795e-11,(-2.162491977619913e-05+3.388634756085958e-05j),-1.5738591157663995,3.1281027140770694e-12,4.038530182733767e-13,3.1540646553589932e-12,-25.04718994926607,-33.93776666987001,-25.01129408287448,1.8927616131476655e-11,(-2.460671849565791e-05-3.701429232595381e-05j),-0.47868152321535373,3.131611857422354e-12,-4.0397964855312733e-13,3.1575611446167425e-12,-25.042320712072254,-33.93640512967867,-25.00648230792414,1.8927571355312582e-11,(2.463230001557834e-05+3.7062693722228464e-05j),-0.47870207103695417
930.0,3.851698246363791e-12,-4.2576875105538825e-13,3.8751591464631705e-12,-24.143477441519657,-33.70826216411607,-24.117104570256707,1.9999999999999996e-11,(-5.1363617935508646e-05+5.677761355976728e-06j),-9.643274665532871e-16,2.459533161273008e-12,-4.2843306214191206e-29,2.459533161273008e-12,-26.091473175808474,-193.68117022079798,-26.091473175808474,1.6502666164149332e-11,(-1.4400115106181086e-05+3.70586780480324e-05j),-1.6695176267737346,3.0657522175890445e-12,3.6130637117115475e-13,3.086969218100662e-12,-25.134629489214223,-34.42124380142247,-25.104677010898765,1.8948346421268214e-11,(-2.7571644599430718e-05-3.358670697178206e-05j),-0.4691735917919068,3.069189225238005e-12,-3.6139301519262876e-13,3.0903927601110972e-12,-25.129763351122186,-34.420202455011875,-25.099863222873505,1.8948296438988152e-11,(2.7601318387689608e-05+3.3631286693344775e-05j),-0.46919650361394305
940.0,3.722795318311596e-12,-5.033990451629205e-13,3.756676134658627e-12,-24.291308409160287,-32.98087612547823,-24.251962441150425,1.9999999999999996e-11,(-4.964465649986354e-05+6.712985953470768e-06j),-9.643274665532871e-16,2.375477462850328e-12,2.0212910867342973e-30,2.375477462850328e-12,-26.242490855588866,-206.94371139102546,-26.242490855588866,1.6218221606286486e-11,(-6.845951413420981e-06+3.846831530465464e-05j),-1.8205353065541274,2.9675835041895565e-12,3.038503014234974e-13,2.983098533406685e-12,-25.275970516830583,-35.1734032849061,-25.253324014123027,1.882752022458968e-11,(-2.9803489016154738e-05-2.9963214713784693e-05j),-0.5247374573932218,2.9709070020539506e-12,-3.0388400066304746e-13,2.9864081939199424e-12,-25.271109426517143,-35.172921647001324,-25.248508314900917,1.8827463585832242e-11,(2.9836381354115465e-05+3.000363777041739e-05j),-0.524763587161266
950.0,3.5645128561633152e-12,-5.336621393639024e-13,3.6042401669067523e-12,-24.47999814574019,-32.727336071057,-24.431862777131844,1.9999999999999996e-11,(-4.75339096573893e-05+7.116553914578052e-06j),-9.643274665532871e-16,2.271757842546548e-12,-6.344620445471706e-31,2.271757842546548e-12,-26.436379640044812,-210.0,-26.436379640044812,1.5860204804688543e-11,(5.019594136514782e-07+3.820678870304283e-05j),-2.01442409101007,2.8453208057810263e-12,2.367371157767219e-13,2.8551523514160627e-12,-25.45868760437322,-36.25733647802353,-25.44370712772257,1.8589618447603905e-11,(-3.132932034995388e-05-2.6395990578024626e-05j),-0.6351903941200061,2.8485029793139617e-12,-2.367095918454215e-13,2.8583212999997296e-12,-25.45383321968601,-36.25784143418038,-25.43888954350528,1.8589553963026107e-11,(3.1364559498584635e-05+2.6432234710900682e-05j),-0.6352205242111185
960.0,3.397349014203639e-12,-5.09783461128102e-13,3.4353834577162104e-12,-24.688598351856882,-32.926142584260205,-24.640247799215768,1.9999999999999996e-11,(-4.530472679781449e-05+6.798124165605255e-06j),-9.643274665532871e-16,2.1607049501295227e-12,-4.41555030282979e-30,2.1607049501295227e-12,-26.65404533107069,-203.5501516330067,-26.65404533107069,1.5467691677757208e-11,(7.2429388519916614e-06+3.655366781291474e-05j),-2.232089782035954,2.714124152339349e-12,1.6532915691051372e-13,2.7191549504278953e-12,-25.663702902640956,-37.81650548916726,-25.655660435348256,1.8275228070756515e-11,(-3.228037848340375e-05-2.308708684098272e-05j),-0.7833438020463955,2.717154582421744e-12,-1.65236587000279e-13,2.7221741594650007e-12,-25.658856533071557,-37.81893784055253,-25.650840929184923,1.8275154779819095e-11,(3.231722878356234e-05+2.3119393914984365e-05j),-0.7833786359903515
970.0,3.2405982961931658e-12,-4.3382130285620276e-13,3.2695073390500136e-12,-24.89374800673773,-33.62689125706471,-24.855176834410408,1.9999999999999996e-11,(-4.3214406249311626e-05+5.785144688638727e-06j),-9.643274665532871e-16,2.0541058919023668e-12,-2.9976655964640203e-30,2.0541058919023668e-12,-26.8737717170102,-205.23216816354523,-26.8737717170102,1.508131417395722e-11,(1.316361690493356e-05+3.386492657581128e-05j),-2.451816167975466,2.58858780458297e-12,9.388088185631884e-14,2.5902896444246925e-12,-25.86937099216362,-40.274228395726524,-25.86651670690113,1.7930005464627873e-11,(-3.284437962513035e-05-2.015223416175286e-05j),-0.9489914747884827,2.5914727384504326e-12,-9.372272946169816e-14,2.593166964186752e-12,-25.864533554537456,-40.28155072050182,-25.86169519755694,1.792992256818235e-11,(3.28823216052043e-05+2.018101116449861e-05j),-0.9490316326703695
980.0,3.1092909439946806e-12,-3.136778584968935e-13,3.125073434868136e-12,-25.073386380534444,-35.03516135659893,-25.051397728852514,1.9999999999999996e-11,(-4.146338105495398e-05+4.182993746686471e-06j),-9.643274665532871e-16,1.961240067306928e-12,7.418576183141749e-30,1.961240067306928e-12,-27.07469242882236,-201.29679439079496,-27.07469242882236,1.4736459391487905e-11,(1.8217566087039927e-05+3.04720247239583e-05j),-2.652736879787617,2.4803048690564054e-12,2.5028242859453928e-14,2.48043114325021e-12,-26.054949341692076,-46.015696395340164,-26.054728244719968,1.7595859054620568e-11,(-3.3216634092793106e-05-1.7619746878683725e-05j),-1.1123904221384409,2.4830637338212716e-12,-2.480577091357649e-14,2.483187635376967e-12,-26.05012133086733,-46.05447271417163,-26.049904629142233,1.7595765837824146e-11,(3.3255384729740205e-05+1.7645459428641697e-05j),-1.1124364371098219
990.0,3.0135760144894743e-12,-1.5991130734146825e-13,3.0178157699438716e-12,-25.20917849406966,-37.961208261700754,-25.20307276336087,1.9999999999999996e-11,(-4.0186992107696544e-05+2.132468009821117e-06j),-9.643274665532871e-16,1.8884168578594553e-12,1.4257873006222708e-29,1.8884168578594553e-12,-27.239021312853392,-198.4594525783332,-27.239021312853392,1.446028016717688e-11,(2.2467264003206835e-05+2.6623999118326513e-05j),-2.8170657638186536,2.3972729255784553e-12,-4.009954597091098e-14,2.3976082777006253e-12,-26.202825194393498,-43.968605446726926,-26.20221770665724,1.7306330323499123e-11,(-3.35683120367563e-05-1.545020052448803e-05j),-1.256500137760105,2.3999341909204644e-12,4.03845744528897e-14,2.400273949907136e-12,-26.198006670017083,-43.937844890791865,-26.197391882287025,1.7306226088889186e-11,(3.360780359452665e-05+1.5473286501453562e-05j),-1.2565524523194571
1000.0,2.9596080418076713e-12,1.6426407632709227e-14,2.9596536263556847e-12,-25.28765801289552,-47.844574040559074,-25.28759112239879,1.9999999999999996e-11,(-3.946731207248117e-05-2.1905135650123057e-07j),-9.643274665532871e-16,1.8394664118540216e-12,2.122120338800399e-29,1.8394664118540216e-12,-27.35308137857118,-196.73229992256014,-27.35308137857118,1.4271634151635817e-11,(2.6022928611237106e-05+2.2471233262945088e-05j),-2.9311258295364433,2.3444776222355014e-12,-1.0145519387446311e-13,2.3466717873463124e-12,-26.299539081953473,-39.937257148871176,-26.29547647901206,1.7085557483347236e-11,(-3.4033831183844867e-05-1.3559843489936948e-05j),-1.3680168347320874,2.3470753528620408e-12,1.0180139885834499e-13,2.3492820683821664e-12,-26.294729671517906,-39.92246254295073,-26.290648361864104,1.7085441504750377e-11,(3.407417159570505e-05+1.3580653746823673e-05j),-1.3680757956827494
1010.0,2.9508744416851608e-12,2.047004980551946e-13,2.957965899819461e-12,-25.300492691321562,-36.888811006576724,-25.290068369671197,1.9999999999999996e-11,(-3.935084674440993e-05-2.7297460758358414e-06j),-9.643274665532871e-16,1.8165360811005525e-12,-7.84473809978985e-31,1.8165360811005525e-12,-27.407559715049562,-210.0,-27.407559715049562,1.4182401871949213e-11,(2.899509081665165e-05+1.8074567934858688e-05j),-2.985604166014819,2.3248596539809033e-12,-1.5959281286573418e-13,2.330330937147469e-12,-26.336032592649346,-37.96986670648414,-26.32582399158027,1.6949176783629243e-11,(-3.4710303519621144e-05-1.1837849472594272e-05j),-1.4376277232756225,2.327431184370553e-12,1.599996406907638e-13,2.3329243028871913e-12,-26.33123151029739,-37.958809926327866,-26.320993526643413,1.6949048285563356e-11,(3.4751733838431035e-05+1.1856609570658001e-05j),-1.437693574512182
1020.0,2.9892805640628595e-12,3.94646025302535e-13,3.0152186945512024e-12,-25.24433321593024,-34.03792266855496,-25.206811828961868,1.9999999999999996e-11,(-3.9863004569352425e-05-5.26272993543637e-06j),-9.643274665532871e-16,1.8207685159958855e-12,-8.617748328439829e-30,1.8207685159958855e-12,-27.397452648673337,-200.6460619313995,-27.397452648673337,1.4198914389773413e-11,(3.146255292778176e-05+1.3424810259482197e-05j),-2.9754970996385968,2.3401381836540265e-12,-2.152465980254263e-13,2.3500165566559497e-12,-26.30758497022955,-36.67063703848572,-26.289290779669923,1.6905677373195925e-11,(-3.5660799588877586e-05-1.0155018106616972e-05j),-1.4599483798359525,2.342722750151073e-12,2.157143765050336e-13,2.3526331155338186e-12,-26.302791050027263,-36.66120909933413,-26.284457941679804,1.6905535539231358e-11,(3.5703654196595855e-05+1.0171801061586938e-05j),-1.460021252357051
1030.0,3.0756705755793515e-12,5.757580403417404e-13,3.1290968042716066e-12,-25.120601821571917,-32.39759988488927,-25.04581000960339,1.9999999999999996e-11,(-4.1015042777217315e-05-7.677916107610152e-06j),-9.643274665532871e-16,1.8526606256945553e-12,6.2760012156137324e-30,1.8526606256945553e-12,-27.32204128380395,-202.0231698096555,-27.32204128380395,1.4322726829938223e-11,(3.345067405904703e-05+8.465101919131569e-06j),-2.9000857347692115,2.391234104206916e-12,-2.6897435255078156e-13,2.4063141406417334e-12,-26.213779039393124,-35.70289129204652,-26.186476768126642,1.6957266136641627e-11,(-3.691534717923795e-05-8.365829563295041e-06j),-1.433483187736623,2.3938719826632554e-12,2.6950399080549677e-13,2.408994701206334e-12,-26.208990781190398,-35.69434799412407,-26.181641552691456,1.695711015268462e-11,(3.6960014717918824e-05+8.380531195179627e-06j),-1.4335630865632634
1040.0,3.2096383920382884e-12,7.364715794655842e-13,3.2930485867971432e-12,-24.935438938221083,-31.328440079787477,-24.824018615072767,1.9999999999999996e-11,(-4.280154610642989e-05-9.821082132729996e-06j),-9.643274665532871e-16,1.9120160834100817e-12,-2.009120900512573e-30,1.9120160834100817e-12,-27.185084588659485,-206.9699392843561,-27.185084588659485,1.455035346894998e-11,(3.491468781751185e-05+3.115555651727622e-06j),-2.76312903962475,2.4781728802333215e-12,-3.2082215820611925e-13,2.498853273307568e-12,-26.05868400013049,-34.93735643959206,-26.022592438590056,1.709976514698802e-11,(-3.846588775864182e-05-6.307715576929192e-06j),-1.3607969990828337,2.480904446188331e-12,3.2141446642704944e-13,2.5016382892707756e-12,-26.053899625686995,-34.92934580130077,-26.01775484542643,1.7099594289686094e-11,(3.85127656026785e-05+6.320028381418452e-06j),-1.3608837871217225
1050.0,3.388531635950582e-12,8.634930553599377e-13,3.4968224010510984e-12,-24.69988455352381,-30.63741150894422,-24.563264243685182,1.9999999999999996e-11,(-4.518714426179667e-05-1.1514953807023597e-05j),-9.643274665532871e-16,1.9974370586965395e-12,-3.0570375011915638e-30,1.9974370586965395e-12,-26.99526896865761,-205.14699233678013,-26.99526896865761,1.4871826997314455e-11,(3.5726202354888417e-05-2.695788644224727e-06j),-2.5733134196228704,2.599384699896495e-12,-3.699663850108497e-13,2.6255810678960166e-12,-25.851294416692404,-34.31837733953269,-25.807745678182272,1.7321401556495873e-11,(-4.025328480223791e-05-3.802868199602889e-06j),-1.248939314819756,2.6022487383657796e-12,3.7062093755402895e-13,2.628508774130252e-12,-25.846511933483516,-34.31070049649268,-25.80290568940404,1.7321215340319932e-11,(4.030271688727021e-05+3.812256055399505e-06j),-1.2490326942060697
1060.0,3.605623296743272e-12,9.417897857013348e-13,3.726591922718288e-12,-24.430196488536634,-30.260460240627616,-24.28688161690689,1.9999999999999996e-11,(-4.808213042341188e-05-1.2559065543100454e-05j),-9.643274665532871e-16,2.105338618141212e-12,-1.4385833865384618e-29,2.105338618141212e-12,-26.766780432187357,-198.4206495945045,-26.766780432187357,1.5268232038560785e-11,(3.566712121800834e-05-8.989880787270279e-06j),-2.344824883152619,2.750368038906782e-12,-4.143351190189292e-13,2.7814021536434405e-12,-25.60609187416429,-33.82648254368292,-25.557362134079153,1.760072019318933e-11,(-4.214712819355312e-05-6.698597109270069e-07j),-1.109991137077538,2.7533985893801407e-12,4.1504859073084633e-13,2.7845051848880095e-12,-25.60130914419183,-33.81901056418127,-25.55251969095409,1.760051858767733e-11,(4.219931609951228e-05+6.755449116185667e-07j),-1.1100906292140824
1070.0,3.847724961592351e-12,9.559782182671779e-13,3.9647044951499404e-12,-24.14795979236033,-30.195520029060532,-24.017891767974074,1.9999999999999996e-11,(-5.1310632922692075e-05-1.2748272792163564e-05j),-9.643274665532871e-16,2.228627695444472e-12,-5.584773902539131e-30,2.228627695444472e-12,-26.519624767503092,-202.5299440444045,-26.519624767503092,1.570892747819127e-11,(3.444349893438193e-05-1.5678871433801165e-05j),-2.097669218468354,2.92189425169506e-12,-4.5031533473466633e-13,2.956391367661905e-12,-25.34335505970635,-33.46483263613901,-25.292380744838386,1.7904479267936058e-11,(-4.392459823262275e-05+3.246129902798904e-06j),-0.9613660221833111,2.9251154581453038e-12,4.5107938401433126e-13,2.9596913781952604e-12,-25.338569870704223,-33.457470213026745,-25.287535726352107,1.790426298134638e-11,(4.3979482247276136e-05-3.245144069480401e-06j),-0.9614709485968167
1080.0,4.0932314897927746e-12,8.938898031824112e-13,4.189699632344146e-12,-23.8793369344495,-30.487160167964635,-23.778171113275953,1.9999999999999996e-11,(-5.458454035483953e-05-1.1920304081570541e-05j),-9.643274665532871e-16,2.3555775198065955e-12,1.0162237804046649e-30,2.3555775198065955e-12,-26.279025989739235,-209.93010646487636,-26.279025989739235,1.6150146775339576e-11,(3.173878974753146e-05-2.2503383994139614e-05j),-1.8570704407044962,3.0984544587842467e-12,-4.728110886462294e-13,3.1343213553665506e-12,-25.088548827462056,-33.253123466754516,-25.038564782861794,1.8187365491578508e-11,(-4.526417163046859e-05+8.018661113860454e-06j),-0.8252040247349426,3.1018736504654693e-12,4.736102253639664e-13,3.137821981728932e-12,-25.083758964073915,-33.245789296567445,-25.03371698909007,1.8187136279808614e-11,(4.532129763151593e-05-8.023499918302272e-06j),-0.8253134919738112
1090.0,4.3125783599950936e-12,7.523349011999009e-13,4.377709436984305e-12,-23.652630006712975,-31.235887905708914,-23.587530673688384,1.9999999999999996e-11,(-5.750960044932064e-05-1.003262456015631e-05j),-9.643274665532871e-16,2.4699812378873744e-12,7.034663345575607e-30,2.4699812378873744e-12,-26.073063456524515,-201.52756681549386,-26.073063456524515,1.6537680613264847e-11,(2.7320579295936984e-05-2.8997358511817676e-05j),-1.651107907489777,3.2584023449253064e-12,-4.760329390661795e-13,3.292991527546149e-12,-24.869952903797817,-33.223629952632386,-24.82409386671842,1.839621665312341e-11,(-4.577906545810599e-05+1.3569356677941644e-05j),-0.7260296004995468,3.2620031669400614e-12,4.768433605023208e-13,3.296671693023456e-12,-24.86515621657507,-33.21624260040722,-24.819243009635287,1.8395977553815576e-11,(4.583748562620125e-05-1.358109099027869e-05j),-0.726142493478352
1100.0,4.473343069374241e-12,5.430508840987836e-13,4.5061849139864445e-12,-23.493677936621943,-32.65159474926884,-23.46190990713344,1.9999999999999996e-11,(-5.965344884602695e-05-7.241755803877589e-06j),-9.643274665532871e-16,2.553838017641708e-12,-3.019714815237257e-29,2.553838017641708e-12,-25.928066522078062,-195.2003407029353,-25.928066522078062,1.6816067695856447e-11,(2.1182167007546723e-05-3.4531916884914664e-05j),-1.5061109730433277,3.377497747031417e-12,-4.552161785873061e-13,3.408036502217945e-12,-24.714049320030895,-33.4178231131788,-24.674957623129274,1.848075763786502e-11,(-4.510920172930976e-05+1.9616337445727943e-05j),-0.6862044812262842,3.381237064285772e-12,4.560068923016895e-13,3.411847940739228e-12,-24.709243790414234,-33.41028593155806,-24.670103327124444,1.848051297978602e-11,(4.516748468067911e-05-1.9635725539118525e-05j),-0.6863194704048379
1110.0,4.550057940992117e-12,2.94524462559882e-13,4.559580235661131e-12,-23.41983072948836,-35.30878627825754,-23.410751375389268,1.9999999999999996e-11,(-6.0676465994234776e-05-3.927577136103091e-06j),-9.643274665532871e-16,2.5926806022604315e-12,3.399127639805257e-30,2.5926806022604315e-12,-25.862509815799072,-204.6863252702556,-25.862509815799072,1.694346704638235e-11,(1.3646075903129793e-05-3.8469092809520906e-05j),-1.4405542667643376,3.4360447878578274e-12,-4.087775907588065e-13,3.4602749750376074e-12,-24.639411838999514,-33.88512920301303,-24.60889388086867,1.8409138910036e-11,(-4.305289502216984e-05+2.569582848002924e-05j),-0.7199304173610035,3.439857375809911e-12,4.0951455722389743e-13,3.4641479383092362e-12,-24.634595638769664,-33.8773065554058,-24.604035694781743,1.8408893973089688e-11,(4.310930356796898e-05-2.5723069810884427e-05j),-0.7200459854735497
1120.0,4.5343533033584375e-12,4.5988849026993325e-14,4.534586514106044e-12,-23.434846439534034,-43.373474594731604,-23.434623079046773,1.9999999999999996e-11,(-6.046703966962758e-05-6.132758901729319e-07j),-9.643274665532871e-16,2.5812133429538267e-12,1.1203188912582547e-29,2.5812133429538267e-12,-25.88176098579541,-199.5065834072142,-25.88176098579541,1.6905955591029534e-11,(5.335887115275886e-06-4.0376153084077926e-05j),-1.4598054367606694,3.4265341422265394e-12,-3.3962329774377694e-13,3.4433240062786024e-12,-24.651449364843472,-34.69002525334707,-24.630221095874244,1.8181172764488032e-11,(-3.966658598802692e-05+3.128302154107391e-05j),-0.8281620399407041,3.4303458577166834e-12,3.4027558677656726e-13,3.447181483257031e-12,-24.646620908827074,-34.681692084374106,-24.625358517523914,1.8180933110765023e-11,(3.971939382742579e-05-3.131765064860019e-05j),-0.8282765330779596
1130.0,4.438656071183775e-12,-1.6479986213102452e-13,4.441714388928558e-12,-23.527485049349227,-37.830431559626916,-23.524493708888954,1.9999999999999996e-11,(-5.9190886721886856e-05+2.197658438667565e-06j),-9.643274665532871e-16,2.5255341734801304e-12,-3.437969837345139e-30,2.5255341734801304e-12,-25.976467505911735,-204.63697937867707,-25.976467505911735,1.6722622954376857e-11,(-3.0032659302184553e-06-4.0173298604518875e-05j),-1.5545119568769965,3.3567654326312616e-12,-2.544719207606947e-13,3.3663972029699313e-12,-24.74079005750238,-35.943601321148854,-24.728346427033998,1.7830730179848846e-11,(-3.5255278336100655e-05+3.5960938124616375e-05j),-0.9972173497320719,3.360510023652387e-12,2.5501721469009493e-13,3.370172309965243e-12,-24.73594804857629,-35.93430501948116,-24.723478939791022,1.783050086864883e-11,(3.530309412231702e-05-3.600193137670708e-05j),-0.9973290548929746
1140.0,4.2906497225722806e-12,-3.1290901516616766e-13,4.302044524825591e-12,-23.674769386864636,-35.04581924292225,-23.66325099112202,1.9999999999999996e-11,(-5.721717511317311e-05+4.172740976981849e-06j),-9.643274665532871e-16,2.4402970903718903e-12,-1.1712501601260966e-29,2.4402970903718903e-12,-26.125572979010826,-199.313503367301,-26.125572979010826,1.6438005603818617e-11,(-1.0733330197754464e-05-3.811723557497081e-05j),-1.7036174299760902,3.246163060678676e-12,-1.61478572789066e-13,3.2501769099519404e-12,-24.886296685595966,-37.91885097709657,-24.880929993519274,1.7415129990581256e-11,(-3.025136477469029e-05+3.953548814929571e-05j),-1.2020655036518346,3.2497951400882746e-12,1.619055705268814e-13,3.253825727710229e-12,-24.881440151237065,-37.907382086433714,-24.876057112395372,1.7414914963398765e-11,(3.0293317423072652e-05-3.958152865610329e-05j),-1.2021727502763389
1150.0,4.12270832379288e-12,-3.9049408889467197e-13,4.14116041183299e-12,-23.848173898768216,-34.08385535870819,-23.828779463571745,1.9999999999999996e-11,(-5.497762328675383e-05+5.207362546376925e-06j),-9.643274665532871e-16,2.343013319076555e-12,-1.3572828808668627e-29,2.343013319076555e-12,-26.30225242608752,-198.6732962854053,-26.30225242608752,1.6107018289028885e-11,(-1.746496529066696e-05-3.4649342391380256e-05j),-1.8802968770527801,3.1181695146094854e-12,-6.771431904100457e-14,3.1189046716504725e-12,-25.06100278737182,-41.69319484594928,-25.059978991155273,1.6998170097133182e-11,(-2.506322446924843e-05+4.203817521897664e-05j),-1.4125564968820694,3.1216692707983994e-12,6.802164785275668e-14,3.122410283871038e-12,-25.056131107148975,-41.67352851311109,-25.055100313459825,1.6997971900389872e-11,(2.5098958926529923e-05-4.208793848403414e-05j),-1.4126577739645787
1160.0,3.9629257013240875e-12,-4.0387420533818037e-13,3.983452583871504e-12,-24.019840699336484,-33.93753883490134,-23.997403479939624,1.9999999999999996e-11,(-5.284687133053074e-05+5.385790643537907e-06j),-9.643274665532871e-16,2.249105937108341e-12,-5.632907155031408e-30,2.249105937108341e-12,-26.479900879978786,-202.49267407008892,-26.479900879978786,1.5780934930756187e-11,(-2.3063297941699716e-05-3.02213571945901e-05j),-2.057945330944047,2.9935712445014526e-12,2.218061711503689e-14,2.9936534160923806e-12,-25.23810401548476,-46.54026374962022,-25.23798480609966,1.6635870281023806e-11,(-1.9977352101526475e-05+4.3645248208868755e-05j),-1.599689407788139,2.9969417791841507e-12,-2.1987501965704043e-14,2.99702243536183e-12,-25.23321693899419,-46.578241087081324,-25.23310005964141,1.6635690103038302e-11,(2.0006893138327457e-05-4.3697597606525184e-05j),-1.5997834824921344
1170.0,3.830994538910679e-12,-3.6759239768205123e-13,3.848589784323225e-12,-24.166884671040137,-34.34633479002129,-24.146983772657855,1.9999999999999996e-11,(-5.108752742907451e-05+4.901961229274125e-06j),-9.643274665532871e-16,2.169565258995096e-12,1.557905655895461e-29,2.169565258995096e-12,-26.636272820661304,-198.07458845998892,-26.636272820661304,1.5499373077799925e-11,(-2.7565663059686957e-05-2.5184459404578396e-05j),-2.214317271626565,2.887285813425541e-12,1.060052569997627e-13,2.8892311231398526e-12,-25.39510223029683,-39.746725967222474,-25.392177155149525,1.636934701008839e-11,(-1.5136269393170258e-05+4.458034732904831e-05j),-1.7399728071075273,2.8905468411646466e-12,-1.059173653195674e-13,2.892486737954585e-12,-25.390199885118363,-39.75032830787727,-25.38728623610905,1.6369184897689648e-11,(1.5159846571350807e-05-4.463441003350512e-05j),-1.7400588274830542
1180.0,3.738113971952075e-12,-2.992590331396017e-13,3.750073604106854e-12,-24.27347461481718,-35.23952731536509,-24.25960208127282,1.9999999999999996e-11,(-4.984893560548112e-05+3.9907141366651184e-06j),-9.643274665532871e-16,2.1108197830630888e-12,4.445397200416904e-31,2.1108197830630888e-12,-26.755488441732954,-210.0,-26.755488441732954,1.5288094235203067e-11,(-3.10815007965215e-05-1.9756081097836707e-05j),-2.333532892698213,2.8081361995946363e-12,1.8325249641171144e-13,2.8141091650671497e-12,-25.515818319774507,-37.36950100340608,-25.506590594006667,1.6223789567229628e-11,(-1.056550192936769e-05+4.5044551187386685e-05j),-1.8175538209441642,2.8113173904045388e-12,-1.8325970932166652e-13,2.817284080573283e-12,-25.510901209097888,-37.36933006628893,-25.501693587632683,1.622364468893861e-11,(1.0583400422465449e-05-4.509970330875821e-05j),-1.8176313862047526
1190.0,3.688630987292758e-12,-2.165626378688161e-13,3.6949828059866596e-12,-24.33134789663004,-36.64416467226035,-24.323875781845786,1.9999999999999996e-11,(-4.9189064308255464e-05+2.8879314731108318e-06j),-9.643274665532871e-16,2.0755925236774698e-12,-3.484770283378397e-30,2.0755925236774698e-12,-26.828579023110223,-204.57825845385008,-26.828579023110223,1.5159986758457963e-11,(-3.371431026048141e-05-1.4037799044922872e-05j),-2.4066234740754853,2.759976627121773e-12,2.5419937458371066e-13,2.771658042453511e-12,-25.590945957445722,-35.94825522291757,-25.572603525005086,1.6210326704479257e-11,(-6.215917739636428e-06+4.5181309873133995e-05j),-1.8247645582923553,2.763112103835158e-12,-2.5429169490290417e-13,2.7747887783499743e-12,-25.58601494710937,-35.94667823531484,-25.56770070519103,1.621019758197169e-11,(6.228378272085439e-06-4.523711281488495e-05j),-1.8248337455664787
1200.0,3.6816603418687064e-12,-1.3607843665333257e-13,3.684174291996894e-12,-24.339562805947473,-38.662106887894545,-24.336598322585807,1.9999999999999996e-11,(-4.909610854032561e-05+1.8146491190273112e-06j),-9.643274665532871e-16,2.0637771121090867e-12,1.8019152241003923e-29,2.0637771121090867e-12,-26.853372083084224,-197.442656454166,-26.853372083084224,1.5116775693794134e-11,(-3.5513561332945705e-05-8.0558836768692e-06j),-2.431416534049486,2.7428705772230793e-12,3.1911996074378447e-13,2.7613722227800408e-12,-25.617946841650333,-34.960460301225055,-25.58875048122157,1.6328100802384845e-11,(-2.0027779004528734e-06+4.506537000798848e-05j),-1.761886456159557,2.7459946473650735e-12,-3.192877623448695e-13,2.764494760085616e-12,-25.61300313647726,-34.958177267720025,-25.58384228900524,1.632798548374923e-11,(2.0099444233657043e-06-4.512148854765853e-05j),-1.7619478012291043
