Freq(Hz),inlet | A = 7498.88 L**2 | TSW_real (mW) = 4.529e-10,inlet | A = 7498.88 L**2 | TSW_imag (mW) = 8.412e-12,inlet | A = 7498.88 L**2 | TSW_mag (mW) = 4.572e-10,inlet | A = 7498.88 L**2 | TSW_real (mW) = 4.529e-10 | SWL_real (dB),inlet | A = 7498.88 L**2 | TSW_imag (mW) = 8.412e-12 | SWL_imag (dB),inlet | A = 7498.88 L**2 | TSW_mag (mW) = 4.572e-10 | SWL_mag (dB),inlet | A = 7498.88 L**2 | P_rms (MPa),inlet | A = 7498.88 L**2 | V_mean (mm/s),inlet | A = 7498.88 L**2 | SPL (dB),outlet | A = 7496.42 L**2 | TSW_real (mW) = 3.223e-10,outlet | A = 7496.42 L**2 | TSW_imag (mW) = -1.755e-29,outlet | A = 7496.42 L**2 | TSW_mag (mW) = 3.223e-10,outlet | A = 7496.42 L**2 | TSW_real (mW) = 3.223e-10 | SWL_real (dB),outlet | A = 7496.42 L**2 | TSW_imag (mW) = -1.755e-29 | SWL_imag (dB),outlet | A = 7496.42 L**2 | TSW_mag (mW) = 3.223e-10 | SWL_mag (dB),outlet | A = 7496.42 L**2 | P_rms (MPa),outlet | A = 7496.42 L**2 | V_mean (mm/s),outlet | A = 7496.42 L**2 | SPL (dB),Tie-1_Master | A = 7498.47 L**2 | TSW_real (mW) = 3.806e-10,Tie-1_Master | A = 7498.47 L**2 | TSW_imag (mW) = -1.019e-11,Tie-1_Master | A = 7498.47 L**2 | TSW_mag (mW) = 3.83e-10,Tie-1_Master | A = 7498.47 L**2 | TSW_real (mW) = 3.806e-10 | SWL_real (dB),Tie-1_Master | A = 7498.47 L**2 | TSW_imag (mW) = -1.019e-11 | SWL_imag (dB),Tie-1_Master | A = 7498.47 L**2 | TSW_mag (mW) = 3.83e-10 | SWL_mag (dB),Tie-1_Master | A = 7498.47 L**2 | P_rms (MPa),Tie-1_Master | A = 7498.47 L**2 | V_mean (mm/s),Tie-1_Master | A = 7498.47 L**2 | SPL (dB),Tie-1_Slave | A = 7497.6 L**2 | TSW_real (mW) = 3.801e-10,Tie-1_Slave | A = 7497.6 L**2 | TSW_imag (mW) = 1.087e-11,Tie-1_Slave | A = 7497.6 L**2 | TSW_mag (mW) = 3.825e-10,Tie-1_Slave | A = 7497.6 L**2 | TSW_real (mW) = 3.801e-10 | SWL_real (dB),Tie-1_Slave | A = 7497.6 L**2 | TSW_imag (mW) = 1.087e-11 | SWL_imag (dB),Tie-1_Slave | A = 7497.6 L**2 | TSW_mag (mW) = 3.825e-10 | SWL_mag (dB),Tie-1_Slave | A = 7497.6 L**2 | P_rms (MPa),Tie-1_Slave | A = 7497.6 L**2 | V_mean (mm/s),Tie-1_Slave | A = 7497.6 L**2 | SPL (dB)
20.0,3.4804169235633978e-12,-3.4291150586720083e-13,3.4972689720241163e-12,-24.58368728249578,-34.64817942558425,-24.562709651818196,2.0000000000000002e-11,(-4.6412463719595446e-05+4.572833707749724e-06j),1.928654933106574e-15,3.4799263611353035e-12,-7.763914297524894e-30,3.4799263611353035e-12,-24.58429946079558,-201.0991926724522,-24.58429946079558,1.9629661026348484e-11,(4.499763700367146e-05-1.4567613936697612e-05j),-0.16234391176084287,3.5215028402093076e-12,1.9067311348562807e-13,3.5266610965343015e-12,-24.53271956998547,-37.19710541815267,-24.526362729599075,1.9729251944394248e-11,(4.662363133878169e-05-9.975794426664116e-06j),-0.118387536751436,3.5162813932921323e-12,-1.816229190372303e-13,3.5209688611988694e-12,-24.539163774367164,-37.408293486379016,-24.53337815733367,1.972923904041517e-11,(-4.657836168339394e-05+9.845017300132203e-06j),-0.11839321778663889
30.0,3.597681569755911e-12,-1.3749959381575626e-14,3.5977078451069855e-12,-24.43977278627439,-48.6169858477071,-24.43974106807451,2.0000000000000002e-11,(-4.7976224974792684e-05+1.8336007006020214e-07j),1.928654933106574e-15,3.5760138896677912e-12,3.009784925140316e-29,3.5760138896677912e-12,-24.46600803020873,-195.21464537350343,-24.46600803020873,1.989882220361595e-11,(4.261500163507444e-05-2.197115427103478e-05j),-0.04405248117399261,3.6293306360530525e-12,1.0185139471544853e-14,3.6293449275123062e-12,-24.401734652873465,-49.920330195545795,-24.401717551401333,1.9932069683105778e-11,(4.713731443785534e-05-1.1687975069722847e-05j),-0.029551977118802503,3.6229964051830024e-12,1.8001684333935397e-15,3.622996852410356e-12,-24.4093209688182,-57.44686858079396,-24.409320432719515,1.9932040230418195e-11,(-4.709851221879176e-05+1.151329973112499e-05j),-0.029564811861354495
40.0,3.7445192749848315e-12,1.6330200134357847e-13,3.748078460274778e-12,-24.266039295325452,-37.87008492745595,-24.261913264001265,2.0000000000000002e-11,(-4.9934352353287464e-05-2.1776839899215928e-06j),1.928654933106574e-15,3.6975261027870826e-12,1.1548865148838255e-29,3.6975261027870826e-12,-24.32088751406424,-199.37460689694956,-24.32088751406424,2.0234076956226906e-11,(3.894153914384611e-05-2.933320991372054e-05j),0.10106803497049527,3.764813130710867e-12,-1.1123333720945148e-13,3.76645599529315e-12,-24.24256575456694,-39.53765032931126,-24.240671022027232,2.017484855264206e-11,(4.7570725933835064e-05-1.4696350615504614e-05j),0.0756057521254905,3.7570956769051445e-12,1.2613452452411238e-13,3.759212396725708e-12,-24.25147745202021,-38.99166025574954,-24.24903135813182,2.017479741633745e-11,(-4.754319746647703e-05+1.4478553015427033e-05j),0.07558373635372043
50.0,3.906616755597041e-12,2.421226861493918e-13,3.914112654262745e-12,-24.08199191563339,-36.159645165974695,-24.073666788260514,2.0000000000000002e-11,(-5.209597367716302e-05-3.2287828249881667e-06j),1.928654933106574e-15,3.829885497181458e-12,-1.84645095161588e-29,3.829885497181458e-12,-24.168142100223985,-197.3366222428459,-24.168142100223985,2.0593049722114547e-11,(3.374840091776069e-05-3.637319505209915e-05j),0.2538134488107541,3.9132540743617555e-12,-2.0386502264761378e-13,3.918560755936801e-12,-24.07461953910942,-36.90657280225693,-24.068734152572837,2.0416779069507203e-11,(4.767794199957055e-05-1.8611849901937858e-05j),0.17914467261675138,3.904045807374021e-12,2.2139850864239232e-13,3.9103185248396e-12,-24.084850952642963,-36.548253088889176,-24.0778786461286,2.041670233034745e-11,(-4.766785933454936e-05+1.8355644705755764e-05j),0.17911202549239819
60.0,4.063700035912341e-12,2.3864038220386637e-13,4.070701071546813e-12,-23.910783572093727,-36.22256064084071,-23.903307884936797,2.0000000000000002e-11,(-5.419072904949476e-05-3.182345197232106e-06j),1.928654933106574e-15,3.953243985856571e-12,1.2847588284416274e-28,3.953243985856571e-12,-24.03046381093094,-188.9117838930318,-24.03046381093094,2.0922066712870705e-11,(2.6902648307885333e-05-4.263224309435969e-05j),0.3914917381038016,4.054327454532703e-12,-2.743366670228437e-13,4.0635983703425745e-12,-23.92081177706777,-35.6171614200741,-23.91089222516328,2.060792045985354e-11,(4.716693067114844e-05-2.32367365306949e-05j),0.26008347555410105,4.043701460716159e-12,2.940559641868587e-13,4.054379164985912e-12,-23.93220915086365,-35.31570007599561,-23.920756385830817,2.060781550525319e-11,(-4.718105400427591e-05+2.294955772690157e-05j),0.26003923885399965
70.0,4.191740747485184e-12,1.6569708609359164e-13,4.195014424107211e-12,-23.776055856184016,-37.8068512890475,-23.772665415577126,2.0000000000000002e-11,(-5.589819255487887e-05-2.2096232048221788e-06j),1.928654933106574e-15,4.04487851524868e-12,2.2047156875346545e-29,4.04487851524868e-12,-23.930945175497143,-196.56647407690912,-23.930945175497143,2.116315995069242e-11,(1.8486848877152685e-05-4.752262945595664e-05j),0.4910103735375997,4.16440560960318e-12,-3.2216196587992757e-13,4.176848382878418e-12,-23.80446977184181,-34.919257332634274,-23.79151289081143,2.0696891928130884e-11,(4.575860937280077e-05-2.8313265919664474e-05j),0.29750272551206347,4.1526123004824876e-12,3.4348996209109597e-13,4.166794244041311e-12,-23.816786139469155,-34.640859499352736,-23.80197944439219,2.0696757497280772e-11,(-4.580301061933279e-05+2.8004872703297806e-05j),0.2974463085715804
80.0,4.268445026670409e-12,4.334636300232939e-14,4.268665113696889e-12,-23.697303074875776,-43.63047336348849,-23.6970791523081,2.0000000000000002e-11,(-5.692106844963722e-05-5.78037500795239e-07j),1.928654933106574e-15,4.084580294396854e-12,2.369177145005525e-29,4.084580294396854e-12,-23.888525621895592,-196.25402465565898,-23.888525621895592,2.1266767934323992e-11,(8.884019614338897e-06-5.0465404910274376e-05j),0.5334299271391447,4.222045228527582e-12,-3.4513049442300306e-13,4.236128063445815e-12,-23.744771186373764,-34.62016666398034,-23.730309191011077,2.0643504810462203e-11,(4.3275015229023536e-05-3.347665511148855e-05j),0.275068742941486,4.2094774306410605e-12,3.6740196586308065e-13,4.22548038021673e-12,-23.75771814633517,-34.348585242381475,-23.7412391047337,2.0643340972232192e-11,(-4.335363465174487e-05+3.3158439552905626e-05j),0.2749998066613033
90.0,4.2804841498417536e-12,-1.0017722612572102e-13,4.281656225537113e-12,-23.685071067547796,-39.9923099795067,-23.683882051746302,2.0000000000000002e-11,(-5.7081613976129416e-05+1.3358950882038063e-06j),1.928654933106574e-15,4.061387900883237e-12,1.6291859022271813e-30,4.061387900883237e-12,-23.91325529306332,-207.88029356633814,-23.91325529306332,2.1206305249005404e-11,(-1.2458067928194123e-06-5.108051879877106e-05j),0.5087002559714178,4.215021845904733e-12,-3.423466624528369e-13,4.228901795826753e-12,-23.752001701421356,-34.65533901725044,-23.737723999856946,2.043219338798195e-11,(3.9717841690427506e-05-3.830881443084303e-05j),0.18569989628176958,4.202145172387058e-12,3.6488313639329025e-13,4.217957296256099e-12,-23.765289480087066,-34.37846207724899,-23.748978214894233,2.043200137826553e-11,(-3.983143897741662e-05+3.799251394601893e-05j),0.18561827102446
100.0,4.228591427091387e-12,-2.3398693858711954e-13,4.235060252782733e-12,-23.7380427501666,-36.30808384717462,-23.731404065221962,2.0000000000000002e-11,(-5.638960805705219e-05+3.1202900504561053e-06j),1.928654933106574e-15,3.9779366539813536e-12,9.96045266279257e-30,3.9779366539813536e-12,-24.00342137009822,-200.01720924178127,-24.00342137009822,2.098730647970308e-11,(-1.1122575419730532e-05-4.932962607280436e-05j),0.41853417893651934,4.145075527604838e-12,-3.157948801153388e-13,4.157087626675145e-12,-23.82467551742616,-35.0059491535268,-23.812108209639817,2.0079212010014983e-11,(3.5284112532705664e-05-4.244862528704166e-05j),0.03433339321462663,4.132339988233266e-12,3.3799818587720264e-13,4.1461399580824556e-12,-23.83803954108057,-34.71085630685762,-23.823560418473214,2.0078993886426e-11,(-3.5430123226032064e-05+4.2144719988990514e-05j),0.03423903653812076
110.0,4.127138115443613e-12,-3.32634786008575e-13,4.140521093390351e-12,-23.843509971338882,-34.780323354484274,-23.829449985547733,2.0000000000000002e-11,(-5.503669596361709e-05+4.435790388495155e-06j),1.928654933106574e-15,3.849428879849498e-12,-7.069437073179376e-30,3.849428879849498e-12,-24.146036997716944,-201.5061516693086,-24.146036997716944,2.0645524624465e-11,(-2.0064294893347524e-05-4.551852746075555e-05j),0.27591855131779414,4.027153355933892e-12,-2.7020183320752307e-13,4.036207772511013e-12,-23.950018319352232,-35.68311708795814,-23.94026485613403,1.9628842565234812e-11,(3.0298787045393817e-05-4.5690386891902255e-05j),-0.16270607854037017,4.014917110808111e-12,2.916309351732423e-13,4.025494753320363e-12,-23.963234164351736,-35.351664094952035,-23.95180735064514,1.9628600736450545e-11,(-3.047215434073589e-05+4.540680669001728e-05j),-0.1628130899988266
120.0,3.99855104886671e-12,-3.817905046751994e-13,4.0167367949435276e-12,-23.980973550425926,-34.181748769335634,-23.961266253877472,2.0000000000000002e-11,(-5.332194664094127e-05+5.091297489894228e-06j),1.928654933106574e-15,3.697910480815549e-12,3.421592539243339e-29,3.697910480815549e-12,-24.320436064700864,-194.65771709726044,-24.320436064700864,2.0235128650288463e-11,(-2.7643771977558206e-05-4.016131024827154e-05j),0.10151948433387424,3.8836886115570836e-12,-2.116088549375858e-13,3.88944925908877e-12,-24.10755598461197,-36.74466162865264,-24.10111889849603,1.9140628045046132e-11,(2.5102809669954805e-05-4.801299621380981e-05j),-0.3814762371245597,3.872179008066744e-12,2.320114856481204e-13,3.8791235608040905e-12,-24.120445737761976,-36.344905149792325,-24.112663867003434,1.9140364809196218e-11,(-2.529734268876538e-05+4.7754619377113065e-05j),-0.3815956926230036
130.0,3.86626592936933e-12,-3.790351250386004e-13,3.884801135529993e-12,-24.127082776520822,-34.21320542265174,-24.10631207996267,2.0000000000000002e-11,(-5.1557882609489436e-05+5.054553628389725e-06j),1.928654933106574e-15,3.5455310679337227e-12,-3.744722726868289e-29,3.5455310679337227e-12,-24.50318704740702,-194.26580333545044,-24.50318704740702,1.9813829464439038e-11,(-3.371612770421913e-05-3.3799037215052586e-05j),-0.08123149837228158,3.737642379520442e-12,-1.4570900665040053e-13,3.740481475934118e-12,-24.274022545973324,-38.36513602535598,-24.27072491681092,1.8674692277998482e-11,(1.9959721508528843e-05-4.9536549533518443e-05j),-0.595530828637499,3.726957630922615e-12,1.6500619027753986e-13,3.730608559675247e-12,-24.286455443969793,-37.82499762737923,-24.2822031764143,1.867440949208838e-11,(-2.0169365552166065e-05+4.930550852720971e-05j),-0.5956623577554687
140.0,3.749731711884397e-12,-3.309561862765781e-13,3.764308689300896e-12,-24.259998043299742,-34.8022949661031,-24.243147697923305,2.0000000000000002e-11,(-5.0003861852811444e-05+4.413405728590305e-06j),1.928654933106574e-15,3.4100334028337828e-12,-1.0124582527397649e-29,3.4100334028337828e-12,-24.672413668739708,-199.94622875252594,-24.672413668739708,1.9431534127494884e-11,(-3.834301604663752e-05-2.6867462174383117e-05j),-0.25045811970497056,3.6077168472494093e-12,-7.680857778333431e-14,3.6085343849751963e-12,-24.427675555266383,-41.14590276375438,-24.426691520445118,1.8281318893969022e-11,(1.5015826639334487e-05-5.044672329937325e-05j),-0.7804494248083373,3.5978535934364177e-12,9.505114506738846e-14,3.599108945278257e-12,-24.439565132684983,-40.22042646884253,-24.438050070239253,1.8281017819929744e-11,(-1.5235465466729692e-05+5.024317696035088e-05j),-0.7805924734268419
150.0,3.6624966612115344e-12,-2.492429857756543e-13,3.670967700667495e-12,-24.362227625472045,-36.03377054808851,-24.35219436657437,2.0000000000000002e-11,(-4.8840554779736405e-05+3.3237342791772264e-06j),1.928654933106574e-15,3.303253776772532e-12,2.7853877572607903e-29,3.303253776772532e-12,-24.810580597877937,-195.551143376118,-24.810580597877937,1.912488107404102e-11,(-4.168226451687034e-05-1.96466804659061e-05j),-0.3886250488431994,3.506648662677832e-12,-7.605333458090322e-15,3.5066569100151835e-12,-24.551077446699296,-51.18881739423776,-24.551067232477017,1.7996540363540854e-11,(1.0307655671275044e-05-5.092789822224317e-05j),-0.91681941725125,3.497537060946204e-12,2.492445388312598e-14,3.4976258692280944e-12,-24.56237674897849,-46.03374348689053,-24.56226647578783,1.7996221666522387e-11,(-1.0533400910080911e-05+5.075088566283568e-05j),-0.9169732352398846
160.0,3.6124318485579807e-12,-1.4767272571328396e-13,3.615448947834227e-12,-24.422003374739823,-38.30699708926432,-24.41837766568334,2.0000000000000002e-11,(-4.817292462164251e-05+1.9692626415355716e-06j),1.928654933106574e-15,3.2316037695544134e-12,1.6761956886484106e-29,3.2316037695544134e-12,-24.905818939510247,-197.75675280730158,-24.905818939510247,1.8916327576403407e-11,(-4.38940942405355e-05-1.2273938649728823e-05j),-0.4838633904755131,3.4415826596342755e-12,6.048020919108422e-14,3.4421140391914867e-12,-24.632417951377263,-42.18386715351155,-24.631747453474617,1.784202052636456e-11,(5.792391382667399e-06-5.112189560930521e-05j),-0.9917192199190317,3.433117101702205e-12,-4.391522283227329e-14,3.433397964232599e-12,-24.643113827799784,-43.57384909232445,-24.642758547002988,1.7841684374866198e-11,(-6.0215057395507955e-06+5.09700383935827e-05j),-0.9918828674340319
170.0,3.602689737956592e-12,-4.048103093958385e-14,3.602917160002943e-12,-24.43373137515323,-43.92748435751479,-24.433457232693826,2.0000000000000002e-11,(-4.8043010486419784e-05+5.398273888093915e-07j),1.928654933106574e-15,3.197172992904925e-12,-8.455408642476903e-30,3.197172992904925e-12,-24.952338642502344,-200.72865398487977,-24.952338642502344,1.8815286729216548e-11,(-4.5080815174445166e-05-4.787920847575536e-06j),-0.5303830934676054,3.415132116203866e-12,1.267462899893375e-13,3.4174832835221244e-12,-24.66592490744247,-38.97064744110916,-24.662936010884078,1.7826606896965805e-11,(1.3818961314733933e-06-5.110928522891457e-05j),-0.9992261581941893,3.4071934992585737e-12,-1.1075938903443127e-13,3.4089932800827234e-12,-24.676032015439645,-39.55619448554009,-24.673738548655262,1.78262531241503e-11,(-1.6125229483651627e-06+5.0981265199946366e-05j),-0.9993985332367917
180.0,3.63242179594348e-12,5.82643527778972e-14,3.6328890484640295e-12,-24.398037270521886,-42.34597073487841,-24.39747865659344,2.0000000000000002e-11,(-4.843949691115894e-05-7.769736266772254e-07j),1.928654933106574e-15,3.1985581981014996e-12,-2.2345021130519034e-30,3.1985581981014996e-12,-24.95045742840933,-206.50819230313826,-24.95045742840933,1.8819362237580993e-11,(-4.525657021012676e-05+2.8165437622251483e-06j),-0.5285018793745929,3.4261839869606642e-12,1.9061984522006692e-13,3.4314825714109923e-12,-24.651893190189984,-37.198318874284816,-24.64518202560649,1.79476186966328e-11,(-3.027184074218977e-06-5.0903939359154315e-05j),-0.940463228828433,3.4186543358799226e-12,-1.7505102785549031e-13,3.4231331161063337e-12,-24.661448090042512,-37.56835334823786,-24.65576212031754,1.7947247004123393e-11,(2.7963648153562116e-06+5.0798766997665234e-05j),-0.9406431141715355
190.0,3.696847854059063e-12,1.3496674480010788e-13,3.699310757190187e-12,-24.321684227031376,-38.69773226534263,-24.318791846445546,2.0000000000000002e-11,(-4.9298638833105625e-05-1.799824355518134e-06j),1.928654933106574e-15,3.2310742780309403e-12,-1.299411131598389e-29,3.2310742780309403e-12,-24.906530580243952,-198.86253417106553,-24.906530580243952,1.8914777812550622e-11,(-4.434053793073337e-05+1.0531092486169347e-05j),-0.48457503120921597,3.4700712010108622e-12,2.5110990436755717e-13,3.4791450564982846e-12,-24.59661614001956,-36.001361573494165,-24.58527463772252,1.819100446709916e-11,(-7.526378079830658e-06-5.045428323469259e-05j),-0.823466303121283,3.462843224306229e-12,-2.358331846299895e-13,3.47086451580817e-12,-24.605671701195977,-36.27395084365294,-24.595623385571344,1.819061466912087e-11,(7.29650341506594e-06+5.037139165902309e-05j),-0.8236524269003291
200.0,3.786738661243738e-12,1.7718045652278363e-13,3.790881507345176e-12,-24.21734666333134,-37.51584183647607,-24.212597902267937,2.0000000000000002e-11,(-5.049736126171409e-05-2.362757592204102e-06j),1.928654933106574e-15,3.2864225695524727e-12,7.515108471244025e-30,3.2864225695524727e-12,-24.832765955492103,-201.24064746531133,-24.832765955492103,1.9076094945689487e-11,(-4.2173045411003744e-05+1.8275533194922253e-05j),-0.41081040645736744,3.538177521588724e-12,3.06346349554184e-13,3.5514149659200487e-12,-24.512203809479807,-35.13787290386442,-24.49598579492225,1.8530479191629884e-11,(-1.2167822674774316e-05-4.965059437192067e-05j),-0.6628669099672085,3.531161612117835e-12,-2.9128575391967615e-13,3.543155334067529e-12,-24.5208240544885,-35.35680755143587,-24.506098075173455,1.8530071498865152e-11,(1.1940174255466314e-05+4.958978094574172e-05j),-0.663058012057969
210.0,3.887816428664867e-12,1.7524383097907872e-13,3.891763993781311e-12,-24.102942493784848,-37.56357261343621,-24.098535042994257,2.0000000000000002e-11,(-5.1845265353758256e-05-2.336932076250221e-06j),1.928654933106574e-15,3.3522604058500046e-12,-4.208406687002253e-29,3.3522604058500046e-12,-24.746622524430038,-193.7588229799249,-24.746622524430038,1.9266225843770573e-11,(-3.856102853769027e-05+2.5844225146206185e-05j),-0.3246669753952989,3.6174403500227464e-12,3.5330045646937107e-13,3.634652101441644e-12,-24.415986214721045,-34.518558014499526,-24.395371522478314,1.892668196413874e-11,(-1.6935079949472105e-05-4.834329500777094e-05j),-0.4791102235115132,3.6105705294150526e-12,-3.384442312434776e-13,3.626398219382764e-12,-24.42424167014228,-34.70512884020487,-24.405245071945785,1.89262572872787e-11,(1.6711345686784058e-05+4.830451761972879e-05j),-0.4793051196760527
220.0,3.981043543867157e-12,1.2504473772833088e-13,3.983006889850922e-12,-24.000030721627482,-39.0293458001213,-23.997889423424546,2.0000000000000002e-11,(-5.3088478508111834e-05-1.667511243796757e-06j),1.928654933106574e-15,3.4124871110087825e-12,-5.220451490756978e-29,3.4124871110087825e-12,-24.66928980281835,-192.82291935414375,-24.66928980281835,1.9438523903637317e-11,(-3.3359026341627966e-05+3.28749277577494e-05j),-0.24733425378361018,3.690626723037607e-12,3.8788020320888863e-13,3.710953605320426e-12,-24.32899877947902,-34.113023855366805,-24.30514475206399,1.932828860248149e-11,(-2.171853782145395e-05-4.637941116136922e-05j),-0.29673187916766536,3.68386547798429e-12,-3.732896950055353e-13,3.702730081477956e-12,-24.336962371168262,-34.27953998994149,-24.31477945632771,1.9327848814571334e-11,(2.1500942899161873e-05+4.6362455332001264e-05j),-0.29692951656794264
230.0,4.044980920626318e-12,3.1216587638465755e-14,4.045101373708047e-12,-23.93083522527914,-45.05614572470927,-23.93070590123317,2.0000000000000002e-11,(-5.394110370915311e-05-4.162830985594905e-07j),1.928654933106574e-15,3.449215976140716e-12,6.85036809113629e-32,3.449215976140716e-12,-24.622796109937376,-210.0,-24.622796109937376,1.9542853104144495e-11,(-2.657596368115601e-05+3.887038909174087e-05j),-0.20084056090263466,3.738438439071313e-12,4.056196868175993e-13,3.760378876264992e-12,-24.273097664929622,-33.91880974609727,-24.24768395609137,1.9677352402031262e-11,(-2.6311079439166375e-05-4.365864968625003e-05j),-0.14126664371081857,3.731778708089817e-12,-3.9142613107633414e-13,3.752250890098088e-12,-24.280841175260015,-34.07350184801059,-24.257081307027995,1.9676900451482572e-11,(2.6102306480262483e-05+4.3662731447970074e-05j),-0.141466144008922
240.0,4.06071713993188e-12,-9.109441038099136e-14,4.0617387757140674e-12,-23.913972613952545,-40.405082708334525,-23.912880109937337,2.0000000000000002e-11,(-5.4150951185373076e-05+1.2147728590335013e-06j),1.928654933106574e-15,3.446823754086109e-12,5.18354685709607e-30,3.446823754086109e-12,-24.625809227379033,-202.85372971270255,-24.625809227379033,1.9536074903907773e-11,(-1.8466579715845172e-05+4.329699926806468e-05j),-0.2038536783442974,3.743890795069696e-12,4.0297393849793323e-13,3.765515407021479e-12,-24.266768276129703,-33.94723040043818,-24.24175571095244,1.9919865561983016e-11,(-3.0442585256432202e-05-4.0194206887024326e-05j),-0.03487185189344929,3.73735251248253e-12,-3.8935690698464675e-13,3.757579354262014e-12,-24.27435936936099,-34.0965211674615,-24.250918390167158,1.9919405315303604e-11,(3.0245441815903316e-05+4.0217649547262546e-05j),-0.03507254090084368
250.0,4.017994075957225e-12,-2.18089827749555e-13,4.023908493914242e-12,-23.959907079016034,-36.61364590520624,-23.953519039560966,2.0000000000000002e-11,(-5.358122557483225e-05+2.9082970346195277e-06j),1.928654933106574e-15,3.3969262630585662e-12,1.3121284649329375e-29,3.3969262630585662e-12,-24.689138802404642,-198.8202364294798,-24.689138802404642,1.939415369527164e-11,(-9.543846066117924e-06+4.57436169951816e-05j),-0.26718325336990345,3.697740272009901e-12,3.7875839584986814e-13,3.717087709709125e-12,-24.32063596798875,-34.216377314774796,-24.297971910180042,2.001915192846354e-11,(-3.3856099497348046e-05-3.614539531430595e-05j),0.008313596949158631,3.691360169948299e-12,-3.659067367780602e-13,3.709451124398366e-12,-24.328135781612055,-34.36629594562029,-24.306903467946206,2.0018687691429557e-11,(3.36730044287671e-05+3.6185550741010414e-05j),0.008112171913165371
260.0,3.919299877680127e-12,-3.232841264541814e-13,3.932610349068504e-12,-24.067915060449266,-34.90415619120582,-24.053190822280946,2.0000000000000002e-11,(-5.2265107133429984e-05+4.311096377158644e-06j),1.928654933106574e-15,3.301632758229277e-12,1.6820895705151795e-30,3.301632758229277e-12,-24.812712351145166,-207.74150881935986,-24.812712351145166,1.912018788464442e-11,(-4.7521167688011405e-07+4.606599229573642e-05j),-0.390756802110429,3.6020932693412553e-12,3.348967003200162e-13,3.617627913553135e-12,-24.434450461428554,-34.750891314684004,-24.415761039772296,1.9966178460789966e-11,(-3.639645427707687e-05-3.179185944449346e-05j),-0.014700941566555025,3.595910091717171e-12,-3.229637769908203e-13,3.610384327043531e-12,-24.441911754369308,-34.90846184588949,-24.424465647896177,1.996571427431406e-11,(3.6228942391036544e-05+3.1845362716377425e-05j),-0.014902879026827576
270.0,3.779171243164235e-12,-3.849968574378172e-13,3.798731086217673e-12,-24.226034287296308,-34.14542815434318,-24.20361449247439,2.0000000000000002e-11,(-5.0396447341117955e-05+5.134055221090087e-06j),1.928654933106574e-15,3.1728586872621984e-12,1.3719997974951986e-29,3.1728586872621984e-12,-24.9854927007069,-198.62645952730378,-24.9854927007069,1.874360563243304e-11,(8.097477729593093e-06+4.442914671649494e-05j),-0.5635371516721617,3.4697553539575658e-12,2.7590347733283245e-13,3.4807075351315487e-12,-24.59701145431562,-35.59242825882018,-24.5833246657914,1.9781068753078123e-11,(-3.806282008598605e-05-2.7453619092701582e-05j),-0.09560486469420376,3.4637957132904936e-12,-2.6497415783258696e-13,3.4739159528878486e-12,-24.60447729589703,-35.7679647948949,-24.591806929811987,1.9780607688972277e-11,(3.7911285141624244e-05+2.7516889963401173e-05j),-0.09580732082345779
280.0,3.619086050639602e-12,-3.914173864594539e-13,3.640191123053417e-12,-24.414010905934717,-34.07359887222482,-24.38875813738738,2.0000000000000002e-11,(-4.826166051722018e-05+5.219675012288039e-06j),1.928654933106574e-15,3.0280640258085677e-12,-2.785459904760844e-29,3.0280640258085677e-12,-25.18834946291717,-195.55103088601572,-25.18834946291717,1.831092568168078e-11,(1.571606908990796e-05+4.122429416532815e-05j),-0.7663939138824309,3.319672439890747e-12,2.073779997421303e-13,3.326143524105241e-12,-24.789047670689026,-36.832373188119135,-24.780590147731168,1.9505143646946568e-11,(-3.8997404031297405e-05-2.3399927451319632e-05j),-0.2176168522675194,3.3139422451362604e-12,-1.9745862843110304e-13,3.3198197411968997e-12,-24.796550646665892,-37.04523883967745,-24.788854968769346,1.950468732648198e-11,(3.886116829494867e-05+2.3469701334244425e-05j),-0.21782005997677104
290.0,3.4611608344194355e-12,-3.412272707439746e-13,3.477940536009554e-12,-24.607782192906917,-34.66956267480049,-24.586778476075132,2.0000000000000002e-11,(-4.6155677662521456e-05+4.550373898115202e-06j),1.928654933106574e-15,2.8850759438623636e-12,-6.663208563208175e-29,2.8850759438623636e-12,-25.398427504228902,-191.7631659279027,-25.398427504228902,1.7873368025979676e-11,(2.2167234202696244e-05+3.692061344200157e-05j),-0.9764719551941649,3.1713253678109997e-12,1.3440405216927924e-13,3.1741721814925374e-12,-24.987591984661577,-38.71587637470968,-24.98369518840174,1.91883785441115e-11,(-3.942646162649942e-05-1.9792876184306396e-05j),-0.35983436239185196,3.1658082838888962e-12,-1.254336823631309e-13,3.1682922369962548e-12,-24.99515388832531,-39.01585827937102,-24.99174766772753,1.9187926969472957e-11,(3.930408513512455e-05+1.986657001163468e-05j),-0.36003877641354776
300.0,3.3237664454866995e-12,-2.408679847280003e-13,3.3324826736549158e-12,-24.783695008325598,-36.18220920964557,-24.77232099905288,2.0000000000000002e-11,(-4.4323479902407204e-05+3.2120509835225637e-06j),1.928654933106574e-15,2.75852868985727e-12,-3.74121330669911e-29,2.75852868985727e-12,-25.593224948376875,-194.26987529630867,-25.593224948376875,1.7476985491116228e-11,(2.744659163717047e-05+3.193511872296397e-05j),-1.171269399342139,3.0408396087839294e-12,6.058573006119338e-14,3.0414431043562613e-12,-25.17006486418547,-42.1762965447174,-25.169203033816387,1.887837655801769e-11,(-3.959338138996079e-05-1.667964943198219e-05j),-0.5013070231584636,3.035500556452062e-12,-5.245816010020673e-14,3.0359538018194346e-12,-25.177696831784356,-42.801869457765505,-25.17704841395644,1.8877928197402223e-11,(3.948304455734638e-05+1.6755498037487246e-05j),-0.5015133151062272
310.0,3.220027016754445e-12,-1.0090451545634556e-13,3.221607628167653e-12,-24.921404844600225,-39.96089398739348,-24.919273550708517,2.0000000000000002e-11,(-4.294008171245769e-05+1.3455937221354854e-06j),1.928654933106574e-15,2.6586770971185128e-12,-7.078865339606363e-30,2.6586770971185128e-12,-25.75334405600067,-201.50036349123636,-25.75334405600067,1.7157759274040178e-11,(3.167556379443686e-05+2.6563795860276942e-05j),-1.3313885069659346,2.9396598182619995e-12,-1.2145509093366218e-14,2.939684908369485e-12,-25.31702923873427,-49.15584276510897,-25.316992171694533,1.8614032615896023e-11,(-3.971274187614234e-05-1.4016603052893242e-05j),-0.6237905021325905,2.9344503921597593e-12,1.9559447299349817e-14,2.9345155777445144e-12,-25.324732279781067,-47.08643421441764,-25.324635807114824,1.8613584614161386e-11,(3.9612572394109425e-05+1.4093616920254223e-05j),-0.6239995562657548
320.0,3.158382800052379e-12,6.673429285795454e-14,3.1590877445094743e-12,-25.0053523408856,-41.756509371220304,-25.004383112815994,2.0000000000000002e-11,(-4.211803652820481e-05-8.899229644451664e-07j),1.928654933106574e-15,2.5918901209556723e-12,1.389982168744816e-29,2.5918901209556723e-12,-25.86383413632508,-198.56990771015978,-25.86383413632508,1.6940883906182566e-11,(3.501883885047238e-05+2.0969520676817585e-05j),-1.441878587290343,2.8750567601592766e-12,-8.322465885890997e-14,2.8762610656857524e-12,-25.413535769289126,-40.79747976357496,-25.41171697482095,1.8423632806282853e-11,(-3.9950879890212654e-05-1.1701043872807277e-05j),-0.7130945272632749,2.8699203024029214e-12,9.006029901333443e-14,2.871333035299606e-12,-25.421301634427387,-40.4546661544964,-25.419164323712366,1.842318120913504e-11,(3.9859175595891965e-05+1.1778877502248566e-05j),-0.713307437013644
330.0,3.143941883444229e-12,2.500950314826524e-13,3.153873505904629e-12,-25.02525490601064,-36.01894936102769,-25.011557291394134,2.0000000000000002e-11,(-4.1925462324345544e-05-3.335096578962559e-06j),1.928654933106574e-15,2.561777204832557e-12,1.5536227595365306e-29,2.561777204832557e-12,-25.91458643099996,-198.0865442526516,-25.91458643099996,1.6842185701562617e-11,(3.76240456756393e-05+1.5202239826979285e-05j),-1.4926308819652243,2.8513344702020712e-12,-1.529657348467923e-13,2.8554346038737687e-12,-25.449518356392765,-38.15405842604403,-25.44327781743995,1.832550493410555e-11,(-4.042402424324806e-05-9.595681800989507e-06j),-0.7594809159662506,2.846209946933454e-12,1.5935431964109222e-13,2.85066744135671e-12,-25.457330679088788,-37.97636159545985,-25.450534444961747,1.83250448667936e-11,(4.033938322909248e-05+9.674482820302823e-06j),-0.7596989805748094
340.0,3.179694668061439e-12,4.3734658761148445e-13,3.2096308541316327e-12,-24.97614581381148,-33.59174257699906,-24.93544913773489,2.0000000000000002e-11,(-4.240223704857078e-05-5.832155479127084e-06j),1.928654933106574e-15,2.570199831386575e-12,-2.774676557086993e-29,2.570199831386575e-12,-25.90033109238881,-195.56787635121213,-25.90033109238881,1.6869849901486065e-11,(3.9583831850961774e-05+9.230612780862248e-06j),-1.4783755433540735,2.8709194122433734e-12,-2.220721404080771e-13,2.879495495245871e-12,-25.419789981371483,-36.535059215323564,-25.40683596554596,1.832934919460459e-11,(-4.1202453105998633e-05-7.541738529415268e-06j),-0.7576590114272332,2.8657443012677156e-12,2.2813564888691654e-13,2.8748106502066254e-12,-25.427625625438797,-36.418068457835034,-25.413907548973125,1.8328874986822967e-11,(4.1123845486195886e-05+7.622011817982329e-06j),-0.7578837313392796
350.0,3.267108066766429e-12,6.161897732166522e-13,3.324708251342825e-12,-24.858365000442667,-32.10285513861389,-24.782464587491564,2.0000000000000002e-11,(-4.356792244922908e-05-8.217086091089017e-06j),1.928654933106574e-15,2.61779139158156e-12,1.4100609023745456e-30,2.61779139158156e-12,-25.82064964773311,-208.5076212919285,-25.82064964773311,1.7025320285013654e-11,(4.0912255039485615e-05+2.975772728181982e-06j),-1.398694098698372,2.9349098632465503e-12,-2.9118167093274827e-13,2.949319018158102e-12,-25.32405232234342,-35.358359661148285,-25.302782486986978,1.8437009151025934e-11,(-4.231210767720871e-05-5.363265729084759e-06j),-0.7067904884224012,2.929622844080109e-12,2.970305537094678e-13,2.9446421104088315e-12,-25.331882865666635,-35.271988751779595,-25.309674814947346,1.8436514436393466e-11,(4.223892232513147e-05+5.445757401921587e-06j),-0.7070235573717252
360.0,3.4058633541506785e-12,7.729829633061369e-13,3.4924787542242896e-12,-24.677727802515133,-31.118300779104864,-24.56866227146843,2.0000000000000002e-11,(-4.541826822189301e-05-1.0307973018238305e-05j),1.928654933106574e-15,2.7038167046671366e-12,-3.790449204379796e-31,2.7038167046671366e-12,-25.68022753133433,-210.0,-25.68022753133433,1.7302800345481054e-11,(4.152849228472134e-05-3.652394174255943e-06j),-1.2582719822995894,3.0428855297955457e-12,-3.604033047147895e-13,3.0641545146236443e-12,-25.16714385043481,-34.432112354154576,-25.1368933853145,1.8642046947571078e-11,(-4.3728639176420354e-05-2.8681764443212915e-06j),-0.6107279661961524,3.0374300580119175e-12,3.6613507546080774e-13,3.0594176326217663e-12,-25.17493713646865,-34.363586640455466,-25.143612346325177,1.8641524792883795e-11,(4.366072708004331e-05+2.9537639696758968e-06j),-0.610971257156558
370.0,3.5925959894215046e-12,8.920782642905574e-13,3.70169549974429e-12,-24.445916192635615,-30.495970421950965,-24.3159930903524,2.0000000000000002e-11,(-4.790840714780602e-05-1.1896146635798587e-05j),1.928654933106574e-15,2.8252838363945778e-12,-1.779479125290496e-31,2.8252838363945778e-12,-25.489379151409114,-210.0,-25.489379151409114,1.7687188957676766e-11,(4.124693206598263e-05-1.071048643702269e-05j),-1.0674236023743782,3.1918619083287923e-12,-4.287891362988608e-13,3.2205345154567502e-12,-24.959559060895092,-33.67756226359188,-24.92072042015885,1.8927965656681532e-11,(-4.536193549010751e-05+1.4656303191657855e-07j),-0.47852112745800635,3.1861918664661154e-12,4.3448611413601924e-13,3.215679833769501e-12,-24.967280753526644,-33.62024098733079,-24.927271979052353,1.892740879857537e-11,(4.529965492578951e-05-5.699861987493274e-08j),-0.4787766688771129
380.0,3.818638557899036e-12,9.560650996339542e-13,3.936503640365562e-12,-24.180914465595492,-30.19512535078265,-24.04889342598706,2.0000000000000002e-11,(-5.09227565027696e-05-1.2749431382749688e-05j),1.928654933106574e-15,2.9753306018109047e-12,-4.4296061530017503e-29,2.9753306018109047e-12,-25.26464770921962,-193.53634886233334,-25.26464770921962,1.8150783961565977e-11,(3.978196639292723e-05-1.8161955640871623e-05j),-0.842692160184882,3.3743946217357752e-12,-4.937429862410538e-13,3.4103256735481377e-12,-24.718041298024126,-33.06499060597772,-24.672041455027433,1.926549743525596e-11,(-4.703346400385845e-05+3.87594516654208e-06j),-0.32499537368282433,3.3684830147871042e-12,4.994679394550763e-13,3.405311445881671e-12,-24.725656381889433,-33.01492383643434,-24.678431618591826,1.9264898715941664e-11,(4.6977711070441793e-05-3.7816914300964107e-06j),-0.32526531172696793
390.0,4.0672417465512055e-12,9.478908583855091e-13,4.176236643714017e-12,-23.907000134638658,-30.232416651193663,-23.792149002961832,2.0000000000000002e-11,(-5.423795888435127e-05-1.2640425282701702e-05j),1.928654933106574e-15,3.1412555800606116e-12,1.0278078310628898e-29,3.1412555800606116e-12,-25.02896726927062,-199.88088077666177,-25.02896726927062,1.8650024628269576e-11,(3.678645273941391e-05-2.580427956355252e-05j),-0.6070117202358829,3.5762371030049578e-12,-5.505240924680783e-13,3.6183626951007957e-12,-24.465736953814044,-32.592236703398434,-24.414879027647327,1.9610345095972005e-11,(-4.845693363386422e-05+8.463881945366874e-06j),-0.17089518734092124,3.570087717704165e-12,5.563134110957392e-13,3.6131718646456757e-12,-24.473211130623515,-32.546804703581635,-24.42111380227699,1.9609698173511707e-11,(4.8409114507147054e-05-8.364626072028018e-06j),-0.17118172945697366
400.0,4.311763171959038e-12,8.557181605136976e-13,4.395856596989398e-12,-23.653451012387468,-30.676692510804795,-23.56956483708062,2.0000000000000002e-11,(-5.7498729658269166e-05-1.141127311792808e-05j),1.928654933106574e-15,3.3032957958680554e-12,1.0269839063784188e-28,3.3032957958680554e-12,-24.810525353726298,-189.88436362075373,-24.810525353726298,1.9125002712840745e-11,(3.19471096191694e-05-3.3205878129698843e-05j),-0.3885698046915571,3.774809488044455e-12,-5.922558631781402e-13,3.8209885734583565e-12,-24.231049620159496,-32.27490631182135,-24.178242610531257,1.990412692078229e-11,(-4.924501974772395e-05+1.3933032628476384e-05j),-0.041737266389441446,3.768468972375314e-12,5.981116798634042e-13,3.8156383446737295e-12,-24.238350561336432,-32.23217716647084,-24.184327954867605,1.9903427242916823e-11,(4.920689850946807e-05-1.3829127328580731e-05j),-0.0420426016379867
410.0,4.517481516081708e-12,6.800515964424608e-13,4.568381488225762e-12,-23.45103615741052,-31.67458135528822,-23.40237636961511,2.0000000000000002e-11,(-6.024204903429185e-05-9.06870376179624e-06j),1.928654933106574e-15,3.4360742324622325e-12,-1.9817394441465692e-29,3.4360742324622325e-12,-24.6393746230282,-197.0295344642388,-24.6393746230282,1.9505587785397178e-11,(2.514026072707676e-05-3.970579262961204e-05j),-0.21741907399346366,3.940721038513728e-12,-6.110236287891749e-13,3.987810449146675e-12,-24.044243075150547,-32.13941994905837,-23.992654929998174,2.008206862838507e-11,(-4.89720788813565e-05+2.01072496785655e-05j),0.03556902472577711,3.934285297152491e-12,6.16908963768285e-13,3.982358279834692e-12,-24.05134150139491,-32.09778919354301,-23.998596704875123,2.0081314473908613e-11,(4.894544753274375e-05-1.9999922763833565e-05j),0.035242831957769456
420.0,4.649366821795671e-12,4.3980911399896634e-13,4.670122471667198e-12,-23.326061878678843,-33.5673577516066,-23.306717301251464,2.0000000000000002e-11,(-6.20007814221145e-05-5.864994049656884e-06j),1.928654933106574e-15,3.5143491465762572e-12,6.683969526412256e-30,3.5143491465762572e-12,-24.54155094036245,-201.74965538811736,-24.54155094036245,1.9726508597262317e-11,(1.6593746966116282e-05-4.45368491754895e-05j),-0.11959539132770713,4.044314570789973e-12,-6.003164857791175e-13,4.0886257141736845e-12,-23.9315507191263,-32.2161972996648,-23.88422644326804,2.008899847392336e-11,(-4.7303210914779576e-05+2.6579657551000507e-05j),0.03856580218245646,4.037921495616922e-12,6.061592336179657e-13,4.083165318875238e-12,-23.93842128768258,-32.174132748474804,-23.89003036040316,2.0088191644177224e-11,(4.72894133371016e-05-2.6471017402148374e-05j),0.038216945823314925
430.0,4.6843914403628e-12,1.717837140874413e-13,4.687540166331372e-12,-23.29346821266943,-37.65018011734217,-23.290549978900728,2.0000000000000002e-11,(-6.246784582107598e-05-2.2907903198958503e-06j),1.928654933106574e-15,3.5219362040739845e-12,-2.3934239373621735e-30,3.5219362040739845e-12,-24.532185150551612,-206.20980369773335,-24.532185150551612,1.974779069787104e-11,(6.9391914706242245e-06-4.707011558967242e-05j),-0.11022960151687376,4.066044151643411e-12,-5.579681896203486e-13,4.104149551824567e-12,-23.9082790983202,-32.53390559962329,-23.867768222751877,1.989907221313844e-11,(-4.4142102823941255e-05+3.278617817256421e-05j),-0.043943352027707015,4.059849095715413e-12,5.636772774600831e-13,4.098793328908652e-12,-23.914901088159283,-32.489694717836784,-23.873439793115452,1.9898217906347108e-11,(4.414158308829948e-05-3.267890721659659e-05j),-0.044316262569376264
440.0,4.621524339037468e-12,-7.939442027742349e-14,4.622206257869383e-12,-23.352147554301837,-41.002100180751015,-23.351506787928912,2.0000000000000002e-11,(-6.162949308245333e-05+1.0587497795785563e-06j),1.928654933106574e-15,3.4587740101155983e-12,-1.7876930128106723e-30,3.4587740101155983e-12,-24.61077813055322,-207.47707057290074,-24.61077813055322,1.956991172139197e-11,(-2.9344162560545984e-06-4.7058766245674335e-05j),-0.18882258151848502,4.004907260557947e-12,-4.876824033013943e-13,4.034490834313494e-12,-23.974075361825555,-33.11862914465796,-23.942112668405375,1.9528331876265758e-11,(-3.969825899602862e-05+3.8182043280409694e-05j),-0.20729697058842478,3.999048621924076e-12,4.931719743419718e-13,4.029343429988217e-12,-23.98043315520153,-33.07001611181052,-23.94765715140181,1.9527437598704454e-11,(3.971037142011194e-05-3.807884680056996e-05j),-0.20769474005035338
450.0,4.482031663043729e-12,-2.7609609955893984e-13,4.4905274617485856e-12,-23.48525079742814,-35.58939728645035,-23.477026433457443,2.0000000000000002e-11,(-5.9769313998770375e-05+3.681829069714237e-06j),1.928654933106574e-15,3.3408667055758365e-12,9.593073121754544e-30,3.3408667055758365e-12,-24.7614085156561,-200.18042245173154,-24.7614085156561,1.9233456843893786e-11,(-1.216759750609933e-05-4.471342861150095e-05j),-0.33945296662136365,3.8787087329121076e-12,-3.9778856054789156e-13,3.899053368918077e-12,-24.113128320107805,-34.00347710307514,-24.090408202959846,1.903100116042002e-11,(-3.44094508128713e-05+4.242336611088899e-05j),-0.43136719850187083,3.873279447846961e-12,4.029994948056369e-13,3.8941882689370915e-12,-24.1192116857555,-33.94695498283858,-24.095830558504066,1.9030075076914907e-11,(3.4432644134492915e-05-4.232642581845379e-05j),-0.43178988014505254
460.0,4.299944601005581e-12,-3.981168136715634e-13,4.3183353933020356e-12,-23.665371396838005,-33.99989480465177,-23.646836302269598,2.0000000000000002e-11,(-5.734112526556521e-05+5.309013999326914e-06j),1.928654933106574e-15,3.193174047371021e-12,-8.21457622100533e-31,3.193174047371021e-12,-24.957774091295843,-210.0,-24.957774091295843,1.8803516197996872e-11,(-2.0176055781492392e-05-4.056262893395459e-05j),-0.5358185422611076,3.716033041527361e-12,-2.980301255187962e-13,3.7279650644071e-12,-24.299204330828065,-35.25739834295191,-24.285281661695343,1.8481540945923285e-11,(-2.8768337149815817e-05+4.5440351978767494e-05j),-0.685836337057312,3.711070015104863e-12,3.0293984315343257e-13,3.72341418668139e-12,-24.305008519333914,-35.18643603776011,-24.290586508659192,1.8480590370308034e-11,(2.8800592089154996e-05-4.535102937598151e-05j),-0.6862830967323914
470.0,4.109866228658731e-12,-4.4380428837417384e-13,4.133758902481959e-12,-23.861723136715757,-33.52808505600536,-23.836548567786636,2.0000000000000002e-11,(-5.480636987442212e-05+5.918270967283445e-06j),1.928654933106574e-15,3.040745105177169e-12,8.36043479868918e-29,3.040745105177169e-12,-25.170199836883768,-190.77771135747452,-25.170199836883768,1.83492273325862e-11,(-2.672418649718974e-05-3.521694885051122e-05j),-0.7482442878490319,3.5459685520624465e-12,-1.9656321004894377e-13,3.5514124046301054e-12,-24.502651203217646,-37.0649776406176,-24.495988927066765,1.7953793334234193e-11,(-2.3167806592401557e-05+4.7381627180284215e-05j),-0.9374754788623053,3.5414597733692546e-12,2.0118287943199172e-13,3.547169558587404e-12,-24.50817686889163,-36.964089802988994,-24.50118051280286,1.7952823854865602e-11,(2.3207088357388873e-05-4.730047623296217e-05j),-0.937944517243708
480.0,3.938951986065599e-12,-4.2452362867244545e-13,3.9617626203283995e-12,-24.046193129999097,-33.72098132236353,-24.021115499408253,2.0000000000000002e-11,(-5.252717423271316e-05+5.661157254027467e-06j),1.928654933106574e-15,2.9030083952886798e-12,-2.0465965449972153e-29,2.9030083952886798e-12,-25.37151708218524,-196.88967763371235,-25.37151708218524,1.7928828749913502e-11,(-3.184521351550484e-05-2.9184887508721812e-05j),-0.9495615331505046,3.391349311141686e-12,-9.858933838417174e-14,3.392782045434722e-12,-24.696274753094297,-40.061700478506395,-24.69444038823888,1.7507129861755844e-11,(-1.783450072369397e-05+4.849904669470028e-05j),-1.15630084925917,3.387249817768997e-12,1.0295399985481743e-13,3.3888140778246024e-12,-24.70152771918229,-39.873567759897966,-24.699522574210384,1.75061451590461e-11,(1.7879059697075502e-05-4.84260243096967e-05j),-1.1567894079021592
490.0,3.804615525539253e-12,-3.578487961911422e-13,3.821407470829272e-12,-24.196892241951865,-34.46300439420903,-24.17776651686691,2.0000000000000002e-11,(-5.073575491792189e-05+4.772027212566726e-06j),1.928654933106574e-15,2.792246698116214e-12,-3.2233263398088495e-29,2.792246698116214e-12,-25.540462139509266,-194.9169572290731,-25.540462139509266,1.758347329342239e-11,(-3.570613658904263e-05-2.2797922970871347e-05j),-1.1185065904745308,3.266828601673162e-12,-6.529675348127498e-15,3.2668351273625638e-12,-24.858736507404316,-51.85108411071296,-24.858727832115797,1.7181817693072687e-11,(-1.2840700570993994e-05+4.90471128666198e-05j),-1.3192177800537621,3.263076538598446e-12,1.0687318675057124e-14,3.263094040252606e-12,-24.86372739297901,-49.71131240599692,-24.863704099466425,1.7180819822560844e-11,(1.2889191281320627e-05-4.8981839875702084e-05j),-1.3197222461697535
500.0,3.7157757204225744e-12,-2.6278909611518333e-13,3.725056685947066e-12,-24.299505073593416,-35.803926588810945,-24.28867114001139,2.0000000000000002e-11,(-4.955104793528479e-05+3.504375957597558e-06j),1.928654933106574e-15,2.7146123597229766e-12,1.5373634126252846e-29,2.7146123597229766e-12,-25.66292177880916,-198.132234588229,-25.66292177880916,1.7337308782883076e-11,(-3.8492666620112304e-05-1.621970571430729e-05j),-1.2409662297744217,3.1799478506276055e-12,7.905821391304471e-14,3.1809304509684347e-12,-24.975800021446158,-41.02053001483954,-24.97445826362876,1.7000356206970433e-11,(-8.15097613468258e-06+4.922556083977253e-05j),-1.4114394891247704,3.17647634183078e-12,-7.50554204501828e-14,3.1773629421817096e-12,-24.980543749109977,-41.24617937843135,-24.979331739723683,1.6999346091736252e-11,(8.202446079766547e-06-4.916754228333203e-05j),-1.4119555965524946
510.0,3.675037125438925e-12,-1.5756091333421267e-13,3.678413151722507e-12,-24.34738269289494,-38.02551510378388,-24.34339493304488,2.0000000000000002e-11,(-4.9007785848244375e-05+2.1011247601518185e-06j),1.928654933106574e-15,2.6717831193884644e-12,-2.353530422818927e-30,2.6717831193884644e-12,-25.73198798395456,-206.28280183430468,-25.73198798395456,1.719999710928791e-11,(-4.033718002568424e-05-9.494071848138015e-06j),-1.3100324349198247,3.133005592792156e-12,1.584642658435847e-13,3.137010514489276e-12,-25.040388298496694,-38.00068657084221,-25.034840256513085,1.697068653230337e-11,(-3.6706690434622355e-06+4.9157871707053475e-05j),-1.426611680762178,3.129750011917757e-12,-1.545661210893716e-13,3.1335643958418684e-12,-25.044903502428436,-38.10885691765157,-25.039613759691434,1.696966451009857e-11,(3.724480168812547e-06-4.910664865226237e-05j),-1.427134785079522
520.0,3.680284996335916e-12,-5.902616579971849e-14,3.680758310797418e-12,-24.341185488418233,-42.2895542660612,-24.34062698644904,2.0000000000000002e-11,(-4.9077767871364256e-05+7.871326449824866e-07j),1.928654933106574e-15,2.6621724063734387e-12,-3.542213649675326e-30,2.6621724063734387e-12,-25.747638223729655,-204.50725247754423,-25.747638223729655,1.7169034049925344e-11,(-4.128270793116076e-05-2.6029075208181007e-06j),-1.3256826746949204,3.1244468798161023e-12,2.319709167841071e-13,3.1330462510193233e-12,-25.05226854577579,-36.34566461108787,-25.040331938785208,1.7088647776553427e-11,(7.154798931496625e-07+4.8888897688216605e-05j),-1.3664459454834712,3.1213488554510063e-12,-2.2813358629748327e-13,3.1296746812763555e-12,-25.05657689991971,-36.4181077228628,-25.045008034980498,1.7087614153005868e-11,(-6.597552716423904e-07-4.884413652587433e-05j),-1.3669713358893998
530.0,3.725213695442185e-12,1.7317354779578125e-14,3.7252539467110935e-12,-24.288488090661886,-47.61518445596267,-24.288441165006166,2.0000000000000002e-11,(-4.9676906326047845e-05-2.309324193274023e-07j),1.928654933106574e-15,2.6813595720323615e-12,-2.29211295897172e-30,2.6813595720323615e-12,-25.7164494294422,-206.39763983454532,-25.7164494294422,1.7230794449062216e-11,(-4.127139137191145e-05+4.475451463407412e-06j),-1.2944938804074657,3.149363283190229e-12,2.991832436417623e-13,3.163542271375988e-12,-25.017772400351177,-35.240627336608604,-24.9982635810615,1.7338680005695053e-11,(5.112826719956555e-06+4.8390016468851635e-05j),-1.2402792823830802,3.1463730341211774e-12,-2.9537304910056445e-13,3.1602070356196394e-12,-25.021897886878584,-35.29629133806998,-25.002844643810246,1.7337635621459266e-11,(-5.0555160957534025e-06-4.83515487273775e-05j),-1.2408024871152135
540.0,3.798949658313322e-12,5.774604970298185e-14,3.7993885182559585e-12,-24.203364614496472,-42.3847771967609,-24.202862940453546,2.0000000000000002e-11,(-5.066019878116044e-05-7.700618907592165e-07j),1.928654933106574e-15,2.7218561304403964e-12,1.1424320045133648e-29,2.7218561304403964e-12,-25.6513483409489,-199.4216963891099,-25.6513483409489,1.7360425125860324e-11,(-4.0153705499172e-05+1.1706964771837382e-05j),-1.2293927919141632,3.1992235187111136e-12,3.58524577667941e-13,3.2192500672464533e-12,-24.9495541619858,-34.45481067110003,-24.922452865616478,1.7692957958251856e-11,(9.588646015228865e-06+4.756890740684172e-05j),-1.0645910023357,3.1963017305752436e-12,-3.54721955647368e-13,3.2159248154608016e-12,-24.953522300656253,-34.501119298776494,-24.92694113099016,1.7691904776328556e-11,(-9.530085377767046e-06-4.753672703672176e-05j),-1.0651080495276528
550.0,3.885410533448029e-12,5.183211706128776e-14,3.88575624322833e-12,-24.105630867751458,-42.85401052220511,-24.105244465414874,2.0000000000000002e-11,(-5.1813181977853285e-05-6.911977229882641e-07j),1.928654933106574e-15,2.7726491584194036e-12,7.286556492599789e-31,2.7726491584194036e-12,-25.57105081090068,-210.0,-25.57105081090068,1.752165934566339e-11,(-3.7724629192159515e-05+1.894355006105567e-05j),-1.1490952618659387,3.2613398533635707e-12,4.0696583027476617e-13,3.286633357426524e-12,-24.86603942454417,-33.904420535415795,-24.83248741226472,1.811012914230515e-11,(1.4143051286519394e-05+4.628841791358271e-05j),-0.8621689681905764,3.2584596810952545e-12,-4.031694682630477e-13,3.2833070391699427e-12,-24.86987648425073,-33.94512364129359,-24.83688502228891,1.8109070804932807e-11,(-1.4083684500238444e-05-4.626263464804317e-05j),-0.862676577504533
560.0,3.963541023215676e-12,-4.677281833787647e-15,3.9635437829900304e-12,-24.019166424374045,-53.30006460501782,-24.01916340042564,2.0000000000000002e-11,(-5.2855076843145014e-05+6.237303696211355e-08j),1.928654933106574e-15,2.8193013170387217e-12,4.978401651518961e-29,2.8193013170387217e-12,-25.498585057764913,-193.02910067952104,-25.498585057764913,1.7668452782678865e-11,(-3.379651685205652e-05+2.587994806858389e-05j),-1.076629508730175,3.3189760455266066e-12,4.401959627247655e-13,3.348040393480732e-12,-24.789958820695986,-33.563539449139675,-24.752093109655277,1.8535828945810442e-11,(1.8683587298542813e-05+4.4402477474744346e-05j),-0.660359653266408,3.3161250285463982e-12,-4.3642598772679253e-13,3.344720144902284e-12,-24.793691035185855,-33.60089396511045,-24.756402141021905,1.8534771150942184e-11,(-1.862403847801884e-05-4.438322296206964e-05j),-0.6608553500969925
570.0,4.009828981141036e-12,-1.0637407237734128e-13,4.011239696312438e-12,-23.968741496068965,-39.731642141050855,-23.967213854689913,2.0000000000000002e-11,(-5.347234144535981e-05+1.41853199870784e-06j),1.928654933106574e-15,2.84557717572194e-12,-2.095522331401577e-29,2.84557717572194e-12,-25.458296312696223,-196.78707706649368,-25.458296312696223,1.7750596728627153e-11,(-2.8306033831372867e-05+3.2056491845598815e-05j),-1.0363407636614834,3.3532320064729934e-12,4.534913414574541e-13,3.383758160095337e-12,-24.745363971690924,-33.43431000540263,-24.706006838981708,1.890768984878667e-11,(2.3018729240221854e-05+4.1812225235811304e-05j),-0.4878305179894151,3.350412820123173e-12,-4.497893008193882e-13,3.3804698608887652e-12,-24.749016782002432,-33.469908793814106,-24.710229317314276,1.8906640301909167e-11,(-2.2959818599323958e-05-4.179952086897837e-05j),-0.48831267638354653
580.0,4.003771642868318e-12,-2.362219756314214e-13,4.010734121081536e-12,-23.97530700690812,-36.26679702609394,-23.967761272415913,2.0000000000000002e-11,(-5.339156491800859e-05+3.150094978431337e-06j),1.928654933106574e-15,2.8370911368589425e-12,-3.123026727621135e-29,2.8370911368589425e-12,-25.471267129883547,-195.05424298956257,-25.471267129883547,1.772410918050105e-11,(-2.1420025852741112e-05+3.69400169454311e-05j),-1.0493115808488067,3.3472954815605757e-12,4.432962320936815e-13,3.3765216703383235e-12,-24.753059487276353,-33.53305960078687,-24.71530458655733,1.9166381395168795e-11,(2.6890283228306566e-05+3.85288781897579e-05j),-0.3697973932813391,3.344523999128519e-12,-4.397194927874035e-13,3.3733060953734743e-12,-24.756656833556324,-33.568242816571576,-24.71944248938241,1.9165349104894254e-11,(-2.6832958861000243e-05-3.8522500495357826e-05j),-0.3702652228984382
590.0,3.934766852390504e-12,-3.6772143084074456e-13,3.951912098386127e-12,-24.05080995889427,-34.34481058668919,-24.031927239048585,2.0000000000000002e-11,(-5.2471364147564465e-05+4.903681927376683e-06j),1.928654933106574e-15,2.7859952886664456e-12,-5.931683484449622e-30,2.7859952886664456e-12,-25.550196223369998,-202.2682203104628,-25.550196223369998,1.756377892249476e-11,(-1.3573377196619535e-05+4.007858361180767e-05j),-1.1282406743352604,3.291930520038532e-12,4.0893794788305205e-13,3.3172333041225727e-12,-24.825493396451574,-33.88342586702892,-24.79223983069033,1.9270443625455226e-11,(3.0049832545082458e-05+3.4709537269018814e-05j),-0.32276565974549254,3.289230372732455e-12,-4.0554819853058886e-13,3.3141372612245698e-12,-24.829057081218625,-33.91957523420918,-24.79629508421834,1.9269437529394177e-11,(-2.9995021349496403e-05-3.4708940527106237e-05j),-0.3232191556614991
600.0,3.806627462572921e-12,-4.71822697388051e-13,3.835756678490555e-12,-24.194596235443143,-33.262211708830584,-24.161489501302853,2.0000000000000002e-11,(-5.0762584736484425e-05+6.291905339370677e-06j),1.928654933106574e-15,2.694148570144298e-12,8.284566350957877e-30,2.694148570144298e-12,-25.69578458570446,-200.81730219449236,-25.69578458570446,1.7271837519580822e-11,(-5.387207098102875e-06+4.126093570002705e-05j),-1.273829036669722,3.1892207086323196e-12,3.534300214670662e-13,3.2087445377348827e-12,-24.96315424556247,-34.51696562911545,-24.93664857621979,1.9208279988281923e-11,(3.235007631968645e-05+3.063264787210208e-05j),-0.35083036205488627,3.1866154769067832e-12,-3.502792605998334e-13,3.205809376439624e-12,-24.966703388898416,-34.555855757102535,-24.94062305195122,1.9207307261983423e-11,(-3.22985068730838e-05-3.0636992888430425e-05j),-0.35127023523571677
610.0,3.6364458405789948e-12,-5.254981688005481e-13,3.67421919281866e-12,-24.39322876211024,-32.79428793015764,-24.348349385604063,2.0000000000000002e-11,(-4.849315882286482e-05+7.007684777373775e-06j),1.928654933106574e-15,2.5724974129940073e-12,-5.66870478227074e-30,2.5724974129940073e-12,-25.89645053309161,-202.4651615983197,-25.89645053309161,1.687738845901174e-11,(2.506233884914413e-06+4.0583358645161035e-05j),-1.4744949840568733,3.0519007214428293e-12,2.826821427395163e-13,3.0649644708164343e-12,-25.154295981191325,-35.487016253790316,-25.13574555474376,1.9000394300390995e-11,(3.379921616932366e-05+2.661602917437041e-05j),-0.4453476408470668,3.0494066386868233e-12,-2.798018395830814e-13,3.0622165040214495e-12,-25.157846585593763,-35.53149434525553,-25.139641071786368,1.8999458941915158e-11,(-3.375129241700117e-05-2.6624313298144333e-05j),-0.44577524357716103
620.0,3.448386743004615e-12,-5.172361954753089e-13,3.4869620604818383e-12,-24.623840331797105,-32.86311091399591,-24.575527778930287,2.0000000000000002e-11,(-4.598533110135884e-05+6.897508742251715e-06j),1.928654933106574e-15,2.436971190969097e-12,-2.3444343527953262e-29,2.436971190969097e-12,-26.131496048641488,-196.2996192356403,-26.131496048641488,1.642680004325926e-11,(9.63276409699528e-06+3.838472823855505e-05j),-1.7095404996067498,2.8986030929682515e-12,2.035507191350462e-13,2.9057413487482864e-12,-25.378112487135915,-36.91327358940044,-25.367430465454675,1.8690700342228436e-11,(3.45480200258906e-05+2.2923329998178672e-05j),-0.5880884185367662,2.896224929332416e-12,-2.0094813644583753e-13,2.903187729863092e-12,-25.381677125803762,-36.96916017016322,-25.371248803214197,1.8689802492666528e-11,(-3.4503795501521675e-05-2.2934557105628252e-05j),-0.5885056746792132
630.0,3.2663932065766227e-12,-4.472083555232346e-13,3.296865161516271e-12,-24.85931536326963,-33.49490090802012,-24.818988147030495,2.0000000000000002e-11,(-4.355838956183294e-05+5.9636652825406775e-06j),1.928654933106574e-15,2.303544528131353e-12,1.1463492191192228e-29,2.303544528131353e-12,-26.376033883017605,-199.4068306052485,-26.376033883017605,1.5970778224420567e-11,(1.5753037309295207e-05+3.510352087229109e-05j),-1.9540783339828673,2.748102459055372e-12,1.2191432768959034e-13,2.7508053782051155e-12,-25.60967079264289,-39.139452519626296,-25.60540135223384,1.8332486126860623e-11,(3.482747404657513e-05+1.970830108021419e-05j),-0.7561726129856082,2.7458332329744344e-12,-1.1957572363535193e-13,2.748435645415361e-12,-25.613258429908527,-39.223569822319604,-25.609144275788044,1.8331622179746963e-11,(-3.478671648844166e-05-1.9721620433304016e-05j),-0.7565819587807383
640.0,3.1094625094702157e-12,-3.236663106161142e-13,3.1262624615391233e-12,-25.073146750711892,-34.89902502558955,-25.04974564124491,2.0000000000000002e-11,(-4.1465668934993576e-05+4.3161929241929435e-06j),1.928654933106574e-15,2.1849672206428315e-12,-4.566699962808046e-30,2.1849672206428315e-12,-26.60555074025698,-203.40397521079075,-26.60555074025698,1.555429158515868e-11,(2.083803069807122e-05+3.114440690802396e-05j),-2.183595191222243,2.6154848387635063e-12,4.164739992866301e-14,2.615816401761137e-12,-25.824477931132925,-43.80412106667318,-25.82392741425826,1.797618446147963e-11,(3.488034726431597e-05+1.701059575764021e-05j),-0.9266495948938422,2.6133080858357696e-12,-3.9544785068372826e-14,2.613607266121044e-12,-25.828093877884793,-44.029107805697905,-25.8275967114362,1.797534766984926e-11,(-3.484264519286047e-05-1.702537448610629e-05j),-0.9270539325852779
650.0,2.9903981106704986e-12,-1.5859141087183427e-13,2.994600490199654e-12,-25.242709903518254,-37.99720337270476,-25.236611086586066,2.0000000000000002e-11,(-3.9877907407868955e-05+2.1148667717062926e-06j),1.928654933106574e-15,2.089829931474585e-12,4.13630348605961e-29,2.089829931474585e-12,-26.798890549546755,-193.83387603984315,-26.798890549546755,1.5211892429151915e-11,(2.4991910824847302e-05+2.6803904103592357e-05j),-2.3769350005120202,2.5110391141710002e-12,-3.544329311671965e-14,2.5112892425850987e-12,-26.001465222785846,-44.5046593362537,-26.001032637011345,1.766261201789629e-11,(3.4916834696509626e-05+1.4783546406390695e-05j),-1.0795013292683813,2.5089319245193016e-12,3.7345284834134254e-14,2.509209850166277e-12,-26.005111223468926,-44.277642238294575,-26.004630162628466,1.766179322635112e-11,(-3.488170005021186e-05-1.4799381732809542e-05j),-1.0799039932594674
660.0,2.9168636581747528e-12,3.5399998142616553e-14,2.9170784631629463e-12,-25.35083870462158,-44.50996760760975,-25.350518891297558,2.0000000000000002e-11,(-3.889730215753452e-05-4.720702046770201e-07j),1.928654933106574e-15,2.023209625178616e-12,-1.892990641840943e-29,2.023209625178616e-12,-26.939591175545093,-197.22851533002336,-26.939591175545093,1.4967463727459418e-11,(2.8372630345975997e-05+2.2253390767367668e-05j),-2.5176356265103528,2.4409994157373412e-12,-1.0913647465271406e-13,2.443437929993243e-12,-26.124323245328643,-39.6203007898975,-26.119986887634173,1.7421285393353066e-11,(3.509860926244804e-05+1.2927853436066097e-05j),-1.1989960058794058,2.4389350292363276e-12,1.1087547202958551e-13,2.4414539617067917e-12,-26.127997686981487,-39.55164518236583,-26.123514607573757,1.7420473638792326e-11,(-3.506555378765544e-05-1.2944549884887143e-05j),-1.1994007392065933
670.0,2.893199462832881e-12,2.4643225749251296e-13,2.903675599868093e-12,-25.386216242083854,-36.08302444502471,-25.370519048647836,2.0000000000000002e-11,(-3.8581732605989655e-05-3.2862523259135995e-06j),1.928654933106574e-15,1.9878644547519508e-12,2.5213383078467473e-29,1.9878644547519508e-12,-27.016132318905054,-195.98368877697797,-27.016132318905054,1.483614800440578e-11,(3.113391716472422e-05+1.7554853437297058e-05j),-2.594176769870318,2.408937153155501e-12,-1.8018124291701318e-13,2.41566626174893e-12,-26.181745301775827,-37.4429042157911,-26.169630661984947,1.7271604736978968e-11,(3.5540837579508235e-05+1.131598904146431e-05j),-1.2739461022461276,2.4068866993977432e-12,1.817941280679574e-13,2.4137424652886544e-12,-26.18544353008927,-37.404201485555724,-26.173090688992055,1.72707876208451e-11,(-3.550942163972067e-05-1.1333524117147611e-05j),-1.274357039652434
680.0,2.9220050585911083e-12,4.634047047243301e-13,2.9585228548707664e-12,-25.343190365480936,-33.34039561341375,-25.28925071407784,2.0000000000000002e-11,(-3.8965864363021e-05-6.17964873687813e-06j),1.928654933106574e-15,1.9853021084828568e-12,2.644449639181158e-30,1.9853021084828568e-12,-27.021733961735578,-205.77664699257207,-27.021733961735578,1.48265830648318e-11,(3.3389579868416015e-05+1.2687457990149922e-05j),-2.599778412700841,2.4170081032379267e-12,-2.4975362828728416e-13,2.429877578389591e-12,-26.167218935784405,-36.02488193857934,-26.14415606389,1.722481645694981e-11,(3.632005855702293e-05+9.803817757145168e-06j),-1.2975078557166386,2.414941607517134e-12,2.512751876264955e-13,2.427979033606792e-12,-26.170933658812817,-35.99850394053325,-26.147550678555078,1.7223980306405784e-11,(-3.628992116014784e-05-9.822309731558415e-06j),-1.297929508257802
690.0,3.005051871243966e-12,6.752162581523267e-13,3.0799762570740856e-12,-25.221480270886637,-31.705571091240575,-25.114526313766508,2.0000000000000002e-11,(-4.0073319953523224e-05-9.004222991850708e-06j),1.928654933106574e-15,2.0164261831674565e-12,-8.948283807685286e-30,2.0164261831674565e-12,-26.954176719106787,-200.48260250083118,-26.954176719106787,1.4942351112463317e-11,(3.5191704124265054e-05+7.574265954852165e-06j),-2.532221170072049,2.4666997100393604e-12,-3.1900979089767435e-13,2.4872423899163593e-12,-26.078837172353193,-34.961959875773644,-26.04281889248121,1.7285437613035435e-11,(3.747951822962673e-05+8.23206118095513e-06j),-1.2669923334597886,2.4645867370742797e-12,3.204723823179318e-13,2.4853350543520233e-12,-26.082558929607195,-34.942093911802,-26.046150546379565,1.728456751183137e-11,(-3.7450399035213254e-05-8.251743324706184e-06j),-1.2674295681669716
700.0,3.1433541189308602e-12,8.696011720277804e-13,3.2614232039696558e-12,-25.02606690177309,-30.606798835895926,-24.865928432598054,2.0000000000000002e-11,(-4.1917624298111476e-05-1.1596407480381526e-05j),1.928654933106574e-15,2.0816530433392124e-12,-2.265362114412856e-30,2.0816530433392124e-12,-26.815916542298275,-206.4486236684257,-26.815916542298275,1.51821034375125e-11,(3.651419079138606e-05+2.108139169213531e-06j),-2.3939609932635406,2.5589380144241377e-12,-3.8866848289206795e-13,2.588286489409271e-12,-25.919402339719767,-34.10420674858863,-25.869876546326104,1.7451468197684514e-11,(3.902699559620767e-05+6.422272773639995e-06j),-1.1839605099201087,2.556748434444232e-12,3.9010213104959504e-13,2.586337609377876e-12,-25.9231200130781,-34.088216772181966,-25.873147848230886,1.7450548006894213e-11,(-3.899875792231828e-05-6.443471781979157e-06j),-1.1844185164493317
710.0,3.3362515699528607e-12,1.0319385564711112e-12,3.492201558092632e-12,-24.767412088367465,-29.863461606351194,-24.569006982307187,2.0000000000000002e-11,(-4.44899729976445e-05-1.3761227997946412e-05j),1.928654933106574e-15,2.180419560092503e-12,-7.11708118972388e-30,2.180419560092503e-12,-26.614599306609726,-201.47698079831645,-26.614599306609726,1.5538096266036738e-11,(3.7237233622790766e-05-3.817862606065335e-06j),-2.192643757574986,2.693439050196969e-12,-4.585302513762074e-13,2.7321903133846802e-12,-25.696928476519503,-33.3863200661913,-25.634890527305757,1.771309861205598e-11,(4.092208395736934e-05+4.173133811764934e-06j),-1.054709104604268,2.6911445022369266e-12,4.599626714442043e-13,2.7301692971393048e-12,-25.70062981968977,-33.372774123262786,-25.638104216282084,1.7712111142343233e-11,(-4.089474458042179e-05-4.196245350868445e-06j),-1.0551933390241932
720.0,3.579327912212918e-12,1.144549348293166e-12,3.757869278437556e-12,-24.461985128586377,-29.413654775815022,-24.250583313777643,2.0000000000000002e-11,(-4.7731473129383356e-05-1.5262928628836602e-05j),1.928654933106574e-15,2.3099858970608944e-12,-9.283777259039134e-30,2.3099858970608944e-12,-26.363906715569158,-200.3227528789844,-26.363906715569158,1.599309206678474e-11,(3.7135226632256984e-05-1.0266985045184631e-05j),-1.9419511665344211,2.867164260686134e-12,-5.268708002625264e-13,2.915171305073707e-12,-25.425474254818138,-32.78295869820183,-25.353359195799968,1.8049946760092116e-11,(4.30517693875057e-05+1.2652499235298207e-06j),-0.8910814082048821,2.864740962554469e-12,5.283268932680796e-13,2.9130516797145577e-12,-25.429146419755632,-32.77097281986427,-25.356518105952066,1.8048874308728818e-11,(-4.302553585488275e-05-1.2907000647122463e-06j),-0.8915975022994109
730.0,3.86117107734152e-12,1.1873871193283075e-12,4.0396200637739984e-12,-24.132809556151603,-29.25407666572989,-23.93659479435363,2.0000000000000002e-11,(-5.1489941141530087e-05-1.583418389441588e-05j),1.928654933106574e-15,2.4635409352342085e-12,2.7573497921819575e-29,2.4635409352342085e-12,-26.08440216909012,-195.5950813662243,-26.08440216909012,1.651610612007141e-11,(3.5880898130400646e-05-1.719474398409034e-05j),-1.662446620055382,3.0718672496965196e-12,-5.89759581159463e-13,3.1279681525436674e-12,-25.12597556208879,-32.29324994891905,-25.04737677365693,1.8427489185924332e-11,(4.519806480924437e-05-2.5137239018703864e-06j),-0.7112766131114225,3.069300708579331e-12,5.912599861719294e-13,3.1257311482169436e-12,-25.1296056035312,-32.28221511112078,-25.05048379441314,1.8426314687971152e-11,(-4.517337203642637e-05+2.4855451966265996e-06j),-0.7118302362673833
740.0,4.1597502366777955e-12,1.1414425980763413e-12,4.3135151832634414e-12,-23.80932744875421,-29.425459238281654,-23.651686689380462,2.0000000000000002e-11,(-5.547158894536103e-05-1.5221499129184416e-05j),1.928654933106574e-15,2.6280642828422716e-12,2.654201286607066e-29,2.6280642828422716e-12,-25.803640160748742,-195.76066144641175,-25.803640160748742,1.7058693458460966e-11,(3.309069073531964e-05-2.4368267681650213e-05j),-1.3816846117140034,3.291287516440712e-12,-6.406032663547266e-13,3.353050262185584e-12,-24.82634177459648,-31.934108512541247,-24.745599364530047,1.879462039766426e-11,(4.7012989454598776e-05-7.310773458800504e-06j),-0.539928742838552,3.2885790688715315e-12,6.421617661572894e-13,3.3506900820777497e-12,-24.82991711730291,-31.923555555761478,-24.748657398364422,1.8793329381120876e-11,(-4.699051322235187e-05+7.279616894058541e-06j),-0.54052540359218
750.0,4.440746164906677e-12,9.958334679832377e-13,4.551034036028393e-12,-23.525440505892025,-30.018132820410855,-23.41889916503266,2.0000000000000002e-11,(-5.92187587846929e-05-1.3279755189849468e-05j),1.928654933106574e-15,2.7833146028389457e-12,-2.2257323486067646e-30,2.7833146028389457e-12,-25.554377018388365,-206.52527062154033,-25.554377018388365,1.7555326951184417e-11,(2.8439203358705343e-05-3.130119919133453e-05j),-1.1324214693536268,3.4997305144914648e-12,-6.705592716213811e-13,3.5633921213950183e-12,-24.559653958140636,-31.735628282517403,-24.481363845566694,1.9085995265759092e-11,(4.8033345237458554e-05-1.311488436766901e-05j),-0.40630367797583866,3.4969040695417943e-12,6.721794793272432e-13,3.560921695854404e-12,-24.5631628151406,-31.72514750050084,-24.48437576292678,1.9084578513691823e-11,(-4.8013955839850564e-05+1.3080775359200115e-05j),-0.4069484548753191
760.0,4.661620648333296e-12,7.571927414201342e-13,4.722716158803817e-12,-23.31463071235619,-31.207935579098937,-23.258081552849404,2.0000000000000002e-11,(-6.216419008610335e-05-1.009740540047769e-05j),1.928654933106574e-15,2.9041730846851443e-12,-3.256739709386596e-29,2.9041730846851443e-12,-25.369775038522434,-194.8721695046011,-25.369775038522434,1.7932424919798766e-11,(2.183914154122889e-05-3.7272646235011784e-05j),-0.9478194894876969,3.664917971162205e-12,-6.705576032971794e-13,3.7257578067672825e-12,-24.359357413694525,-31.735639087600966,-24.2878537987541,1.9233307909515066e-11,(4.77740365764151e-05-1.9663967757957126e-05j),-0.3395202261159004,3.6620231484926556e-12,6.722304420769894e-13,3.7232119611098e-12,-24.362789147500923,-31.724818243171576,-24.290822388500935,1.9231764154046073e-11,(-4.775865942421034e-05+1.962732445131635e-05j),-0.3402174243229844
770.0,4.78371594876497e-12,4.557327127700349e-13,4.805375176191457e-12,-23.202346161321913,-33.41289796377812,-23.18272699444149,2.0000000000000002e-11,(-6.379236964794053e-05-6.077340290489125e-06j),1.928654933106574e-15,2.967712058323386e-12,1.4206089058838232e-29,2.967712058323386e-12,-25.275782386853336,-198.47525467036849,-25.275782386853336,1.812753088661092e-11,(1.360589810177946e-05-4.1495639981436425e-05j),-0.8538268378185999,3.756962627195068e-12,-6.348564094410286e-13,3.81022451343078e-12,-24.251631251079445,-31.97324491462638,-24.190494332295366,1.91858172599399e-11,(4.5901079193563857e-05-2.6428838247585637e-05j),-0.36099384110994054,3.754069708574837e-12,6.365606879666906e-13,3.80765661349652e-12,-24.254976673118183,-31.961601855804194,-24.193422245701175,1.91841546375411e-11,(-4.5890473983292234e-05+2.6390494806084608e-05j),-0.36174658363023054
780.0,4.788165355949912e-12,1.4064187045635914e-13,4.7902304340860694e-12,-23.198308599497178,-38.518853663639206,-23.196435943422426,2.0000000000000002e-11,(-6.385170390417481e-05-1.8755039563848135e-06j),1.928654933106574e-15,2.962547046963045e-12,8.532784429237466e-30,2.962547046963045e-12,-25.28334744079156,-200.68909226168046,-25.28334744079156,1.8111749423552903e-11,(4.464853266457323e-06-4.3402017377039846e-05j),-0.8613918917568185,3.76045683083782e-12,-5.643297158192781e-13,3.802565397827036e-12,-24.247593925562487,-32.484670805530094,-24.199233080649243,1.8931764948878164e-11,(4.239984274689256e-05-3.2741843483618045e-05j),-0.47677783809457747,3.757642392886898e-12,5.660371548322103e-13,3.800036106864159e-12,-24.25084553183282,-32.47155060668614,-24.202122768207254,1.8930000032187765e-11,(-4.239438768212588e-05+3.270292094811513e-05j),-0.47758761923457205
790.0,4.684916536896447e-12,-1.3605765062132688e-13,4.686891789019498e-12,-23.292981417854225,-38.66277032500858,-23.29115073357158,2.0000000000000002e-11,(-6.247484814992118e-05+1.8143719306968548e-06j),1.928654933106574e-15,2.89420073881179e-12,5.075260982395489e-31,2.89420073881179e-12,-25.384713499499306,-210.0,-25.384713499499306,1.790161027519919e-11,(-4.6662572881760174e-06-4.287141997504432e-05j),-0.9627579504645696,3.68163654398432e-12,-4.66861532521644e-13,3.7111194177160706e-12,-24.33959087839934,-33.308119086817996,-24.304950705445883,1.850661561000593e-11,(3.7607119849562465e-05-3.8030394047189443e-05j),-0.6740598216222871,3.678965353062814e-12,4.6854468932998e-13,3.708681732763803e-12,-24.342743021510657,-33.29248980221652,-24.307804348394015,1.8504770020102187e-11,(-3.760671919427231e-05+3.799205447467981e-05j),-0.6749260734505501
800.0,4.50753544178019e-12,-3.374554971115516e-13,4.520149551888226e-12,-23.460608498281776,-34.71783492857403,-23.4484719605469,2.0000000000000002e-11,(-6.010941497842735e-05+4.5000761002599566e-06j),1.928654933106574e-15,2.7821348253889824e-12,-1.1657808070739774e-30,2.7821348253889824e-12,-25.556218274339656,-209.3338309899983,-25.556218274339656,1.7551605924810542e-11,(-1.2995563118372397e-05-4.0234542005675755e-05j),-1.134262725304923,3.5448765245689235e-12,-3.5418024987264625e-13,3.562526241845764e-12,-24.50398887598626,-34.50775660002161,-24.482419279246727,1.7981173692148364e-11,(3.2065321719439106e-05-4.2004968151017464e-05j),-0.9242391893762611,3.5423886889902635e-12,3.558194980255943e-13,3.560214198480387e-12,-24.50703787521379,-34.48770257340037,-24.485238721339787,1.7979269774731145e-11,(-3.2069484524240046e-05+4.196817504954499e-05j),-0.9251589342396209
810.0,4.2983105544679365e-12,-4.500603216293531e-13,4.321808408034255e-12,-23.667022097800434,-33.46729273791163,-23.64334489923352,2.0000000000000002e-11,(-5.7319334736640036e-05+6.001697155255002e-06j),1.928654933106574e-15,2.6510507797358636e-12,-5.591532657474432e-29,2.6510507797358636e-12,-25.76581953463487,-192.5246913425123,-25.76581953463487,1.7133133401320047e-11,(-2.0063833224346528e-05-3.6067949144387135e-05j),-1.3438639856001322,3.3816615695799956e-12,-2.374626671787774e-13,3.389988715243444e-12,-24.708698579500854,-36.244046585135834,-24.698017474947523,1.743774781962866e-11,(2.6306337257929993e-05-4.4686217480759196e-05j),-1.1907920589964736,3.379369832733429e-12,2.3904929744421767e-13,3.387814196941346e-12,-24.711642771430554,-36.21512528339444,-24.700804163625364,1.7435805229600566e-11,(-2.631436268885187e-05+4.465161097810189e-05j),-1.1917597334166654
820.0,4.0945023094689555e-12,-4.804643449775226e-13,4.122595681005025e-12,-23.87798879590269,-33.18338835579325,-23.84829256059358,2.0000000000000002e-11,(-5.460148713834574e-05+6.407144451245014e-06j),1.928654933106574e-15,2.5228130304199446e-12,4.036021693708824e-29,2.5228130304199446e-12,-25.98114934526322,-193.9404650808609,-25.98114934526322,1.67136116106064e-11,(-2.5751627213526557e-05-3.094979382614566e-05j),-1.559193796228482,3.220158198451867e-12,-1.245060988092821e-13,3.2225642882179217e-12,-24.92122791960375,-39.04809374557443,-24.917984099746214,1.69490531675553e-11,(2.070398742337709e-05-4.629775981871468e-05j),-1.4376910726350016,3.218053313336299e-12,1.260415178288857e-13,3.220520701950438e-12,-24.924067652413484,-38.99486375565156,-24.92073904794379,1.6947087261689042e-11,(-2.0715149558680382e-05+4.626566266139486e-05j),-1.4386985998163304
830.0,3.921928947568047e-12,-4.4668290639466193e-13,3.94728416618786e-12,-24.065002785822177,-33.50000666736839,-24.037016074871808,2.0000000000000002e-11,(-5.23001666143684e-05+5.956658251730301e-06j),1.928654933106574e-15,2.4126551731254863e-12,-4.5712151711796676e-29,2.4126551731254863e-12,-26.175047448588117,-193.3996833560049,-26.175047448588117,1.634464155235653e-11,(-3.0159236660904433e-05-2.5311198244385425e-05j),-1.7530918995533802,3.080195663596078e-12,-1.9260387623684644e-14,3.080255880372197e-12,-25.114216948888185,-47.15334976758042,-25.114132046626064,1.656784737064201e-11,(1.5439919011775275e-05-4.712866967110931e-05j),-1.6352782129464898,3.0782546745465435e-12,2.0753261757458006e-14,3.078324631880338e-12,-25.116954523489827,-46.82913636207793,-25.116855825552143,1.656586917674786e-11,(-1.5453586067066147e-05+4.709917041531103e-05j),-1.636315366375574
840.0,3.7949309180257006e-12,-3.705390033372223e-13,3.812977816035851e-12,-24.20796125484788,-34.31166070970497,-24.187357214510193,2.0000000000000002e-11,(-5.060660760461634e-05+4.941255150396243e-06j),1.928654933106574e-15,2.329136240285696e-12,-6.454867696154294e-29,2.329136240285696e-12,-26.328051071399603,-191.90112654934197,-26.328051071399603,1.605924854214639e-11,(-3.3468640085890614e-05-1.9401145128894748e-05j),-1.9060955223648635,2.9730817085052095e-12,7.71793989630193e-14,2.974083304998794e-12,-25.267931550179643,-41.124986078332995,-25.266468709201185,1.632599184913571e-11,(1.0542743245726253e-05-4.7437058178398846e-05j),-1.7630084065009597,2.9712752735995496e-12,-7.571629469904812e-14,2.9722398471164857e-12,-25.27057111149118,-41.20810647100353,-25.26916147779474,1.6324008911316347e-11,(-1.055842483516989e-05+4.74101116001168e-05j),-1.7640634496052887
850.0,3.7190369352036914e-12,-2.734277612952064e-13,3.729074746643753e-12,-24.29569508472031,-35.63157393333515,-24.283989114282928,2.0000000000000002e-11,(-4.959453726890046e-05+3.646245932527803e-06j),1.928654933106574e-15,2.2757006744743268e-12,-2.5881108641796384e-29,2.2757006744743268e-12,-26.42884861772987,-195.87017124189498,-26.42884861772987,1.5873962215556177e-11,(-3.5844281472646024e-05-1.331878677312144e-05j),-2.0068930686951285,2.9035388911891946e-12,1.652141296478086e-13,2.9082355133797986e-12,-25.37072352473521,-37.819528131556886,-25.363704265545177,1.623786554480972e-11,(5.947195697955798e-06-4.7405833716684195e-05j),-1.8100210937896566,2.901836301509142e-12,-1.6376654545500992e-13,2.906453750219763e-12,-25.37327090642769,-37.8577481202738,-25.366365834883116,1.6235883067904218e-11,(-5.964540609989953e-06+4.7381345067389755e-05j),-1.81108161660382
860.0,3.693571852958039e-12,-1.7486810459691184e-13,3.697709005177287e-12,-24.325534480062935,-37.572893972724,-24.32067269060657,2.0000000000000002e-11,(-4.9254952319223574e-05+2.3319216457576105e-06j),1.928654933106574e-15,2.252219134316608e-12,5.546189116315278e-30,2.252219134316608e-12,-26.473893561854673,-202.56005325747725,-26.473893561854673,1.5791853085488843e-11,(-3.737814600557801e-05-7.069060901068219e-06j),-2.051938012819934,2.871670861110271e-12,2.455729658828867e-13,2.8821519071905842e-12,-25.418653385923598,-36.09819444591571,-25.40283132919662,1.6304009987808614e-11,(1.5451950432071777e-06-4.7132224323088915e-05j),-1.7747112590698442,2.870043034625501e-12,-2.441272580800925e-13,2.8804071133678407e-12,-25.421115912241035,-36.12383726634193,-25.405461252290607,1.6302032003416448e-11,(-1.5639630988879878e-06+4.711010846725408e-05j),-1.7757650854840934
870.0,3.7130706592108205e-12,-9.239466568947898e-14,3.714220038519547e-12,-24.302667861324814,-40.34353101599133,-24.30132371279019,2.0000000000000002e-11,(-4.951497508593743e-05+1.2321121760339513e-06j),1.928654933106574e-15,2.255832723222891e-12,2.4388641887665748e-30,2.255832723222891e-12,-26.466931077359884,-206.12812383249806,-26.466931077359884,1.5804516683116316e-11,(-3.806593276421734e-05-6.212660007497118e-07j),-2.0449755283251467,2.8740688446708948e-12,3.1844015036677805e-13,2.891656247425255e-12,-25.41502833104166,-34.96972179679912,-25.38853336107657,1.6513035232407396e-11,(-2.7760012704467725e-06-4.6632107603117175e-05j),-1.6640617629458827,2.8724901095510273e-12,-3.1698511648176025e-13,2.8899271605940914e-12,-25.417414579833874,-34.98961128891365,-25.391131033163607,1.6511065724532042e-11,(2.7559788262752955e-06+4.6612325261031135e-05j),-1.6650977898214787
880.0,3.767430793137147e-12,-4.148866568295744e-14,3.767659232263202e-12,-24.239547168327622,-43.82070532291948,-24.239283840745355,2.0000000000000002e-11,(-5.023988471574832e-05+5.532645177501294e-07j),1.928654933106574e-15,2.281043823399562e-12,1.4884329651847304e-29,2.281043823399562e-12,-26.418663709803518,-198.2727071997321,-26.418663709803518,1.5892586636980576e-11,(-3.780463961925556e-05+6.032436461936497e-06j),-1.9967081607687769,2.9039681337510288e-12,3.82820241699746e-13,2.9290923951450364e-12,-25.37008153609691,-34.17005106877193,-25.332669287387635,1.6841463345997483e-11,(-7.103028886404628e-06-4.585003090327388e-05j),-1.4930034247803026,2.9024175617696232e-12,-3.8134903367798213e-13,2.9273631118048637e-12,-25.372401068097158,-34.18677349757375,-25.335234040874518,1.683950734370881e-11,(7.081894051167554e-06+4.5832605431694054e-05j),-1.4940122805040197
890.0,3.841351076165032e-12,-3.4578971863349625e-14,3.841506709046514e-12,-24.15515999142152,-44.61187923748965,-24.15498403996302,2.0000000000000002e-11,(-5.122563513862047e-05+4.6112155880033584e-07j),1.928654933106574e-15,2.3193507345588166e-12,2.723704522864313e-30,2.3193507345588166e-12,-26.346335719459812,-205.64840008011026,-26.346335719459812,1.6025477809541572e-11,(-3.6412795438102324e-05+1.2817272652461138e-05j),-1.9243801704250756,2.9508204772752637e-12,4.361422661904745e-13,2.982878067481937e-12,-25.30057211408319,-33.60371824163918,-25.25364499136117,1.7252339708394492e-11,(-1.1467129710867607e-05-4.467561784235791e-05j),-1.2836398920036773,2.9492832378428894e-12,-4.3465449330077493e-13,2.981140074798162e-12,-25.30283517470106,-33.6185582643649,-25.25617617297568,1.725040429259785e-11,(1.1445044179890425e-05+4.4660632782584993e-05j),-1.2846143540946082
900.0,3.914139606254411e-12,-7.857717144000585e-14,3.9149282533810175e-12,-24.07363688349795,-41.047036086383244,-24.072761925961363,2.0000000000000002e-11,(-5.2196293277047477e-05+1.0478515070871998e-06j),1.928654933106574e-15,2.3590334250206717e-12,-8.603551043293056e-30,2.3590334250206717e-12,-26.27265905575111,-200.65322260361242,-26.27265905575111,1.6161989501764415e-11,(-3.3683230626079075e-05+1.952152970446293e-05j),-1.850703506716368,3.0000408815354622e-12,4.742648748407734e-13,3.037296900599579e-12,-25.228728271122407,-33.239790390160856,-25.175127530307936,1.769453317524429e-11,(-1.5816569337766486e-05-4.297335053262466e-05j),-1.0638177256481993,2.9985096630912513e-12,-4.727685815656431e-13,3.0355510754008402e-12,-25.23094547252933,-33.25351392757203,-25.1776245540242,1.7692628192046242e-11,(1.5793757234883697e-05+4.296092511254474e-05j),-1.0647528938389939
910.0,3.9614176714989154e-12,-1.7128303457927828e-13,3.9651188943080354e-12,-24.02149365405768,-37.66285651357237,-24.0174378580722,2.0000000000000002e-11,(-5.282676127444093e-05+2.2841135998309547e-06j),1.928654933106574e-15,2.38597639222584e-12,-8.990563260940192e-31,2.38597639222584e-12,-26.223338577221607,-210.0,-26.223338577221607,1.625402203798784e-11,(-2.947509253372872e-05+2.577128292330013e-05j),-1.8013830281868675,3.0340374013508126e-12,4.921743452486955e-13,3.0736978607072905e-12,-25.179790698577406,-33.0788102778743,-25.12338825150068,1.8105596419319802e-11,(-2.0001587440502096e-05-4.063205557399217e-05j),-0.8643432022397739,3.0325134157693174e-12,-4.906869844357358e-13,3.0719556203688113e-12,-25.18197269148381,-33.09195461608867,-25.12585062718701,1.8103734519003914e-11,(1.99783627359372e-05+4.062229684997139e-05j),-0.8652364670561095
920.0,3.959942269661914e-12,-2.9846119578271296e-13,3.971173864796554e-12,-24.02311145425504,-35.25112125348431,-24.010810983632712,2.0000000000000002e-11,(-5.280708632292346e-05+3.980074722424248e-06j),1.928654933106574e-15,2.386291858896892e-12,7.844647120999515e-30,2.386291858896892e-12,-26.22276440398803,-201.05426587685656,-26.22276440398803,1.6255096531591883e-11,(-2.3827343996578063e-05+3.107055751855287e-05j),-1.80080885495329,3.03548200623433e-12,4.85537812186625e-13,3.0740686357391838e-12,-25.17772337199301,-33.1377694292477,-25.12286440092611,1.84207836037063e-11,(-2.3791641082230633e-05-3.7628029138437424e-05j),-0.7144378982050427,3.033974652967811e-12,-4.84084992211091e-13,3.07235096864521e-12,-25.179880518031432,-33.15078381314783,-25.12529174369831,1.8418979193567926e-11,(2.3768403594213375e-05+3.762096891355079e-05j),-0.7152887672740154
930.0,3.89486725326698e-12,-4.345261813992981e-13,3.919030992846691e-12,-24.095073395719243,-33.619840509881875,-24.06821301980159,2.0000000000000002e-11,(-5.19392903364617e-05+5.794544467609651e-06j),1.928654933106574e-15,2.35046449633755e-12,-2.7071120838231375e-29,2.35046449633755e-12,-26.288463044251607,-195.6749376256042,-26.288463044251607,1.613260947557666e-11,(-1.7037202497047867e-05+3.49258737121608e-05j),-1.8665074952168703,2.9924833528210556e-12,4.527069435361579e-13,3.0265327015641177e-12,-25.239682568941713,-33.44182844324469,-25.190546291916675,1.858782110547237e-11,(-2.693828172494811e-05-3.4074043549914244e-05j),-0.63603023223668,2.99100774376773e-12,-4.5131824398255936e-13,3.0248661921860327e-12,-25.24182462571744,-33.45517110307004,-25.192938320133443,1.8586088112794252e-11,(2.6915471682718775e-05+3.406958280559892e-05j),-0.6368400788992008
940.0,3.765900184015388e-12,-5.486144513532695e-13,3.805651325620988e-12,-24.24131195234333,-32.60732756592374,-24.19571004355744,2.0000000000000002e-11,(-5.0219473557575994e-05+7.3159477380686205e-06j),1.928654933106574e-15,2.2770672498422974e-12,6.961837945368056e-30,2.2770672498422974e-12,-26.426241429447465,-201.57276090251895,-26.426241429447465,1.587872771707388e-11,(-9.63460751296709e-06+3.701461599815074e-05j),-2.0042858804127244,2.903235499691975e-12,3.9606888230201976e-13,2.9301274590364973e-12,-25.371177343824257,-34.0222927720033,-25.331134876485354,1.8581874851506005e-11,(-2.9266779030539402e-05-3.021613117364782e-05j),-0.6388092975382713,2.9018080588094426e-12,-3.9477162084126573e-13,2.9285379701812072e-12,-25.37331317520872,-34.03654075240072,-25.333491407214666,1.8580223824939355e-11,(2.924480073138071e-05+3.0214021279299648e-05j),-0.6395810857347195
950.0,3.5880296974688833e-12,-6.139322266187422e-13,3.640174431095259e-12,-24.451439710366728,-32.118795689729396,-24.388778051841584,2.0000000000000002e-11,(-4.784751419611702e-05+8.18698099107602e-06j),1.928654933106574e-15,2.173509904538206e-12,6.956831620941163e-30,2.173509904538206e-12,-26.628383764179393,-201.5758850792323,-26.628383764179393,1.5513456951826838e-11,(-2.2397488254941975e-06+3.730067602199419e-05j),-2.206428215144655,2.7769748941566992e-12,3.2168262467788737e-13,2.7955445397625605e-12,-25.56428046565369,-34.925723963883804,-25.535335839923192,1.8412412362493564e-11,(-3.0746976782388575e-05-2.6365694483443154e-05j),-0.7183860583715457,2.775608578254778e-12,-3.20496055919037e-13,2.7940509482722696e-12,-25.566417789555857,-34.94177310616733,-25.537656789835495,1.8410847961449964e-11,(3.072612377010675e-05+2.636556948108174e-05j),-0.7191240818221044
960.0,3.3859160831688503e-12,-6.151480143413421e-13,3.4413420059345434e-12,-24.70323809684947,-32.110203735295315,-24.632721643714355,2.0000000000000002e-11,(-4.515226503575714e-05+8.203193906024191e-06j),1.928654933106574e-15,2.0531116846073075e-12,-2.6102665361373634e-31,2.0531116846073075e-12,-26.875874253544985,-210.0,-26.875874253544985,1.5077663980611788e-11,(4.619141891317822e-06+3.602294267512408e-05j),-2.453918704510248,2.6303515402362392e-12,2.372839808588387e-13,2.641032546712625e-12,-25.799862052052283,-36.247315801958166,-25.782262467405953,1.811774244166778e-11,(-3.149994539166935e-05-2.2802823109910935e-05j),-0.8585182828962139,2.6290526068324827e-12,-2.3621636402209477e-13,2.6396431160527157e-12,-25.80200723658386,-36.26690019684706,-25.7845478646583,1.811626223923547e-11,(3.1480360624041287e-05+2.2804268070393934e-05j),-0.8592279408591925
970.0,3.1856605854235787e-12,-5.500749137715853e-13,3.2328030834373617e-12,-24.968004977533372,-32.59578160647394,-24.90420748336507,2.0000000000000002e-11,(-4.248179444907927e-05+7.335423467698884e-06j),1.928654933106574e-15,1.930472969190381e-12,3.530512273593902e-30,1.930472969190381e-12,-27.14336275062282,-204.52162274370352,-27.14336275062282,1.462041282368041e-11,(1.0623172617191755e-05+3.357576095503303e-05j),-2.7214072015880815,2.4816685332919774e-12,1.4992355059447999e-13,2.486193029544249e-12,-26.052562259700434,-38.24130141068553,-26.04465155496684,1.7751086796212783e-11,(-3.1744190922790584e-05-1.970657137878549e-05j),-1.0361009624722657,2.4804357514220663e-12,-1.4897270876965593e-13,2.484905307026994e-12,-26.054720176357517,-38.26893285388642,-26.04690156395122,1.7749681585506717e-11,(3.172587240383345e-05+1.9709193988326315e-05j),-1.0367885816801803
980.0,3.008642608332213e-12,-4.26341303403861e-13,3.0386999278737877e-12,-25.21629398317611,-33.70242591417013,-25.173121844554043,2.0000000000000002e-11,(-4.012120357163419e-05+5.685396523166374e-06j),1.928654933106574e-15,1.817838625069204e-12,-2.6753611782604955e-29,1.817838625069204e-12,-27.40444673013206,-195.7261757919901,-27.40444673013206,1.4187485693805003e-11,(1.567378076093335e-05+3.0366755746933178e-05j),-2.9824911810973234,2.346347880798438e-12,6.448735897259819e-14,2.3472339033838494e-12,-26.29607596862244,-41.90525408876176,-26.294436305175847,1.736624142550555e-11,(-3.1723592386240905e-05-1.713895929004633e-05j),-1.2264832274606887,2.3451736679531344e-12,-6.364349271127541e-14,2.3460370898656415e-12,-26.298249907992194,-41.962459945878265,-26.296651261520104,1.7364896499563615e-11,(3.170642972038105e-05+1.7142438936774693e-05j),-1.2271559309197035
990.0,2.8693363650348747e-12,-2.5640702150002365e-13,2.880769990191175e-12,-25.422185375274992,-35.9107008618535,-25.40491415783626,2.0000000000000002e-11,(-3.8263510627097215e-05+3.4192689681083267e-06j),1.928654933106574e-15,1.7236632311094641e-12,2.5137394568249027e-29,1.7236632311094641e-12,-27.635475825703093,-195.99679737917774,-27.635475825703093,1.3815098375916407e-11,(1.9830990502492572e-05+2.672120747456684e-05j),-3.2135202766683535,2.2351385599312594e-12,-1.6583298551883795e-14,2.2352000778190853e-12,-26.506955490652345,-47.80329080516759,-26.50683596109815,1.700844291021445e-11,(-3.165526930293001e-05-1.5069069259701172e-05j),-1.4073087808927558,2.2340108896665393e-12,1.733429813254616e-14,2.2340781394213655e-12,-26.50914714250597,-47.61093738278319,-26.509016410117955,1.7007139567997895e-11,(3.163908866222933e-05+1.507317743615661e-05j),-1.4079743985793813
1000.0,2.7761536497975675e-12,-5.365522117602466e-14,2.7766721034439416e-12,-25.5655650096481,-42.70388010555315,-25.56475402955111,2.0000000000000002e-11,(-3.702088956036105e-05+7.155093946760463e-07j),1.928654933106574e-15,1.652936227126286e-12,-7.606085040410964e-30,1.652936227126286e-12,-27.817439018680105,-201.1883882323488,-27.817439018680105,1.3528692393232081e-11,(2.3234131321592345e-05+2.284764603609267e-05j),-3.3954834696453657,2.154521605370377e-12,-9.280200720378912e-14,2.1565193160620653e-12,-26.6664914648344,-40.32442630374861,-26.66246647501059,1.6711226252544277e-11,(-3.1708290236788476e-05-1.3408929368894469e-05j),-1.5604335304042998,2.153425760047523e-12,9.347590083916908e-14,2.1554536061056723e-12,-26.66870096066446,-40.29300340802307,-26.664613204459723,1.6709943001252218e-11,(3.1692892397335486e-05+1.3413529242580372e-05j),-1.5611005435193446
1010.0,2.733495006780622e-12,1.695628987631614e-13,2.738749081009715e-12,-25.6328171508854,-37.706691675574355,-25.62447755159208,2.0000000000000002e-11,(-3.645202302372667e-05-2.2611750430684613e-06j),1.928654933106574e-15,1.6082660880300906e-12,-2.6383761681204186e-29,1.6082660880300906e-12,-27.936420955111497,-195.78663284569683,-27.936420955111497,1.3344635793279665e-11,(2.603877695057838e-05+1.8844372407614174e-05j),-3.5144654060767615,2.108065611309064e-12,-1.6492005283518674e-13,2.114506856316862e-12,-26.76115876293438,-37.827265347363934,-26.74790902309111,1.649718563040259e-11,(-3.200436465349049e-05-1.2041805194371707e-05j),-1.6724026889258872,2.1069853816011406e-12,1.6553260396862698e-13,2.1134778071362705e-12,-26.76338477544241,-37.81116453071989,-26.75002308179821,1.649589888314287e-11,(3.1989551274937566e-05+1.2046841486834607e-05j),-1.6730801972498575
1020.0,2.7437183069980786e-12,4.0226075000514794e-13,2.7730495594473436e-12,-25.616604789697377,-33.95492341000137,-25.570423687192264,2.0000000000000002e-11,(-3.6588353975120695e-05-5.3642747048581005e-06j),1.928654933106574e-15,1.5909795166890277e-12,-1.6500177705941077e-29,1.5909795166890277e-12,-27.983354117086613,-197.8251137843494,-27.983354117086613,1.3272724113734884e-11,(2.837714881724542e-05+1.472227913258202e-05j),-3.561398568051874,2.09780216347898e-12,-2.3429115454250425e-13,2.110844916661086e-12,-26.78235471033142,-36.30244107501613,-26.755436730459333,1.6380208356955654e-11,(-3.26274070915667e-05-1.0836963060524387e-05j),-1.734211479198716,2.0967204926118072e-12,2.348573567681944e-13,2.1098328848907542e-12,-26.78459460143597,-36.291958312491374,-26.75751942827449,1.637889265806868e-11,(3.261299716068949e-05+1.0842450398861852e-05j),-1.734909179378589
1030.0,2.808463859003522e-12,6.341516733411606e-13,2.879169601140292e-12,-25.515311605136116,-31.978068572331754,-25.40732751700631,2.0000000000000002e-11,(-3.7451756449437246e-05-8.456613727051149e-06j),1.928654933106574e-15,1.6018992309074422e-12,5.5364826422151646e-30,1.6018992309074422e-12,-27.95364807126505,-202.56766057331248,-27.95364807126505,1.331819500530509e-11,(3.0335438142063744e-05+1.042919323226421e-05j),-3.5316925222303137,2.1251952690968332e-12,-3.023886471444494e-13,2.146600527744604e-12,-26.726011595453922,-35.19434517982581,-26.68248768203666,1.6367544590020782e-11,(-3.363249120409676e-05-9.652712120420361e-06j),-1.7409292584405203,2.1240945262296035e-12,3.029225443943408e-13,2.1455860794339863e-12,-26.72826160233484,-35.18668403980723,-26.68454057186649,1.6366172513834245e-11,(3.361833202548268e-05+9.658725849629708e-06j),-1.7416574190890932
1040.0,2.9291773495556214e-12,8.544692016274605e-13,3.05126163441937e-12,-25.33254332790355,-30.683035863128126,-25.155205516126085,2.0000000000000002e-11,(-3.9061509138198104e-05-1.1394617854990387e-05j),1.928654933106574e-15,1.6417035646880004e-12,-7.635401076764002e-30,1.6417035646880004e-12,-27.84705258813762,-201.1716814513664,-27.84705258813762,1.3482646368296617e-11,(3.193879671630748e-05+5.871357232899451e-06j),-3.4250970391028774,2.1915727364581738e-12,-3.704156571666252e-13,2.222655802921575e-12,-26.59244110901783,-34.313106643298596,-26.531277862733873,1.6460871492967998e-11,(-3.50488293424297e-05-8.331869716999637e-06j),-1.6915434238618574,2.1904348693019445e-12,3.709304906824023e-13,2.221619757197823e-12,-26.594696556669483,-34.30707465968088,-26.533302709946376,1.645941341414124e-11,(3.503480659234423e-05+8.338539907082799e-06j),-1.6923128407619146
1050.0,3.106746304272895e-12,1.0505857552979325e-12,3.2795736046547606e-12,-25.07694209620087,-29.785684920132493,-24.841826176246723,2.0000000000000002e-11,(-4.1429447477063574e-05-1.4009894309491595e-05j),1.928654933106574e-15,1.7108287424134179e-12,-1.6024618121997613e-30,1.7108287424134179e-12,-27.66793462082115,-207.95212311231006,-27.66793462082115,1.3763568291690578e-11,(3.313716855362483e-05+9.346364286854616e-07j),-3.245979071786411,2.2979514178938064e-12,-4.3890430203109826e-13,2.339490907300467e-12,-26.38659157181097,-33.57630162287379,-26.30878638403798,1.6655965484629596e-11,(-3.687351618605161e-05-6.694190850990319e-06j),-1.5892036692905083,2.2967582759271602e-12,4.394127731682752e-13,2.3384144549808395e-12,-26.388847100531688,-33.57127322845935,-26.31078513037632,1.6654389471162357e-11,(3.685956688693514e-05+6.701697870934724e-06j),-1.5900255806194585
1060.0,3.340075392738901e-12,1.2067511033582674e-12,3.551387314083937e-12,-24.76243730110309,-29.18382295424383,-24.496019609857157,2.0000000000000002e-11,(-4.4540964887474055e-05-1.609240876402064e-05j),1.928654933106574e-15,1.808834830923344e-12,-3.193542517608352e-30,1.808834830923344e-12,-27.426010878076738,-204.9572729743624,-27.426010878076738,1.415230661683771e-11,(3.378967856389635e-05-4.48762133998346e-06j),-3.004055329042,2.444128014152031e-12,-5.072042220590475e-13,2.4962006875324097e-12,-26.118760511365796,-32.948171399660026,-26.02720501527991,1.6940822179641632e-11,(-3.905351179830957e-05-4.531495131190871e-06j),-1.4419102356330173,2.442862198394916e-12,5.077186878314527e-13,2.4950659282512224e-12,-26.12101030842617,-32.94376851027714,-26.029179743302016,1.6939094349175156e-11,(3.9039643003255435e-05+4.540062954007189e-06j),-1.4427961731615435
1070.0,3.62337443629322e-12,1.3035489149171322e-12,3.850724877106237e-12,-24.408867840407037,-28.84872667541288,-24.14457509324012,2.0000000000000002e-11,(-4.831884750025564e-05-1.7383238286971097e-05j),1.928654933106574e-15,1.9331240962695625e-12,-1.0755012601506317e-29,1.9331240962695625e-12,-27.13740265684228,-199.68389076419106,-27.13740265684228,1.4630448518190884e-11,(3.3652298166954115e-05-1.0450827634453817e-05j),-2.715447107807542,2.626860448787813e-12,-5.728169692366684e-13,2.6885897972080443e-12,-25.805629983716052,-32.41984124888947,-25.704754537821103,1.7292355820460786e-11,(-4.14549776766819e-05-1.6145623942707402e-06j),-1.2635166468398626,2.625507111780037e-12,5.733493730774921e-13,2.6873810852977112e-12,-25.80786800990467,-32.415806580302416,-25.70670743873216,1.7290441621976372e-11,(4.144129146016208e-05+1.6244432499465904e-06j),-1.2644781952412392
1080.0,3.942232475725468e-12,1.3192056960124684e-12,4.157102423690845e-12,-24.042577687050365,-28.79687482180515,-23.812092751099108,2.0000000000000002e-11,(-5.2570920602951266e-05-1.7592026429458618e-05j),1.928654933106574e-15,2.0770306028247734e-12,-7.11261309688503e-29,2.0770306028247734e-12,-26.82557104553,-191.47970814872787,-26.82557104553,1.5165237665277593e-11,(3.23844378322594e-05-1.689256368768019e-05j),-2.4036154964952647,2.837145863151389e-12,-6.306922978897004e-13,2.9064014559957866e-12,-25.471183357116125,-32.001824726445854,-25.366443975803893,1.767255794133148e-11,(-4.382533899809586e-05+2.2744408299077618e-06j),-1.0746116289676406,2.8356958259424242e-12,6.312536090386161e-13,2.9051079043972816e-12,-25.473403560698866,-31.997961258933607,-25.368377319779537,1.7670424895931853e-11,(4.381205948158416e-05-2.2629990320857935e-06j),-1.0756600632235696
1090.0,4.269646442566963e-12,1.2343239293330978e-12,4.444483806590932e-12,-23.696080861926507,-29.085708514368697,-23.521786718067162,2.0000000000000002e-11,(-5.693708971172613e-05-1.6460101144936114e-05j),1.928654933106574e-15,2.227815010486793e-12,2.551167703071483e-29,2.227815010486793e-12,-26.521208742075856,-195.93260991752956,-26.521208742075856,1.5706063030903457e-11,(2.9602609344296973e-05-2.3550457717166137e-05j),-2.0992531930411156,3.0573275711541127e-12,-6.729223221527833e-13,3.1305073596767985e-12,-25.146580271806222,-31.72035065058961,-25.043852708715928,1.802651013173456e-11,(-4.5768255139588005e-05+7.269962478661676e-06j),-0.9023667734307235,3.055781670651428e-12,6.735213047614023e-13,3.129126486202936e-12,-25.148776784401182,-31.716486621622636,-25.04576881356934,1.8024132375731122e-11,(4.575574456986603e-05-7.256773189120148e-06j),-0.9035125464225795
1100.0,4.565168414619161e-12,1.0408421661821106e-12,4.6823194112254975e-12,-23.40543196182121,-29.82615122125493,-23.29538963599424,2.0000000000000002e-11,(-6.08779689533352e-05-1.3879960457809903e-05j),1.928654933106574e-15,2.366071576944633e-12,1.9951244653962557e-29,2.366071576944633e-12,-26.25972121499343,-197.00030005767383,-26.25972121499343,1.618608111048035e-11,(2.5008514793167145e-05-2.9904693357554395e-05j),-1.8377656659586932,3.260150997635922e-12,-6.89645249209685e-13,3.3322957697575387e-12,-24.86762284618751,-31.61374251189473,-24.77256458203763,1.828648016765305e-11,(-4.677183652996619e-05+1.3314877682522482e-05j),-0.7779975269605359,3.2585244520941647e-12,6.902866628998154e-13,3.330837324438547e-12,-24.869790156934783,-31.60970517579347,-24.774465774030517,1.8283844379449263e-11,(4.676057778595844e-05-1.3299893675422234e-05j),-0.7792495894330784
1110.0,4.781656743112207e-12,7.525933345656529e-13,4.840520419973775e-12,-23.204216034445984,-31.2343963238099,-23.151079434438895,2.0000000000000002e-11,(-6.3764909487348e-05-1.0036070851067814e-05j),1.928654933106574e-15,2.4687577968859094e-12,1.2782918709126346e-29,2.4687577968859094e-12,-26.075215154287843,-198.93369972895584,-26.075215154287843,1.6533584350852186e-11,(1.85765842922952e-05-3.522151853558577e-05j),-1.653259605253106,3.4129259762329755e-12,-6.718724157294083e-13,3.4784301433640835e-12,-24.66873131136005,-31.72713188858799,-24.586167140703505,1.8386169053174148e-11,(-4.633166364848119e-05+2.0065095393901835e-05j),-0.7307749341575791,3.411250075267874e-12,6.725553331840597e-13,3.476917852381531e-12,-24.670864417395123,-31.72271979120456,-24.588055700814387,1.838327995715597e-11,(4.6322187741995766e-05-2.004848126473012e-05j),-0.7321398917457262
1120.0,4.88098707685346e-12,4.0981557989302413e-13,4.8981612523408764e-12,-23.1149234220184,-33.87411535117471,-23.099669215695982,2.0000000000000002e-11,(-6.508951099695712e-05-5.465020757925722e-06j),1.928654933106574e-15,2.5166535987892005e-12,2.086365048898036e-29,2.5166535987892005e-12,-25.991765581852327,-196.80609701253897,-25.991765581852327,1.6693196054774475e-11,(1.0698958570397488e-05-3.87545145858967e-05j),-1.569810032817586,3.4880278180745442e-12,-6.156457827057313e-13,3.5419426575574622e-12,-24.574200600960943,-32.1066909118439,-24.507584741193938,1.828356537489331e-11,(-4.415291399076793e-05+2.6901556017295416e-05j),-0.7793821338379375,3.4863460038776233e-12,6.163632326905286e-13,3.5404112887299115e-12,-24.576295133482752,-32.10163275722381,-24.509462831577373,1.828044785875507e-11,(4.414567827688864e-05-2.6883708143072156e-05j),-0.7808632842255726
1130.0,4.851354896118913e-12,6.991933813229339e-14,4.851858720319647e-12,-23.141369538240784,-41.5540269145565,-23.140918536997127,2.0000000000000002e-11,(-6.46943564670606e-05-9.323965535257444e-07j),1.928654933106574e-15,2.502863888947361e-12,-6.654574074689186e-31,2.502863888947361e-12,-26.015627676056738,-210.0,-26.015627676056738,1.6647399023418397e-11,(2.1420934264734866e-06-4.0036320892442996e-05j),-1.593672127021997,3.4750382856470863e-12,-5.249319553164425e-13,3.5144622126899276e-12,-24.59040406281444,-32.79896988681323,-24.54141121833335,1.7981040648717205e-11,(-4.031396373688403e-05+3.310874165636306e-05j),-0.924303456862638,3.473396490216164e-12,5.256727495695869e-13,3.512949617897475e-12,-24.592456388934878,-32.79284535856414,-24.543280787380105,1.7977736284674635e-11,(4.030923143264527e-05-3.309022193781765e-05j),-0.9258998037868783
1140.0,4.713213936755013e-12,-2.1302234467071392e-13,4.718025448527244e-12,-23.266828468002032,-36.71574839480413,-23.26239720905882,2.0000000000000002e-11,(-6.285220295342269e-05+2.8407205402765526e-06j),1.928654933106574e-15,2.436087056968117e-12,-1.5933785767033507e-29,2.436087056968117e-12,-26.133071956429028,-197.97681026308186,-26.133071956429028,1.6423819948537496e-11,(-6.213407549362746e-06-3.9063708379491745e-05j),-1.7111164073942864,3.385615984661394e-12,-4.1058323084388173e-13,3.4104214087184214e-12,-24.70362303521968,-33.86598792180937,-24.67191954094477,1.7528028169949584e-11,(-3.5250737646583446e-05+3.813720331242178e-05j),-1.1459386627973562,3.3840515207777725e-12,4.1133540776812807e-13,3.4089590072281783e-12,-24.705630336297155,-33.858039047955856,-24.673782211359196,1.7524587027957968e-11,(3.5248525555595095e-05-3.81186087059418e-05j),-1.147644063635231
1150.0,4.508816718423199e-12,-4.064252963294318e-13,4.527097273289918e-12,-23.45937418229742,-33.91019268946613,-23.441801737620516,2.0000000000000002e-11,(-6.0126501208903306e-05+5.419810251153084e-06j),1.928654933106574e-15,2.3359545360785896e-12,1.2748953125807855e-29,2.3359545360785896e-12,-26.315356140092682,-198.9452547564972,-26.315356140092682,1.60827372258483e-11,(-1.3679592797025403e-05-3.623687787508705e-05j),-1.893400591057943,3.247120678183977e-12,-2.8583190636681795e-13,3.2596767596476892e-12,-24.885015706608854,-35.43889294139771,-24.868254638772925,1.700326734618519e-11,(-2.9559686130518706e-05+4.1770138287202485e-05j),-1.409952245627755,3.245655316935717e-12,2.865860266306553e-13,3.2582832883303803e-12,-24.886976033949267,-35.42744988764714,-24.870111590667573,1.699973889253951e-11,(2.955980410610791e-05-4.175197522716782e-05j),-1.4117548955966563
1160.0,4.2843101765329705e-12,-5.039982254432864e-13,4.313853022530317e-12,-23.681190945441372,-32.975709926845255,-23.65134655847159,2.0000000000000002e-11,(-5.713263525573362e-05+6.7209762125790125e-06j),1.928654933106574e-15,2.2245234149087033e-12,5.651084825544101e-30,2.2245234149087033e-12,-26.52763018591088,-202.47868173680826,-26.52763018591088,1.5694455891746114e-11,(-1.9913012950409195e-05-3.2126668555254665e-05j),-2.105674636876143,3.0906356456679188e-12,-1.6167584290560048e-13,3.0948615110295952e-12,-25.0995219079654,-37.91354866157578,-25.093587800336262,1.648916815189303e-11,(-2.3769504582905415e-05+4.410272189007235e-05j),-1.6766249764415375,3.0892750599991966e-12,1.6242670949980513e-13,3.093542117426555e-12,-25.10143421668885,-37.893425536995785,-25.095439668457168,1.648559490436744e-11,(2.3771649137072244e-05-4.4085341690568305e-05j),-1.6785074362927463
1170.0,4.076532011335977e-12,-5.188208196000094e-13,4.109414591191472e-12,-23.897091429898985,-32.84982604569495,-23.862200413656037,2.0000000000000002e-11,(-5.436184751227669e-05+6.918640207622698e-06j),1.928654933106574e-15,2.119793400571741e-12,1.028189285307527e-29,2.119793400571741e-12,-26.737064642429026,-199.8792692619945,-26.737064642429026,1.5320556507365794e-11,(-2.4874077724707813e-05-2.725151690295675e-05j),-2.315109093394287,2.941714953404517e-12,-4.4757882818859284e-14,2.942055426935082e-12,-25.313994118807592,-43.491304650800885,-25.313491496284396,1.605306690403979e-11,(-1.8216954633250904e-05+4.540313182920643e-05j),-1.9094395993206084,2.9404525253663383e-12,4.5504553318946753e-14,2.9408046038977215e-12,-25.315858280415288,-43.41945144390067,-25.3153383039538,1.6049482005924814e-11,(1.822080090608534e-05-4.538673227308875e-05j),-1.9113795094260122
1180.0,3.908711515045779e-12,-4.731933993311032e-13,3.937250017591211e-12,-24.079663817670557,-33.24961322062011,-24.048070063901914,2.0000000000000002e-11,(-5.21239079589031e-05+6.310184084589834e-06j),1.928654933106574e-15,2.0334403927098594e-12,2.0490086006590826e-29,2.0334403927098594e-12,-26.91768553771617,-196.88456218655446,-26.91768553771617,1.5005259007409533e-11,(-2.86936389009776e-05-2.196719787903538e-05j),-2.4957299886814353,2.817060594842436e-12,6.228216834729623e-14,2.8177490064780537e-12,-25.502038112596395,-42.05636275922916,-25.50097694674602,1.5740363222799132e-11,(-1.3041408755709342e-05+4.5971596954551726e-05j),-2.0803049159225333,2.815882374036938e-12,-6.153736360719824e-14,2.8165547023858115e-12,-25.503854906427193,-42.10861113798214,-25.50281809593337,1.5736790942662387e-11,(1.3046669693660792e-05-4.595626160690593e-05j),-2.0822764048947646
1190.0,3.7921179667193286e-12,-3.912492653429333e-13,3.812247980017423e-12,-24.211181609177356,-34.07546464928715,-24.18818857023642,2.0000000000000002e-11,(-5.0569096006632755e-05+5.21743306386853e-06j),1.928654933106574e-15,1.9714655848467307e-12,6.212786466101245e-30,1.9714655848467307e-12,-27.0521079984443,-202.0671357286163,-27.0521079984443,1.477482593891066e-11,(-3.154628224272487e-05-1.645872484041039e-05j),-2.6301524494095623,2.7253635189934676e-12,1.5933895434362554e-13,2.7300174382285137e-12,-25.645755617309955,-37.9767803720361,-25.63834578855863,1.5575911082792696e-11,(-8.240060665936773e-06+4.605523869310281e-05j),-2.171530727481183,2.7242523231739002e-12,-1.585916746467871e-13,2.728864606312608e-12,-25.647526700752962,-37.99719614936835,-25.64018011486573,1.5572368711438287e-11,(8.246511416820187e-06-4.604098472023261e-05j),-2.1735063516233404
1200.0,3.72941467111519e-12,-2.954995675212285e-13,3.741103284264476e-12,-24.283593250418164,-35.29443150394508,-24.270003016475755,2.0000000000000002e-11,(-4.9732927669263974e-05+3.940580470081528e-06j),1.928654933106574e-15,1.9357426777354793e-12,-2.1407922640299227e-29,1.9357426777354793e-12,-27.131523748515114,-196.69425473276615,-27.131523748515114,1.4640354259962686e-11,(-3.3568132737297304e-05-1.0782963790141526e-05j),-2.7095681994803753,2.6694732334715224e-12,2.4733130098373627e-13,2.6809065848453603e-12,-25.735744294095177,-36.06720918073418,-25.717183185769844,1.5568159682042428e-11,(-3.7312448973154864e-06+4.581565549808783e-05j),-2.1758543634859846,2.6684113846254306e-12,-2.4657639749845127e-13,2.679779699415965e-12,-25.737472151227912,-36.08048496786339,-25.719009071878382,1.5564659785675326e-11,(3.738723322326593e-06-4.580247444864928e-05j),-2.1778072681208434
