Freq(Hz),inlet | A = 7498.88 L**2 | TSW_real (mW) = 4.41e-10,inlet | A = 7498.88 L**2 | TSW_imag (mW) = 2.603e-12,inlet | A = 7498.88 L**2 | TSW_mag (mW) = 4.432e-10,inlet | A = 7498.88 L**2 | TSW_real (mW) = 4.41e-10 | SWL_real (dB),inlet | A = 7498.88 L**2 | TSW_imag (mW) = 2.603e-12 | SWL_imag (dB),inlet | A = 7498.88 L**2 | TSW_mag (mW) = 4.432e-10 | SWL_mag (dB),inlet | A = 7498.88 L**2 | P_rms (MPa),inlet | A = 7498.88 L**2 | V_mean (mm/s),inlet | A = 7498.88 L**2 | SPL (dB),outlet | A = 7496.42 L**2 | TSW_real (mW) = 3.288e-10,outlet | A = 7496.42 L**2 | TSW_imag (mW) = 5.68e-29,outlet | A = 7496.42 L**2 | TSW_mag (mW) = 3.288e-10,outlet | A = 7496.42 L**2 | TSW_real (mW) = 3.288e-10 | SWL_real (dB),outlet | A = 7496.42 L**2 | TSW_imag (mW) = 5.68e-29 | SWL_imag (dB),outlet | A = 7496.42 L**2 | TSW_mag (mW) = 3.288e-10 | SWL_mag (dB),outlet | A = 7496.42 L**2 | P_rms (MPa),outlet | A = 7496.42 L**2 | V_mean (mm/s),outlet | A = 7496.42 L**2 | SPL (dB),Tie-1_Master | A = 7498.47 L**2 | TSW_real (mW) = 3.805e-10,Tie-1_Master | A = 7498.47 L**2 | TSW_imag (mW) = -2.27e-12,Tie-1_Master | A = 7498.47 L**2 | TSW_mag (mW) = 3.816e-10,Tie-1_Master | A = 7498.47 L**2 | TSW_real (mW) = 3.805e-10 | SWL_real (dB),Tie-1_Master | A = 7498.47 L**2 | TSW_imag (mW) = -2.27e-12 | SWL_imag (dB),Tie-1_Master | A = 7498.47 L**2 | TSW_mag (mW) = 3.816e-10 | SWL_mag (dB),Tie-1_Master | A = 7498.47 L**2 | P_rms (MPa),Tie-1_Master | A = 7498.47 L**2 | V_mean (mm/s),Tie-1_Master | A = 7498.47 L**2 | SPL (dB),Tie-1_Slave | A = 7497.6 L**2 | TSW_real (mW) = 3.809e-10,Tie-1_Slave | A = 7497.6 L**2 | TSW_imag (mW) = 2.324e-12,Tie-1_Slave | A = 7497.6 L**2 | TSW_mag (mW) = 3.821e-10,Tie-1_Slave | A = 7497.6 L**2 | TSW_real (mW) = 3.809e-10 | SWL_real (dB),Tie-1_Slave | A = 7497.6 L**2 | TSW_imag (mW) = 2.324e-12 | SWL_imag (dB),Tie-1_Slave | A = 7497.6 L**2 | TSW_mag (mW) = 3.821e-10 | SWL_mag (dB),Tie-1_Slave | A = 7497.6 L**2 | P_rms (MPa),Tie-1_Slave | A = 7497.6 L**2 | V_mean (mm/s),Tie-1_Slave | A = 7497.6 L**2 | SPL (dB)
20.0,3.876474063828517e-12,-3.27052241994715e-15,3.876475443473372e-12,-24.11563117401642,-54.853828693646236,-24.115629628353968,2.0677612710587442e-11,(5e-05+0j),0.289408022289747,3.8614541545720924e-12,2.851053497835713e-30,3.8614541545720924e-12,-24.13249116991492,-205.44994633410687,-24.13249116991492,2.0677746873987494e-11,(-4.7144503304077487e-05+1.6113863509913435e-05j),0.2894643791198182,3.877494727541462e-12,-3.2355041109084403e-15,3.877496077444655e-12,-24.11448784049807,-54.90058044043376,-24.114486328554285,2.067657161174412e-11,(-4.9353800648881876e-05+8.126913516812673e-06j),0.28897068469958503,3.8819127371651986e-12,3.4102267203353684e-15,3.881914235092229e-12,-24.109542314910833,-54.67216747072761,-24.10954063908409,2.067657146020767e-11,(4.9416163209382914e-05-8.13492551518105e-06j),0.2889706210416
30.0,3.7726086257762545e-12,1.3918131271194953e-13,3.775175132505725e-12,-24.2335824660975,-38.56419071700269,-24.230628964012567,2.0137265075191285e-11,(5e-05+0j),0.05940982476981174,3.739357394622153e-12,1.8026838522179478e-29,3.739357394622153e-12,-24.272030245236095,-197.44080431500666,-24.272030245236095,2.0348212333972054e-11,(-4.212263974648119e-05+2.5088965564691866e-05j),0.14992530379864594,3.764408220286393e-12,-8.406931363805682e-14,3.7653468496879995e-12,-24.24303286890715,-40.75362498252176,-24.24195012035028,2.029068710425018e-11,(-4.775446200212619e-05+1.3012079415192038e-05j),0.1253351629534162,3.768691860110774e-12,8.436843456227662e-14,3.769636105675943e-12,-24.238093703573217,-40.73820009056505,-24.237005715248692,2.0290686569816797e-11,(4.781515107768297e-05-1.3025812572407906e-05j),0.1253349341770612
40.0,3.65482797232881e-12,1.9700284051310173e-13,3.660133553094389e-12,-24.371330598625004,-37.0552751185733,-24.36503067525336,1.95236202752868e-11,(5e-05+0j),-0.20939286818461006,3.603532966749719e-12,-1.781287959126827e-30,3.603532966749719e-12,-24.432715004639817,-207.49265867762549,-24.432715004639817,1.997524077605426e-11,(-3.5887533824465837e-05+3.207094352495302e-05j),-0.010759455605078875,3.6376097820659777e-12,-1.3560469513107177e-13,3.64013647545304e-12,-24.391838909198484,-38.6772527334347,-24.38882333541857,1.9845098120135013e-11,(-4.580894998756444e-05+1.7178356335543877e-05j),-0.06753490265850497,3.641742074282658e-12,1.3599861971699725e-13,3.6442805819757464e-12,-24.386908162792743,-38.66465499367529,-24.383881930292524,1.984509710684029e-11,(4.586759929793233e-05-1.7196864928026203e-05j),-0.06753534616179695
50.0,3.543228511260856e-12,1.9697626801844546e-13,3.5486994706757426e-12,-24.50600838076243,-37.05586095104853,-24.499307782668417,1.8929218866693234e-11,(5e-05+0j),-0.47794605860404965,3.474224576732616e-12,2.676988773391343e-30,3.474224576732616e-12,-24.591421118292246,-205.72353450129623,-24.591421118292246,1.9613573045260284e-11,(-2.8939748555014908e-05+3.736077645964447e-05j),-0.1694655692575052,3.517312820401479e-12,-1.6900348736586576e-13,3.5213707068842425e-12,-24.53789004974878,-37.72104333681442,-24.53288252839605,1.9398675959960714e-11,(-4.3703061990629e-05+2.083841095700981e-05j),-0.2651581424135521,3.5213004630829206e-12,1.694703288430541e-13,3.525376170519419e-12,-24.532969161704827,-37.70906327830933,-24.527945353918717,1.9398674411737508e-11,(4.37595294207243e-05-2.0861090642232465e-05j),-0.265158835641093
60.0,3.451183548828808e-12,1.5487100989661914e-13,3.4546567003702415e-12,-24.620319424402723,-38.10029869653513,-24.615951032948523,1.842758548083782e-11,(5e-05+0j),-0.7112312241385964,3.3646237997004056e-12,-2.412395832509813e-29,3.3646237997004056e-12,-24.730634874125926,-196.17551430457905,-24.730634874125926,1.9301720807188725e-11,(-2.1619280862118204e-05+4.117630511984758e-05j),-0.3086793250911892,3.4168052211815206e-12,-1.8882440781894207e-13,3.4220187866932397e-12,-24.66379777940226,-37.239418686398984,-24.65717610535769,1.8993787199165073e-11,(-4.15457730187921e-05+2.4147914321367656e-05j),-0.4483685535441878,3.4206705525589415e-12,1.8934683317881804e-13,3.425907070014997e-12,-24.658887510401485,-37.22741954047066,-24.652244217345093,1.8993785099384007e-11,(4.160004276637663e-05-2.417437739922158e-05j),-0.4483695137775223
70.0,3.3871176676523615e-12,8.42390190560493e-14,3.3881650353626962e-12,-24.7016971580755,-40.74486699052215,-24.70035443618275,1.8072913714007312e-11,(5e-05+0j),-0.8800364105888402,3.2827457357674313e-12,6.061112621194696e-30,3.2827457357674313e-12,-24.837627541361886,-202.17447646313533,-24.837627541361886,1.9065420837620538e-11,(-1.4126318823605734e-05+4.3711488177277955e-05j),-0.41567199232714896,3.3442822328831848e-12,-1.9769182440781553e-13,3.350120253157464e-12,-24.756970784185665,-37.040112906660404,-24.749396036063224,1.865967987938203e-11,(-3.937745520187978e-05+2.7249560622534252e-05j),-0.6025161366567884,3.3480572747404327e-12,1.9825617736548684e-13,3.3539220364829458e-12,-24.752071212011906,-37.0277327183408,-24.74447036994924,1.8659677249379094e-11,(3.9429557154719914e-05-2.7279605264966718e-05j),-0.6025173608962728
80.0,3.3554567060881164e-12,-2.3590330751705934e-15,3.3554575353398175e-12,-24.742483603131426,-56.27265969981985,-24.742482529836714,1.789845142135975e-11,(5e-05+0j),-0.9642907665885148,3.2324814984252808e-12,2.9126055189523006e-30,3.2324814984252808e-12,-24.90463952187646,-205.3571833189945,-24.90463952187646,1.891889631328729e-11,(-6.555524853685201e-06+4.511053197006632e-05j),-0.48268397284172454,3.3038520437191472e-12,-1.9724088303445247e-13,3.3097344746561465e-12,-24.809794099094994,-37.050030618287344,-24.802068463503147,1.84138831843004e-11,(-3.717843453903497e-05+3.0266867628831642e-05j),-0.717692239147616,3.3075737251181515e-12,1.9783641233027206e-13,3.313485052499208e-12,-24.804904667005083,-37.03693772300284,-24.797149842193313,1.8413880082256386e-11,(3.72283739652276e-05-3.0300451621334132e-05j),-0.7176937023921672
90.0,3.357424474981926e-12,-9.318667210529873e-14,3.3587174428739495e-12,-24.739937479719828,-40.30646197571247,-24.738265302941585,1.791584418585173e-11,(5e-05+0j),-0.9558543787052237,3.2144870752200202e-12,-1.2004436585896183e-31,3.2144870752200202e-12,-24.928883161062263,-210.0,-24.928883161062263,1.886616442153342e-11,(1.0585512703599297e-06+4.5444981076413665e-05j),-0.5069276120275231,3.2963804610635165e-12,-1.8838432431350108e-13,3.3017590459826674e-12,-24.819626687574676,-37.24955238206538,-24.812546236287645,1.8263768538621652e-11,(-3.487996656015945e-05+3.329260067608312e-05j),-0.7887920214244399,3.300086854815237e-12,1.890022860345109e-13,3.305494685134223e-12,-24.81474629797689,-37.235329428840615,-24.80763536799412,1.8263765059224922e-11,(3.492766514372181e-05-3.3329805908519897e-05j),-0.7887936761573504
100.0,3.391477248859021e-12,-1.7725515794138427e-13,3.396106199833153e-12,-24.696110919789163,-37.514011184417136,-24.69018737367906,1.811528478926625e-11,(5e-05+0j),-0.8596965944640055,3.2267074679411846e-12,1.1638165290133863e-29,3.2267074679411846e-12,-24.91240405782236,-199.34115479065338,-24.91240405782236,1.8901991791247828e-11,(8.69354087029098e-06+4.470619531216127e-05j),-0.49044850878762375,3.3199706919027638e-12,-1.7147836216385688e-13,3.324396219433495e-12,-24.788657501517125,-37.65790673205469,-24.78287220249324,1.820778810717396e-11,(-3.237593772357457e-05+3.637737016986147e-05j),-0.8154561002856221,3.3236978452455917e-12,1.7211106949875163e-13,3.328151076308615e-12,-24.783784644628607,-37.64191196682174,-24.77796967802592,1.820778438161525e-11,(3.242118600448193e-05-3.6418355145054054e-05j),-0.8154578775358251
110.0,3.4533124086594494e-12,-2.4440108871205196e-13,3.4619500984221254e-12,-24.617641308252942,-36.11896863811712,-24.606791964652757,1.8466508866536405e-11,(5e-05+0j),-0.6929039355071193,3.2644879480246644e-12,1.5339316541011928e-30,3.2644879480246644e-12,-24.861849304033825,-208.1419399039223,-24.861849304033825,1.9012328428751073e-11,(1.6292564396972103e-05+4.2814241494673285e-05j),-0.4398937549990857,3.3700250823631946e-12,-1.4652606724830177e-13,3.373208997992907e-12,-24.723668667573286,-38.34085106674818,-24.719567498682785,1.8236143977197965e-11,(-2.9536675949000985e-05+3.951790433085888e-05j),-0.8019396659584271,3.373803952675523e-12,1.471659934974214e-13,3.3770121321563333e-12,-24.718801572966616,-38.321925333588986,-24.71467379127963,1.8236140172282924e-11,(2.957909925654445e-05-3.956284233304595e-05j),-0.801941478242627
120.0,3.5356076627507965e-12,-2.8577720602884523e-13,3.547138305224058e-12,-24.515359335220552,-35.43972414070847,-24.501218777742878,1.8920918044293384e-11,(5e-05+0j),-0.4817558217547485,3.320437455239051e-12,1.589626592469749e-29,3.320437455239051e-12,-24.788046958498846,-197.98704880632596,-24.788046958498846,1.9174560805401822e-11,(2.3721857093153444e-05+3.964524248943337e-05j),-0.36609140946410984,3.439053791088857e-12,-1.1346309397758639e-13,3.440924999429311e-12,-24.63561031217717,-39.451453780155234,-24.633247934322434,1.833114100617105e-11,(-2.6228493805381995e-05+4.264585294226111e-05j),-0.7568099514476399,3.4429069782724757e-12,1.1410214854894226e-13,3.4447972017726667e-12,-24.6307471106492,-39.42706177718819,-24.62836340300193,1.8331137320699336e-11,(2.6267538601351992e-05-4.269485448330866e-05j),-0.7568116977439442
130.0,3.6278707998512533e-12,-2.9495308719536967e-13,3.6398411866535404e-12,-24.40348187960012,-35.30247053826426,-24.38917565050033,1.9415411593728856e-11,(5e-05+0j),-0.257667878640619,3.3844104857482855e-12,4.384716744884754e-29,3.3844104857482855e-12,-24.70516968066849,-193.58058457054358,-24.70516968066849,1.9358392408946764e-11,(3.07403784523015e-05+3.508024123665672e-05j),-0.28321413163375025,3.5166082126295685e-12,-7.2532492934736e-14,3.5173561496762106e-12,-24.538760139892908,-41.39467395622581,-24.537836549960797,1.8467925337131365e-11,(-2.234230146325054e-05+4.562191519560983e-05j),-0.6922377112892759,3.520546602959671e-12,7.316162670627834e-14,3.521306718710142e-12,-24.53389902368517,-41.35716646802696,-24.532961446424636,1.8467921993347508e-11,(2.2377254034761308e-05-4.567493887016565e-05j),-0.6922392839477987
140.0,3.7169615790385365e-12,-2.6955304818036824e-13,3.726722719204097e-12,-24.298119280346995,-35.69355752685544,-24.286729190249027,1.9878853579442165e-11,(5e-05+0j),-0.052773215955654235,3.4441202028262182e-12,1.0084089457435875e-28,3.4441202028262182e-12,-24.629216996942386,-189.96363310288487,-24.629216996942386,1.9528411741443274e-11,(3.6995976082533526e-05+2.9073590386601604e-05j),-0.20726144790764944,3.589878581987672e-12,-2.4696587133788264e-14,3.5899635311281193e-12,-24.44920240019033,-46.073630585367596,-24.4490996320727,1.8616570614190872e-11,(-1.7830370405715032e-05+4.824410916668552e-05j),-0.6226062735027953,3.593898627730788e-12,2.530590938925721e-14,3.593987720548758e-12,-24.44434177098508,-45.967780513352395,-24.44423411063168,1.861656784248189e-11,(1.7860420395120586e-05-4.83008760105986e-05j),-0.6226075666926422
150.0,3.788809290431873e-12,-2.1288507967009634e-13,3.79478535577561e-12,-24.214972543706978,-36.7185477559321,-24.20812784047431,2.0241913597265637e-11,(5e-05+0j),0.10443142146778717,3.486826530629373e-12,-4.067802314499855e-29,3.486826530629373e-12,-24.57569658206017,-193.90640160913495,-24.57569658206017,1.9649112718337334e-11,(4.206467104508753e-05+2.172534626908817e-05j),-0.1537410330254335,3.64543471247892e-12,2.805293672821661e-14,3.645542649620951e-12,-24.38250675309323,-45.52021667808926,-24.38237816538036,1.874626430729131e-11,(-1.2741802271667616e-05+5.027911976075306e-05j),-0.562305194533965,3.64951762258009e-12,-2.7473405131642985e-14,3.649621030396466e-12,-24.37764534912305,-45.61087509555276,-24.377522295030847,1.8746262323897462e-11,(1.2766153845120389e-05-5.033905876575204e-05j),-0.5623061135192471
160.0,3.831356331945904e-12,-1.3455901050226132e-13,3.833718491184417e-12,-24.166474549599464,-38.71087215177167,-24.16379780402604,2.0449593765034923e-11,(5e-05+0j),0.1930937884961057,3.5020613088540388e-12,-2.1215075413057898e-29,3.5020613088540388e-12,-24.556762552074744,-196.7335542011152,-24.556762552074744,1.969199176631338e-11,(4.5537211094282416e-05+1.3325965225107549e-05j),-0.1348070030400059,3.672091448298587e-12,8.268348299342462e-14,3.673022211071905e-12,-24.350865118398254,-40.825812372580444,-24.349764454317825,1.8831388881274416e-11,(-7.238594339024555e-06+5.151718002423648e-05j),-0.5229528743594998,3.676205568680776e-12,-8.214249394187094e-14,3.677123165262559e-12,-24.346002114188074,-40.85432115595461,-24.344918231912253,1.883138786162249e-11,(7.256606187743126e-06-5.157943638386057e-05j),-0.5229533446691719
170.0,3.8378586399852714e-12,-4.915491842303154e-14,3.838173412772639e-12,-24.159110256935566,-43.084330203117474,-24.158754072688954,2.0473363568163513e-11,(5e-05+0j),0.20318406170050834,3.4845379432808115e-12,1.5969172907341846e-30,3.4845379432808115e-12,-24.578548020673825,-207.96717576728102,-24.578548020673825,1.964266328765349e-11,(4.7128796135971344e-05+4.339276391837344e-06j),-0.15659247163908918,3.664018176413963e-12,1.3553596227248495e-13,3.666524129766642e-12,-24.36042380556397,-38.67945456492209,-24.357454525229954,1.885781139981401e-11,(-1.5748507295480367e-06+5.183448772690289e-05j),-0.5107741538834762,3.668124874448174e-12,-1.3503952422602423e-13,3.6706097269593535e-12,-24.355558880072934,-38.695391008308036,-24.352617888651928,1.885781145304762e-11,(1.586162288203529e-06-5.1898009471241855e-05j),-0.5107741293641268
180.0,3.809004038254416e-12,2.7079334955461146e-14,3.809100294534141e-12,-24.19188566905691,-45.6736200574465,-24.191775921095186,2.0318291520029875e-11,(5e-05+0j),0.13714382960984892,3.435847117089028e-12,-1.8578499082174508e-30,3.435847117089028e-12,-24.639661689623864,-207.30989374662028,-24.639661689623864,1.950494314099265e-11,(4.676224326677191e-05-4.684421983162464e-06j),-0.21770614058912746,3.6226129087773045e-12,1.8306716221806152e-13,3.627235568959168e-12,-24.409780696539535,-37.37389550545267,-24.40424238470603,1.8826742325203923e-11,(3.961673797261328e-06+5.123441279640747e-05j),-0.5250963409701457,3.6266746215077135e-12,-1.8261736784423052e-13,3.6312694630564767e-12,-24.404914067638114,-37.38457921214518,-24.399415225064544,1.882674347646412e-11,(-3.95707874828581e-06-5.1298097265657757e-05j),-0.5250958098257487
190.0,3.752675108519687e-12,8.024538751467088e-14,3.753532974721366e-12,-24.256590334245978,-40.955799213467195,-24.255597645114285,2.002189709817958e-11,(5e-05+0j),0.009504586786251155,3.363960738635791e-12,1.278996540869676e-29,3.363960738635791e-12,-24.73149081570121,-198.9313063009777,-24.73149081570121,1.9299818833758326e-11,(4.4580155719781284e-05-1.323059463377456e-05j),-0.30953526666647474,3.5560758989091725e-12,2.2258959824612553e-13,3.563035493515333e-12,-24.4902897826266,-36.524951343852244,-24.48179851361846,1.8754249593732666e-11,(9.12264220540538e-06+4.984497559630554e-05j),-0.5586060816103751,3.5600637850048414e-12,-2.22184222668549e-13,3.566990325485314e-12,-24.48542220783454,-36.532867836096585,-24.476980685685824,1.8754251778350963e-11,(-9.12445991920532e-06-4.990782609487202e-05j),-0.5586050698209023
200.0,3.681520378335331e-12,1.0176599747911892e-13,3.682926637110932e-12,-24.339727912285426,-39.92397306222654,-24.33806932085958,1.96452836847528e-11,(5e-05+0j),-0.15543382213967816,3.2808166277714353e-12,2.75150786334118e-29,3.2808166277714353e-12,-24.840180426320927,-195.60429241711336,-24.840180426320927,1.9059818109953934e-11,(4.088193256825635e-05-2.092026396550572e-05j),-0.4182248772861906,3.4769281435084727e-12,2.5266144785169864e-13,3.4860962583313435e-12,-24.588042846403617,-35.97461019506937,-24.57660625291149,1.866671195348157e-11,(1.375370222743187e-05+4.787471773294187e-05j),-0.5992433949167659,3.4808270145867906e-12,-2.5229436713867835e-13,3.4899583311505447e-12,-24.583175591567187,-35.980924456691,-24.571797583300516,1.866671502258525e-11,(-1.3761406739729729e-05-4.7935957238855335e-05j),-0.5992419668187845
210.0,3.609678995509726e-12,8.931872179333156e-14,3.6107838878402704e-12,-24.425314176725728,-40.49057500581285,-24.42398504131225,1.9260475726005993e-11,(5e-05+0j),-0.3272597168782112,3.199276784246995e-12,1.1330537165748137e-29,3.199276784246995e-12,-24.94948185464122,-199.45749500322813,-24.94948185464122,1.882147609211839e-11,(3.602353395184795e-05-2.754772305303234e-05j),-0.527526305606484,3.3988177349487813e-12,2.730075856255612e-13,3.4097646747556437e-12,-24.686721242749513,-35.63825285744758,-24.672755928496382,1.8594441322022933e-11,(1.781105451856457e-05+4.5551506170189176e-05j),-0.6329372267447185,3.402627422988708e-12,-2.726697021426258e-13,3.4135351391396756e-12,-24.681856021820355,-35.64363116269167,-24.66795622135312,1.8594445055068688e-11,(-1.7824026391510655e-05-4.561062079033934e-05j),-0.6329354829536777
220.0,3.550089585230761e-12,4.601142216586609e-14,3.5503877413789105e-12,-24.497606875419535,-43.371343429307565,-24.497242146221744,1.8938326179103435e-11,(5e-05+0j),-0.4737680686169031,3.130741488966355e-12,-1.4663282731324053e-29,3.130741488966355e-12,-25.043527913899393,-198.33768791461463,-25.043527913899393,1.861878673477069e-11,(3.0327908352878696e-05-3.305649454499182e-05j),-0.6215723648646554,3.333976273421601e-12,2.8411421967557467e-13,3.3460601730333612e-12,-24.770374951974972,-35.465070296628646,-24.75466253277578,1.8565956261406046e-11,(2.134403153138723e-05+4.307119511245555e-05j),-0.646253453556149,3.337710121945628e-12,-2.837944639632746e-13,3.3497534470337516e-12,-24.765513842254123,-35.4699608066731,-24.749871573014346,1.8565960379985898e-11,(-2.136167513427469e-05-4.3127912904123805e-05j),-0.6462515267215925
230.0,3.5130251478369563e-12,-2.120460033837852e-14,3.513089142679186e-12,-24.543187413187827,-46.73569908654521,-24.543108300877087,1.8739381962399733e-11,(5e-05+0j),-0.5654946440859854,3.08393509322614e-12,1.4367684719784254e-29,3.08393509322614e-12,-25.10894771007061,-198.42613210601624,-25.10894771007061,1.847908178654332e-11,(2.4033481877143906e-05-3.748086491350057e-05j),-0.6869921610358704,3.2918938807078417e-12,2.867368154990813e-13,3.3043582316698485e-12,-24.82554173388639,-35.42516542346091,-24.80912876120451,1.8604196412544018e-11,(2.4461322757656808e-05+4.056903835521282e-05j),-0.6283815953142101,3.2955757066882463e-12,-2.8642291767540037e-13,3.3079989912760588e-12,-24.820687072010827,-35.42992235589858,-24.804346315509626,1.8604200591242943e-11,(-2.448314838584778e-05-4.062326775063938e-05j),-0.6283796443719157
240.0,3.5056694085972254e-12,-1.0298840961763713e-13,3.5071818622492317e-12,-24.552290411205554,-39.87211648327228,-24.55041713524399,1.8707882576355557e-11,(5e-05+0j),-0.5801072070459853,3.0646358340749878e-12,1.0249473875144656e-29,3.0646358340749878e-12,-25.13621124619638,-199.89298427192213,-25.13621124619638,1.842117001446384e-11,(1.728252009226992e-05-4.088190025610304e-05j),-0.7142556971616408,3.278992060079353e-12,2.814960923375931e-13,3.291052868014243e-12,-24.8425963495244,-35.505276295444276,-24.826651410716444,1.8724573605558794e-11,(2.7297027248552627e-05+3.81117766868679e-05j),-0.5723611779578193,3.2826527088476493e-12,-2.8117502445521374e-13,3.294672700175573e-12,-24.837750614099278,-35.5102325841396,-24.821877226687306,1.8724577478118585e-11,(-2.7322694112594482e-05-3.816352920328988e-05j),-0.5723593815685285
250.0,3.5321719640633384e-12,-1.8852665828545336e-13,3.537199610511024e-12,-24.51958160919557,-37.246272304572365,-24.51340431478041,1.88680109372877e-11,(5e-05+0j),-0.5060775268240219,3.075813313379325e-12,5.9773669690301056e-30,3.075813313379325e-12,-25.120400275928564,-202.2349008066749,-25.120400275928564,1.8454732704342918e-11,(1.013826325106113e-05-4.329449955779346e-05j),-0.6984447268938223,3.298734698515689e-12,2.6862870888182875e-13,3.3096543617766057e-12,-24.81652611282122,-35.70847575276051,-24.802173586747532,1.893400238948429e-11,(2.9983982688931094e-05+3.5701741118893986e-05j),-0.47575136148706615,3.302408702054841e-12,-2.6828686870336776e-13,3.313288559622629e-12,-24.81169179994092,-35.71400583344566,-24.797407390668795,1.8934005550772564e-11,(-3.0013309279762274e-05-3.575105402065766e-05j),-0.4757499112602087
260.0,3.5936405003711984e-12,-2.659652976872443e-13,3.6034691042774354e-12,-24.444653708870767,-35.75175025046023,-24.4327919717866,1.9221509500688965e-11,(5e-05+0j),-0.3448501008668691,3.117687939348418e-12,1.4299356381263308e-30,3.117687939348418e-12,-25.061673570757947,-208.44683509832583,-25.061673570757947,1.857993090373427e-11,(2.6198230790763823e-06-4.469060349372395e-05j),-0.6397180217232088,3.3516597651844e-12,2.4789478250645696e-13,3.360814634095411e-12,-24.747400740520686,-36.05732613823145,-24.735554404045303,1.9229997501536252e-11,(3.263413693353483e-05+3.3285410026586486e-05j),-0.3410153570270198,3.355382044278837e-12,-2.4751809013218675e-13,3.364499051569418e-12,-24.742580238479064,-36.06393054679988,-24.730795897861473,1.9229999507493123e-11,(-3.266708634259421e-05-3.333227550988712e-05j),-0.34101445096766664
270.0,3.687728785468043e-12,-3.226934385142255e-13,3.701820450863297e-12,-24.332410266926665,-34.91209865231472,-24.315846496269643,1.9746135500773596e-11,(5e-05+0j),-0.1109576557120299,3.187426413418246e-12,-1.3613101938532357e-29,3.187426413418246e-12,-24.965598327902384,-198.66042903357138,-24.965598327902384,1.8786585644924558e-11,(-5.250844282874773e-06-4.495963577734038e-05j),-0.5436427788676481,3.4350194158455563e-12,2.1863781062640748e-13,3.4419704936956466e-12,-24.64070803824007,-36.60274730188569,-24.631928569834987,1.9599293732610537e-11,(3.532217421021497e-05+3.076331006767879e-05j),-0.17579147957505253,3.438821625924588e-12,-2.182119473907199e-13,3.4457380383468903e-12,-24.635903507513397,-36.61121474903422,-24.62717742797718,1.9599294101683327e-11,(-3.5358817981936914e-05-3.080761313296767e-05j),-0.17579131601173553
280.0,3.8077522586996684e-12,-3.459825706958517e-13,3.8234384005575056e-12,-24.193313155868577,-34.609457787831545,-24.175459023400876,2.039486753619944e-11,(5e-05+0j),0.16981786548065123,3.2784396305520545e-12,-8.887406466459793e-30,3.2784396305520545e-12,-24.84332809056947,-200.51224956874177,-24.84332809056947,1.905291230740319e-11,(-1.3392165794340303e-05-4.3910048970720347e-05j),-0.4213725415347307,3.5419827192875644e-12,1.800175493381296e-13,3.546554370343339e-12,-24.507535619873785,-37.446851548456,-24.50193377826139,2.001605770860449e-11,(3.80689067367307e-05+2.8002892692203443e-05j),0.00697097616566283,3.5458887976469346e-12,-1.7952860095678338e-13,3.550430661742252e-12,-24.50274888398266,-37.458663535021905,-24.497189645014412,2.001605592938392e-11,(-3.810936631206192e-05-2.8044361218088238e-05j),0.006970204079850845
290.0,3.94164321358581e-12,-3.245412511105699e-13,3.954981447096748e-12,-24.043226893877588,-34.887300939604216,-24.02855549446306,2.109654083245224e-11,(5e-05+0j),0.4636250973794993,3.3795833905700146e-12,4.905902833623296e-30,3.3795833905700146e-12,-24.71136832955483,-203.09281057686732,-24.71136832955483,1.9344582301352667e-11,(-2.1601882535367775e-05-4.130151698741797e-05j),-0.2894127805200912,3.660715974223086e-12,1.3145201746128523e-13,3.663075357787049e-12,-24.36433965631648,-38.81232744167127,-24.36154146818818,2.0440601181912436e-11,(4.0824475379133425e-05+2.4859470228956258e-05j),0.18927338187179846,3.664736799333236e-12,-1.3088776024931762e-13,3.667073412705327e-12,-24.359572108460043,-38.83100963874881,-24.356803956260663,2.0440596732389337e-11,(-4.0868839275228304e-05-2.48976469331445e-05j),0.1892714911215969
300.0,4.0715771966768846e-12,-2.513393853614227e-13,4.079327439067996e-12,-23.902373266152274,-35.997394513004494,-23.894114333754793,2.1759824360358445e-11,(5e-05+0j),0.7325077972845981,3.4749989898810623e-12,-1.794350978925913e-29,3.4749989898810623e-12,-24.590453173153477,-197.46092604044338,-24.590453173153477,1.9615758880141752e-11,(-2.9509187138132063e-05-3.691877844243914e-05j),-0.16849762411873964,3.774136457934778e-12,7.32592541716584e-14,3.7748474037282964e-12,-24.23182401506351,-41.351375070580694,-24.231005998118107,2.082046219056699e-11,(4.345778629439855e-05+2.121046385304917e-05j),0.3492074092163541,3.7782643940025175e-12,-7.261115609655555e-14,3.778962054715142e-12,-24.227076544505373,-41.38996648460301,-24.226274688955193,2.082045457337804e-11,(-4.350600791773839e-05-2.1244717421281204e-05j),0.34920423147351454
310.0,4.175535353691595e-12,-1.2731282588767969e-13,4.177475798321745e-12,-23.792878348513323,-38.95127841973562,-23.790860574574953,2.2283367433951953e-11,(5e-05+0j),0.9390165164629551,3.545662269359037e-12,3.6482096170935235e-29,3.545662269359037e-12,-24.503026340873358,-194.3792021614087,-24.503026340873358,1.981419606376759e-11,(-3.6573761644303694e-05-3.0684988509480684e-05j),-0.08107079183861825,3.861514986634355e-12,7.338978829413271e-15,3.8615219606538534e-12,-24.13242275314805,-51.343643650980624,-24.132414909657967,2.1096196635437182e-11,(4.5765431380062056e-05+1.7001837207027688e-05j),0.46348338307196335,3.865720323592083e-12,-6.6045873531796395e-15,3.865725965560283e-12,-24.127695694265352,-51.80154311408329,-24.127689355798875,2.1096185428830665e-11,(-4.58172285815286e-05-1.7031431087946607e-05j),0.4634787689998188
320.0,4.231749721716374e-12,3.571203250228321e-14,4.231900407206206e-12,-23.734800256826325,-44.47185431817674,-23.734645614619367,2.2573684359424713e-11,(5e-05+0j),1.0514490497383038,3.573366256461301e-12,-5.159465760925969e-29,3.573366256461301e-12,-24.469224679822396,-192.87395265251394,-24.469224679822396,1.9891454427727457e-11,(-4.216787194056513e-05-2.277903119999954e-05j),-0.047269130787653865,3.902757522531575e-12,-6.247843441074138e-14,3.9032575926324944e-12,-24.0862843050143,-42.04269861577855,-24.085727868260108,2.1213025038569282e-11,(4.751326798207896e-05+1.2291537674363887e-05j),0.511452178297178,3.906989633689344e-12,6.329359816334612e-14,3.907502281166891e-12,-24.081577410755706,-41.98640214515568,-24.081007597712443,2.1213009954060524e-11,(-4.756806430929999e-05-1.2315759290456491e-05j),0.5114460017888931
330.0,4.22527788860687e-12,2.153989916909504e-13,4.230764701749745e-12,-23.74144723040956,-36.667563340189155,-23.735811277231367,2.2567638197845863e-11,(5e-05+0j),1.0491222994551133,3.5463522542435406e-12,-2.7153098301987926e-29,3.5463522542435406e-12,-24.502181287248934,-195.66180608112506,-24.502181287248934,1.981612388848571e-11,(-4.574206163185933e-05-1.3686086802700425e-05j),-0.08022573821419512,3.8845665585835804e-12,-1.3084640767654853e-13,3.886769626626685e-12,-24.106574329034792,-38.83238196200778,-24.104111997468625,2.1135878372579486e-11,(4.850799558510256e-05+7.261741329140374e-06j),0.4798061089068944,3.888761631045669e-12,1.3172861666231722e-13,3.890992090912129e-12,-24.101886769333465,-38.80319868861266,-24.09939651971048,2.1135859301164404e-11,(-4.856494545896953e-05-7.280059920553265e-06j),0.47979827141471804
340.0,4.1536154706278234e-12,3.8398159956453067e-13,4.171326329435631e-12,-23.815737116320133,-34.1568958656751,-23.79725833283053,2.225060155882628e-11,(5e-05+0j),0.9262352246523592,3.4638553750475042e-12,3.9614912962890565e-30,3.4638553750475042e-12,-24.60440249198003,-204.02141293915807,-24.60440249198003,1.9584281750565485e-11,(-4.700673168176299e-05-4.120520419634348e-06j),-0.1824469429452907,3.805527368869358e-12,-1.921559021239439e-13,3.81037563055597e-12,-24.195851503206182,-37.1634627151452,-24.190322090392208,2.086124861215377e-11,(4.866882589804018e-05+2.178405196458877e-06j),0.36620606224101226,3.8096213436229525e-12,1.9308531002706052e-13,3.814511334199414e-12,-24.19118188772536,-37.14250766183672,-24.185610903313446,2.0861225639678012e-11,(-4.872693405404942e-05-2.190594781460882e-06j),0.3661964973054365
350.0,4.0277751426929285e-12,5.162203137026692e-13,4.060721119748846e-12,-23.94934782659999,-32.87164909603473,-23.913968357532703,2.166063831518471e-11,(5e-05+0j),0.6928250998912264,3.3365938161119324e-12,-6.89448739588526e-30,3.3365938161119324e-12,-24.766966594399396,-201.61498018018105,-24.766966594399396,1.9221153340564775e-11,(-4.6023419445632764e-05+5.162124051365274e-06j),-0.34501104536465604,3.676830229764219e-12,-2.420676714768282e-13,3.684789993484325e-12,-24.34526422341836,-36.16063207405515,-24.3358725876012,2.0418995448634434e-11,(4.805707562314057e-05-2.6903286755280177e-06j),0.1800875333677143,3.680772158987386e-12,2.4302213579993026e-13,3.6887861749992264e-12,-24.340610646932376,-36.14354166657138,-24.33116518454231,2.0418968832654258e-11,(-4.811536806103432e-05+2.6841590068303437e-06j),0.1800762113799276
360.0,3.868052006011291e-12,5.959975431607949e-13,3.913698939962255e-12,-24.125076954546266,-32.24755530518,-24.074125853570894,2.0876426289087848e-11,(5e-05+0j),0.372523214930258,3.182763546474277e-12,-7.262794089459434e-30,3.182763546474277e-12,-24.971956247393138,-201.38896268530218,-24.971956247393138,1.877283922407855e-11,(-4.315053037840304e-05+1.3562708839523267e-05j),-0.5500006983583989,3.5180497984744655e-12,-2.7847164460282035e-13,3.529053816732472e-12,-24.536980173374552,-35.55219020308827,-24.523417187633697,1.9862854270650368e-11,(4.6845765342241124e-05-7.153354849226741e-06j),-0.05976678746912348,3.521810402256799e-12,2.794307034672862e-13,3.5328784337257373e-12,-24.53234028116058,-35.53725875910416,-24.518713063722405,1.9862824389403472e-11,(-4.690343897068264e-05+7.152832083158894e-06j),-0.05977985434282071
370.0,3.697304988476699e-12,6.184475022312072e-13,3.74867196362001e-12,-24.321147232572248,-32.086971601560485,-24.2612256187849,1.99961781348486e-11,(5e-05+0j),-0.0016599735557608019,3.022141997706681e-12,4.735878306178785e-31,3.022141997706681e-12,-25.196851338515096,-210.0,-25.196851338515096,1.8293011449057464e-11,(-3.8889381571905684e-05+2.0743162228553797e-05j),-0.7748957894803559,3.350753082867273e-12,-3.014525994372997e-13,3.364285940887314e-12,-24.74857574163893,-35.20780966844547,-24.731070992974207,1.9255250913809685e-11,(4.525226816841428e-05-1.1133869996608128e-05j),-0.3296162681550188,3.354326388849679e-12,3.024001354699851e-13,3.3679298337206486e-12,-24.743946811515816,-35.194180186144365,-24.726369650183994,1.925521820889233e-11,(-4.530876643712618e-05+1.113848635151516e-05j),-0.3296310210941157
380.0,3.5354562179670017e-12,5.879000828858446e-13,3.5840029543261705e-12,-24.515545365597408,-32.30696478581351,-24.45631641016881,1.9117842497034993e-11,(5e-05+0j),-0.3918223265506871,2.8714693077777484e-12,6.314869167517196e-30,2.8714693077777484e-12,-25.418958213936097,-201.99635642798904,-25.418958213936097,1.7831170898618856e-11,(-3.3726766108043895e-05+2.6614111970583677e-05j),-0.9970026649013604,3.193404062952896e-12,-3.1253328387784755e-13,3.2086611791860376e-12,-24.95746126493945,-35.05103724768705,-24.936761401119384,1.865393247197372e-11,(4.347397408360865e-05-1.4659057471257286e-05j),-0.6051919079746827,3.196803704360032e-12,3.1345838297478177e-13,3.2121348169196114e-12,-24.952840302064303,-35.0382011111452,-24.93206235181798,1.865389740347744e-11,(-4.352898300286622e-05+1.4668299580658004e-05j),-0.6052082370449856
390.0,3.396954240882981e-12,5.140788521760957e-13,3.4356331557527445e-12,-24.689103033112694,-32.889702614746,-24.63993214729537,1.8326450823040146e-11,(5e-05+0j),-0.7590325968123135,2.7424756273251014e-12,1.594479999682906e-29,2.7424756273251014e-12,-25.61857223357719,-197.97380923948037,-25.61857223357719,1.74260582508959e-11,(-2.8038879804841538e-05+3.125228884432294e-05j),-1.1966166845424502,3.0591169169313397e-12,-3.137589891924141e-13,3.0751652012135137e-12,-25.144039243203903,-35.03403822799391,-25.121315484907555,1.810450471918597e-11,(4.1651056924716316e-05-1.78238826054971e-05j),-0.8648669448742909,3.062370211773622e-12,3.1465539829646956e-13,3.07849302965518e-12,-25.139423083433176,-35.02164813001964,-25.11661825403901,1.810446774129601e-11,(-4.1704449135018035e-05+1.783732422913392e-05j),-0.864884685552879
400.0,3.2907416818170486e-12,4.0875092494807945e-13,3.31603047861355e-12,-24.827062078194327,-33.885412515808504,-24.79381486374825,1.7688506886230865e-11,(5e-05+0j),-1.0667764132970206,2.6420405027265006e-12,8.634415771488679e-30,2.6420405027265006e-12,-25.780605288956806,-200.63767042671205,-25.780605288956806,1.7103992942618444e-11,(-2.2063992802393436e-05+3.480662353477592e-05j),-1.3586497399220723,2.955747068063758e-12,-3.070122333531556e-13,2.971648909577979e-12,-25.293327325383874,-35.128443190768216,-25.270025023273043,1.7638626174619603e-11,(3.9856536870533306e-05-2.075298283814342e-05j),-1.0913047917136434,2.958889357008871e-12,3.078771239780572e-13,2.974863786879892e-12,-25.288712742915145,-35.11622579038287,-25.265329149642504,1.7638587730164155e-11,(-3.990829632002428e-05+2.077033348451401e-05j),-1.0913237231575004
410.0,3.2214177757951437e-12,2.837186485338833e-13,3.233887561084155e-12,-24.91952949207957,-35.47112117537996,-24.902750841357417,1.7250376379271238e-11,(5e-05+0j),-1.28462840896929,2.5733117035164416e-12,-4.556704139099236e-29,2.5733117035164416e-12,-25.895076048047553,-193.4134916868064,-25.895076048047553,1.6880059406321288e-11,(-1.5919494976425144e-05+3.742603559411611e-05j),-1.4731204990128153,2.88705860410361e-12,-2.9365224014362955e-13,2.9019543452077354e-12,-25.395444003310928,-35.32166681767028,-25.373094243518736,1.7275500194838336e-11,(3.810204856255301e-05-2.357252510681554e-05j),-1.2719872974625508,2.890128935919773e-12,2.94484832123278e-13,2.9050932140968273e-12,-25.390827818422782,-35.30937069280291,-25.36839928086589,1.7275460722910348e-11,(-3.8152196687468616e-05+2.359364351554191e-05j),-1.2720071434408498
420.0,3.1905248397069906e-12,1.5004312751878228e-13,3.1940509847062454e-12,-24.961378698456382,-38.237838919353834,-24.956581557617625,1.703790970083328e-11,(5e-05+0j),-1.3922736693121176,2.536871759778188e-12,-2.6898329520964297e-30,2.536871759778188e-12,-25.957014860413157,-205.70274690345337,-25.957014860413157,1.6760116384156494e-11,(-9.63754555825705e-06+3.921516691887364e-05j),-1.5350593113784177,2.853967926101734e-12,-2.744064996108013e-13,2.8671295489123062e-12,-25.445509119485273,-35.61605606115157,-25.425526833679044,1.7024367154076678e-11,(3.634839327752259e-05-2.639264819722679e-05j),-1.3991803757102341,2.8570061138660657e-12,2.752068262838173e-13,2.8702304318471174e-12,-25.440888302453793,-35.60340797977857,-25.420832352303428,1.7024327104447304e-11,(-3.639692454567437e-05+2.6417532494436862e-05j),-1.3992008091904808
430.0,3.19741298738475e-12,1.801724321422354e-14,3.1974637500603056e-12,-24.952012653365145,-47.44311658886417,-24.951943704577584,1.7056135573556402e-11,(5e-05+0j),-1.3829871248239884,2.5315132357330605e-12,-1.1130813235881787e-30,2.5315132357330605e-12,-25.966197976112092,-209.53473104222925,-25.966197976112092,1.6742406194112366e-11,(-3.2046972826654237e-06+4.0211862599027504e-05j),-1.5442424270773516,2.8553713595831158e-12,-2.49415037773763e-13,2.866243789735133e-12,-25.443374009279136,-36.030773655115155,-25.426868732429675,1.688660002728837e-11,(3.451533796691849e-05-2.929606511912483e-05j),-1.4697555755322025,2.858415921938024e-12,2.501829352018557e-13,2.8693436677845024e-12,-25.438745776933274,-36.01742316546746,-25.422174322057707,1.688655987636647e-11,(-3.456216513118625e-05+2.9324827205281543e-05j),-1.4697762278180693
440.0,3.239524934401245e-12,-1.0260175701906306e-13,3.2411493210203676e-12,-24.89518672970948,-39.888452020200106,-24.893009603897774,1.7289176309931675e-11,(5e-05+0j),-1.2651138506614066,2.5545169526631582e-12,6.502432725817814e-31,2.5545169526631582e-12,-25.92691210842891,-210.0,-25.92691210842891,1.681830281384424e-11,(3.398914120938584e-06+4.037938783771472e-05j),-1.5049565593941703,2.8884293784159798e-12,-2.1836748019804602e-13,2.8966719922187543e-12,-25.39338246415518,-36.6081203731399,-25.38100679816764,1.685685290093007e-11,(3.2490115524570964e-05-3.232802650148028e-05j),-1.4850699729106684,2.8915157577549077e-12,2.1910179902707846e-13,2.8998049892504566e-12,-25.388744366001042,-36.59354056467933,-25.37631207252813,1.6856813164810117e-11,(-3.253502337334686e-05+3.2360852574537216e-05j),-1.4850904479045108
450.0,3.3121586218606875e-12,-2.025062134921765e-13,3.3183434877765483e-12,-24.79888872687515,-36.93561646800096,-24.79078661372234,1.7700951302571805e-11,(5e-05+0j),-1.0606677675626839,2.601504831313381e-12,-1.5352427774510575e-29,2.601504831313381e-12,-25.84775363229104,-198.1382293707918,-25.84775363229104,1.6972276231860783e-11,(1.0160315059292809e-05+3.961080728566259e-05j),-1.425798083256304,2.9483789714659656e-12,-1.8072036138407324e-13,2.953912390102573e-12,-25.304166949518972,-37.42992913633997,-25.296023895451412,1.6923286120121128e-11,(3.013742687755189e-05-3.548475974716389e-05j),-1.450905971764505,2.9515375034186728e-12,1.814184044230916e-13,2.9571077544706334e-12,-25.299516940879485,-37.41318657000586,-25.29132849867064,1.6923247360227575e-11,(-3.018003611167187e-05+3.552185489549774e-05j),-1.4509258653325112
460.0,3.407921005608643e-12,-2.7323278751914035e-13,3.4188567879693503e-12,-24.675104805795964,-35.6346718718579,-24.661190909253413,1.8237110051818434e-11,(5e-05+0j),-0.8014795360489431,2.66605949127789e-12,6.302686944228451e-30,2.66605949127789e-12,-25.741301638323463,-202.00474263835926,-25.741301638323463,1.718156388261778e-11,(1.699447114360751e-05+3.774822071389409e-05j),-1.3193460892887243,3.028084972762118e-12,-1.360088652873049e-13,3.0311379074044943e-12,-25.188319420240404,-38.66432782660115,-25.18394304126503,1.7067302200597078e-11,(2.7315535228458246e-05-3.870074725411495e-05j),-1.3773023462733105,3.0313383086909283e-12,1.3666611026419302e-13,3.0344175005150367e-12,-25.18365592039299,-38.64339166119556,-25.17924665574448,1.7067265016818928e-11,(-2.7355283694926967e-05+3.874226169386414e-05j),-1.3773212698583837
470.0,3.5162747269707992e-12,-3.082672157831571e-13,3.5297615545331483e-12,-24.53917200792128,-35.1107266003362,-24.52254631453012,1.882869662700159e-11,(5e-05+0j),-0.5241947527681976,2.739442315832213e-12,-3.486182840031205e-29,2.739442315832213e-12,-25.62337840029242,-194.57649839161118,-25.62337840029242,1.741641855047463e-11,(2.3710668743302886e-05+3.4622406066981406e-05j),-1.2014228512576817,3.1177045784937013e-12,-8.425556993488338e-14,3.1188428687296253e-12,-25.061650392460958,-40.74401379334656,-25.060065050000443,1.7263591708555557e-11,(2.3902711165570144e-05-4.183967975568542e-05j),-1.2779767891374663,3.1210646686812965e-12,8.486580464833719e-14,3.1222182612510132e-12,-25.056972326289724,-40.712672666947014,-25.0553674049728,1.7263556714514834e-11,(-2.3938865671790988e-05+4.1885619409530804e-05j),-1.277994395826092
480.0,3.623779596061686e-12,-3.0482371975973715e-13,3.6365775202738576e-12,-24.40838224661082,-35.159512415320535,-24.39307150215925,1.9398473481504312e-11,(5e-05+0j),-0.26524880399831924,2.8108806854759446e-12,-1.866015337097695e-29,2.8108806854759446e-12,-25.51157588664759,-197.29084791034578,-25.51157588664759,1.7642047164130992e-11,(2.999845044866043e-05+3.0115048873929503e-05j),-1.0896203376128542,3.2050034564619335e-12,-2.641520152847329e-14,3.2051123098582254e-12,-24.9417149777651,-45.781460716183425,-24.94156747830932,1.748155015786656e-11,(1.983416714150755e-05-4.469857778010803e-05j),-1.1690011011358656,3.2084687966780787e-12,2.6971218603414795e-14,3.208582158195397e-12,-24.937021799964228,-45.69099430974521,-24.936868357886915,1.7481517934697113e-11,(-1.986588088430604e-05+4.4748713390431065e-05j),-1.169017111566807
490.0,3.715643037896403e-12,-2.6576153342023793e-13,3.725135216030941e-12,-24.299660153776195,-35.755078790451996,-24.28857958483391,1.9870860777934473e-11,(5e-05+0j),-0.056266302326352206,2.8688753967252266e-12,4.991195868098131e-29,2.8688753967252266e-12,-25.42288313967252,-193.0179538690304,-25.42288313967252,1.7823115280317933e-11,(3.545221778133508e-05+2.4232993805213803e-05j),-1.0009275906377864,3.2768451957959803e-12,3.5308552524295914e-14,3.277035418040604e-12,-24.845440750044432,-44.52120085993861,-24.84518864758463,1.7688978329657763e-11,(1.5140678263643166e-05-4.703568837059467e-05j),-1.066544915464323,3.28039963467782e-12,-3.481365625917898e-14,3.2805843616429846e-12,-24.840732451410634,-44.58250363104689,-24.8404878969301,1.7688949360055707e-11,(-1.5167100057219248e-05+4.7089491748040314e-05j),-1.0665591405353072
500.0,3.7787171988064025e-12,-2.005542976733973e-13,3.784035636046597e-12,-24.226556096954912,-36.9776802709623,-24.220447822952135,2.0185056354037256e-11,(5e-05+0j),0.07999941154869927,2.9035782013352454e-12,2.9902554991603935e-31,2.9035782013352454e-12,-25.37066472730013,-210.0,-25.37066472730013,1.7930588209823313e-11,(3.9645254090472225e-05+1.7165486047412156e-05j),-0.9487091782653916,3.321920490153444e-12,9.75049886505934e-14,3.3233511649708416e-12,-24.786107665567666,-40.10973163911715,-24.784237661689907,1.785804498300018e-11,(9.969909329628659e-06-4.8624845663977356e-05j),-0.9839216616115747,3.3255350067375233e-12,-9.707611751245205e-14,3.3269515857054537e-12,-24.78138476140486,-40.128876012794905,-24.779535190031204,1.7858019576226194e-11,(-9.990328229365929e-06+4.8681488236440254e-05j),-0.983934019100432
510.0,3.805092534798589e-12,-1.2419508620163694e-13,3.807118807946054e-12,-24.1963477729978,-39.05895586749861,-24.194035700387268,2.0308203230602593e-11,(5e-05+0j),0.13283010424707029,2.9095195359233267e-12,-5.372636531883616e-30,2.9095195359233267e-12,-25.36178722397288,-202.69812539207348,-25.36178722397288,1.7948923721330712e-11,(4.223701782453873e-05+9.287027387757909e-06j),-0.9398316749381418,3.333897954237097e-12,1.5609745898543803e-13,3.337550297144301e-12,-24.77047697426423,-38.066041664928974,-24.765721807262054,1.7971892765434042e-11,(4.57023702532254e-06-4.932139277374759e-05j),-0.9287235416117099,3.337535950724754e-12,-1.5573593352283413e-13,3.34116744617363e-12,-24.765740475397905,-38.076111695117774,-24.76101758684841,1.7971870992382928e-11,(-4.584218800832024e-06+4.937982701375398e-05j),-0.9287340646231745
520.0,3.794602691828095e-12,-5.3860892984051985e-14,3.794984925480214e-12,-24.208336895391433,-42.68726450500608,-24.207899448788467,2.0243503388323585e-11,(5e-05+0j),0.10511358066051317,2.887368649557323e-12,-7.443929664037148e-31,2.887368649557323e-12,-25.394977633145018,-210.0,-25.394977633145018,1.788046839968583e-11,(4.3067233593894566e-05+1.0885087349012729e-06j),-0.9730220841102805,3.313482657948557e-12,2.072454990800906e-13,3.3199575330739986e-12,-24.797152980703054,-36.83514892603533,-24.78867471497645,1.8029080913266598e-11,(-7.667082969032007e-07-4.9109288694666284e-05j),-0.9011281569464822,3.31710764463893e-12,-2.069481754456822e-13,3.323556930976559e-12,-24.792404348072758,-36.84138398194679,-24.783968775646695,1.8029062571761172e-11,(7.592462592523909e-07+4.916839676072811e-05j),-0.9011369933577082
530.0,3.7548397423376835e-12,-4.612916867870807e-15,3.7548425758799195e-12,-24.25408594080228,-53.3602437200138,-24.254082663455236,2.0029408073643274e-11,(5e-05+0j),0.012762383476610064,2.8437077704356147e-12,-3.7065474211708336e-30,2.8437077704356147e-12,-25.46115035300953,-204.31030439189595,-25.46115035300953,1.774476513295888e-11,(4.2187323299736315e-05-6.937699798300819e-06j),-1.0391948039747894,3.268199682442228e-12,2.481962451712461e-13,3.2776104924826845e-12,-24.856914165418644,-36.05204792997415,-24.844426587632256,1.8043630624747197e-11,(-5.78224034286399e-06-4.810339748533973e-05j),-0.8941213537619602,3.27178287588131e-12,-2.4795565367044903e-13,3.2811652188052516e-12,-24.85215524968754,-36.05625984852662,-24.83971900729811,1.8043615245140276e-11,(5.781046273145097e-06+4.816215590226597e-05j),-0.8941287572401241
540.0,3.698727569292196e-12,1.3918661130232083e-14,3.6987537578175995e-12,-24.319476555757277,-48.56402538555737,-24.319445806015388,1.97302564225068e-11,(5e-05+0j),-0.11794532211711993,2.7889635476042837e-12,-9.077608310942327e-30,2.7889635476042837e-12,-25.545571620257284,-200.42028560529755,-25.545571620257284,1.757313284445676e-11,(3.98154033456101e-05-1.440284097473088e-05j),-1.1236160712225447,3.2100496715128047e-12,2.7767842128700457e-13,3.222037274649055e-12,-24.934882473779886,-35.56457868467628,-24.918694396831693,1.8040724613452146e-11,(-1.0310070505950033e-05-4.650674624910487e-05j),-0.8955203696669827,3.213575115945187e-12,-2.774837470193055e-13,3.225532863835369e-12,-24.930115441869944,-35.5676244960994,-24.91398528871576,1.8040711498476925e-11,(1.0314655118940161e-05+4.6564349014672005e-05j),-0.8955266840069666
550.0,3.6410720024977865e-12,-1.30624310654904e-15,3.6410722368066656e-12,-24.387707327721028,-58.83975988445818,-24.387707048245506,1.9422611326682095e-11,(5e-05+0j),-0.2544475248806003,2.7346614999173987e-12,3.381494253513075e-29,2.7346614999173987e-12,-25.630964235594686,-194.7089134627492,-25.630964235594686,1.7401214534282083e-11,(3.624584487480164e-05-2.1072195500965488e-05j),-1.2090086865599468,3.1523661734037983e-12,2.9573183787847435e-13,3.1662074807497198e-12,-25.013633413562847,-35.29101917710554,-24.994606293371273,1.8050284785167073e-11,(-1.4296717586464813e-05-4.454775004296349e-05j),-0.8909187472816477,3.155832421222272e-12,-2.955702251051963e-13,3.1696435176225044e-12,-25.008860664482746,-35.293393176514,-24.98989579118256,1.8050273066225664e-11,(1.4306486642504802e-05+4.460365903084508e-05j),-0.890924386498203
560.0,3.595669284925113e-12,-4.749187030913202e-14,3.5959829093447222e-12,-24.44220259746665,-43.23380726839521,-24.441823810085857,1.9182134238828404e-11,(5e-05+0j),-0.36266139508442885,2.691219214151079e-12,2.3957106757283593e-29,2.691219214151079e-12,-25.700509251947565,-196.20565631826003,-25.700509251947565,1.7262445104864465e-11,(3.176041163581609e-05-2.6854161706384462e-05j),-1.2785537029128247,3.107274744505969e-12,3.031782113205168e-13,3.1220303274734764e-12,-25.07620344830769,-35.18302013604925,-25.05562882506654,1.810104308030493e-11,(-1.7785873126939767e-05-4.242625895371744e-05j),-0.8665278733897592,3.110693687531444e-12,-3.0303588015503994e-13,3.125419325836025e-12,-25.07142752107109,-35.18505946973596,-25.050917067424372,1.810103177122872e-11,(1.7800250359367924e-05+4.248018605632496e-05j),-0.8665333001167224
570.0,3.573704037564038e-12,-1.1760317021398555e-13,3.5756385518877448e-12,-24.468814171843363,-39.295809708799226,-24.466463888846178,1.9073646708088027e-11,(5e-05+0j),-0.41192523034457607,2.6667891479729993e-12,3.74764273081919e-29,2.6667891479729993e-12,-25.74011320827497,-194.26241817845462,-25.74011320827497,1.718391487769299e-11,(2.6571438608100933e-05-3.175090836356274e-05j),-1.318157659240233,3.0843502895542805e-12,3.0103101572328415e-13,3.0990057084653725e-12,-25.10836305010986,-35.2138875602232,-25.087776237759712,1.821650600907781e-11,(-2.0884987787085158e-05-4.0282682428993474e-05j),-0.8112982854482749,3.0877444324504667e-12,-3.008939237429072e-13,3.1023705184059267e-12,-25.10358652691769,-35.21586582321637,-25.083063353136097,1.8216494045529554e-11,(2.0903502571207977e-05+4.033452838357496e-05j),-0.8113039898404283
580.0,3.583246340060389e-12,-2.018217520562955e-13,3.58892551513113e-12,-24.4572333404674,-36.950320279458886,-24.45035554958266,1.9144546990637478e-11,(5e-05+0j),-0.37969802772673544,2.6669519322042794e-12,4.573545580114777e-30,2.6669519322042794e-12,-25.739848117441557,-203.39746988363416,-25.739848117441557,1.718443933379593e-11,(2.080251616189374e-05-3.579827343976607e-05j),-1.317892568406819,3.090251042663009e-12,2.9004130716059367e-13,3.1038323837699804e-12,-25.100062383697747,-35.375401462583035,-25.08101739981281,1.8412727782777937e-11,(-2.373117692986661e-05-3.8188297633305034e-05j),-0.718237262968789,3.0936503032127796e-12,-2.898953498314005e-13,3.1072031656173357e-12,-25.095287791848882,-35.377587510429336,-25.0763034931282,1.8412714044722858e-11,(2.375351216363872e-05+3.823807316028793e-05j),-0.7182437436638915
590.0,3.6292247360366194e-12,-2.88415772509713e-13,3.6406669502293725e-12,-24.401861377243304,-35.39980993166787,-24.38819048693994,1.942056058830098e-11,(5e-05+0j),-0.2553646738359141,2.694755530248298e-12,-1.465400951742986e-29,2.694755530248298e-12,-25.69480628132158,-198.3404353073301,-25.69480628132158,1.7273782981319226e-11,(1.449822244808833e-05-3.901190723697967e-05j),-1.272850732286839,3.1287499442550133e-12,2.704413356387895e-13,3.1404163306316314e-12,-25.046291451215517,-35.679269278641414,-25.030127729107736,1.8696984156890947e-11,(-2.646425395937348e-05-3.6147628676174146e-05j),-0.5851687126544806,3.1321884464044782e-12,-2.7027224229390524e-13,3.1438275316474146e-12,-25.0415211673811,-35.68198555254319,-25.025412870945676,1.8696967478818843e-11,(2.6490260697605724e-05+3.619537386317843e-05j),-0.5851764606397738
600.0,3.713257769437652e-12,-3.6408809431947733e-13,3.731064647351245e-12,-24.302449015794835,-34.387935222632336,-24.28167225967297,1.990276343013313e-11,(5e-05+0j),-0.04233229550130553,2.750629380454493e-12,-1.145144838728668e-29,2.750629380454493e-12,-25.605679224662765,-199.41139579976954,-25.605679224662765,1.7451944045598415e-11,(7.653697869556825e-06-4.134558279645978e-05j),-1.183723675628029,3.2006163908022137e-12,2.418790597782221e-13,3.2097430988524587e-12,-24.947663750096545,-36.16401728233466,-24.935297262292707,1.906635998256342e-11,(-2.9206357549337456e-05-3.410489513757867e-05j),-0.41524414399936405,3.2041291198086717e-12,-2.4167221797685597e-13,3.2132302870083475e-12,-24.9428999106142,-36.1677327211132,-24.930581481512423,1.9066339160785918e-11,(2.9236043687235476e-05+3.41506032118668e-05j),-0.41525362959390805
610.0,3.832934266390062e-12,-4.14213525395039e-13,3.855250696788383e-12,-24.16468628694738,-33.82775724108603,-24.139473756696308,2.056519052597302e-11,(5e-05+0j),0.24205483432247898,2.8318832561362008e-12,-6.985471598262523e-31,2.8318832561362008e-12,-25.479246543229834,-210.0,-25.479246543229834,1.7707834157823117e-11,(2.6018185158227754e-07-4.266369459609555e-05j),-1.0572909941950968,3.3030039893805534e-12,2.03541513252436e-13,3.30926948154437e-12,-24.810909017657718,-36.913470009950935,-24.802678657859385,1.9505659735008824e-11,(-3.20436025682859e-05-3.1951429586702575e-05j),-0.21738703470090137,3.3066228013355957e-12,-2.0328200008444816e-13,3.3128655152104795e-12,-24.806153438349167,-36.919010749285356,-24.79796193815432,1.9505633544442904e-11,(3.207709788760596e-05+3.1994976682852736e-05j),-0.217398697393727
620.0,3.9804505699774025e-12,-4.2361896448091316e-13,4.002928898581801e-12,-24.000677648661597,-33.73024605729207,-23.976221239163333,2.13529229934725e-11,(5e-05+0j),0.5685467634449375,2.9317572049291055e-12,-1.3297393214946863e-29,2.9317572049291055e-12,-25.328719988759396,-198.76233488606218,-25.328719988759396,1.8017385618952126e-11,(-7.633510382437185e-06-4.273380738733874e-05j),-0.9067644397246527,3.4282933850497586e-12,1.5450404926567085e-13,3.4317731619696866e-12,-24.64922019287908,-38.11060134034021,-24.64481426464548,1.9984783761342038e-11,(-3.500532310998387e-05-2.953657387854971e-05j),-0.006610843607830284,3.4320418096066884e-12,-1.5417719027123165e-13,3.435503105643813e-12,-24.644474301558276,-38.1197987318573,-24.6400965452713,1.9984750996142202e-11,(3.504281724329272e-05+2.9577658699557574e-05j),-0.006625084199395169
630.0,4.141029985390245e-12,-3.786880940201111e-13,4.158309032822563e-12,-23.828916247397437,-34.21718348913106,-23.81083238366176,2.2181737031127946e-11,(5e-05+0j),0.8993111335291665,3.0383845164004567e-12,2.8932609551263915e-29,3.0383845164004567e-12,-25.173572657649615,-195.38612393776714,-25.173572657649615,1.8342103521080902e-11,(-1.584741619174309e-05-4.125334858024255e-05j),-0.751617108614878,3.5628010271659425e-12,9.435760887251606e-14,3.564050296716761e-12,-24.48208431147945,-40.25223073155555,-24.480561757259554,2.045682560368794e-11,(-3.8040670848338734e-05-2.6689266667593604e-05j),0.19616494231715248,3.5666877520828783e-12,-9.395037660129207e-14,3.567924914305448e-12,-24.477349095803852,-40.271014746849545,-24.475842937706727,2.045678515504161e-11,(3.808231927245599e-05+2.6727372623280325e-05j),0.19614776796018527
640.0,4.292333431389891e-12,-2.7130672098757355e-13,4.300899164486462e-12,-23.67306549103988,-35.66539447478133,-23.664407394548515,2.294232972846271e-11,(5e-05+0j),1.1921504302501476,3.1345979150961318e-12,3.890123250709862e-29,3.1345979150961318e-12,-25.038181596033667,-194.10036638711512,-25.038181596033667,1.8630250453227296e-11,(-2.400466093310291e-05-3.79287749522376e-05j),-0.6162260469989298,3.6864423390393184e-12,2.4079500834221595e-14,3.686520980738087e-12,-24.33392554662792,-46.183525202044976,-24.3338329009593,2.0859498939892205e-11,(-4.100097994039803e-05-2.325849129851056e-05j),0.3654775297449596,3.6904544391430004e-12,-2.358286928339567e-14,3.6905297884062554e-12,-24.329201519275856,-46.274033562325954,-24.32911284879983,2.0859449915634507e-11,(4.1046782001798616e-05+2.3292894954547746e-05j),0.3654571160335103
650.0,4.40674488734778e-12,-1.0402492597229539e-13,4.407972514364097e-12,-23.558820906800225,-39.828625845937516,-23.557611221638076,2.351347729239451e-11,(5e-05+0j),1.4057372776646535,3.1999425890470035e-12,-1.9281659367980673e-29,3.1999425890470035e-12,-24.948578133937666,-197.14855593703572,-24.948578133937666,1.8823434468660354e-11,(-3.1517770367871874e-05-3.2610433930195454e-05j),-0.5266225849029283,3.774978943912314e-12,-5.3134911527693693e-14,3.775352876991022e-12,-24.23085466436964,-42.74620038206811,-24.230424492354242,2.112314648695352e-11,(-4.36466616607378e-05-1.9172444656429016e-05j),0.4745723034821248,3.779077647564019e-12,5.372307125855375e-14,3.779459489755573e-12,-24.226141846741083,-42.69839167401028,-24.225703052953666,2.1123088356841454e-11,(4.369633742826175e-05+1.9202297162068034e-05j),0.4745484002045938
660.0,4.457841052088348e-12,1.0617355209908823e-13,4.459105254291435e-12,-23.508754206991167,-39.739836528205785,-23.507522762894443,2.3786239909387566e-11,(5e-05+0j),1.5059159844916914,3.215713496241098e-12,-9.772676627445304e-30,3.215713496241098e-12,-24.92722651635116,-200.09986471560168,-24.92722651635116,1.886976307562196e-11,(-3.7679118446591534e-05-2.5440603454594065e-05j),-0.5052709673164184,3.805883167856208e-12,-1.3166707935337983e-13,3.8081600422194255e-12,-24.195445477185057,-38.805227978733434,-24.192848081887647,2.1186600905175245e-11,(-4.569829115981489e-05-1.4495844296891631e-05j),0.5006258027786151,3.8100060017479945e-12,1.3233973718004816e-13,3.812303705030939e-12,-24.19074340197351,-38.78309732178204,-24.1881250882984,2.1186533626683056e-11,(4.575121106927372e-05+1.4520330625064397e-05j),0.5005982205114715
670.0,4.429530738141808e-12,3.2926130824167376e-13,4.441751407862458e-12,-23.536422802397542,-34.82459300579926,-23.52445751328898,2.369369868128781e-11,(5e-05+0j),1.4720573091882072,3.1716656071995056e-12,-2.6888456548376516e-30,3.1716656071995056e-12,-24.987126071688728,-205.70434126440193,-24.987126071688728,1.8740081251579777e-11,(-4.186063115378942e-05-1.6920654966105965e-05j),-0.5651705226539904,3.7663149924331254e-12,-2.0445185302867815e-13,3.771860175355576e-12,-24.240833609643786,-36.894089489077246,-24.234444151385922,2.1016594952123453e-11,(-4.692842503357158e-05-9.445338046551135e-06j),0.4306471718570879,3.770386448561101e-12,2.0519272520216373e-13,3.7759658401485945e-12,-24.236141341771585,-36.87838040541521,-24.229719432675264,2.101651901535127e-11,(4.698364851075781e-05+9.463869717216628e-06j),0.4306157881045927
680.0,4.32286156800009e-12,5.301989410892921e-13,4.355254648493518e-12,-23.642286717567234,-32.75561143972855,-23.609864470392417,2.3232354783677173e-11,(5e-05+0j),1.3012647112463769,3.0705901559219922e-12,1.0316821668314367e-29,3.0705901559219922e-12,-25.127781467284436,-199.86454076401853,-25.127781467284436,1.843905669909822e-11,(-4.3732737352968824e-05-7.816304827995403e-06j),-0.7058259182497006,3.6587419068408686e-12,-2.649770514946125e-13,3.668324573792828e-12,-24.366682252190984,-35.76791736783263,-24.35532244874725,2.0620810398342448e-11,(-4.725083333211087e-05-4.334219557194599e-06j),0.2655146680489212,3.662689954371447e-12,2.657633937340409e-13,3.672319142354399e-12,-24.36199842679858,-35.75504839022135,-24.350595835326963,2.0620726751677606e-11,(4.730726461215273e-05+4.346574597648138e-06j),0.26547943436222604
690.0,4.1556409194513e-12,6.799102949483882e-13,4.210894140274111e-12,-23.8136198600374,-31.675483828508533,-23.756256763837456,2.2462373741937087e-11,(5e-05+0j),1.0085130669493516,2.9273721829660364e-12,-3.41437969195414e-31,2.9273721829660364e-12,-25.335220583202926,-210.0,-25.335220583202926,1.8003906297379562e-11,(-4.336403672383193e-05+1.0706160476701986e-06j),-0.9132650341681874,3.5001006999091042e-12,-3.0921510702078135e-13,3.5137328999105884e-12,-24.55919460568088,-35.09739296333625,-24.542312549362762,2.0046030238610636e-11,(-4.674982551031466e-05+5.326783387896011e-07j),0.019967709472382102,3.503872155839754e-12,3.1002238873866615e-13,3.517560797767162e-12,-24.554517481164652,-35.08606941796181,-24.53758387452107,2.00459401161944e-11,(4.6806421924436394e-05-5.263383072133698e-07j),0.019928659590102985
700.0,3.955127432577738e-12,7.62774761524783e-13,4.02800922848349e-12,-24.028395191514505,-31.176036852010878,-23.949095431147292,2.148691384637368e-11,(5e-05+0j),0.6228809365782347,2.7631064383760213e-12,1.3183174659771372e-29,2.7631064383760213e-12,-25.586023851851817,-198.79979994051612,-25.586023851851817,1.749148091403699e-11,(-4.114228381986473e-05+9.127397739440105e-06j),-1.1640683028170768,3.3150210691240776e-12,-3.3633254872206694e-13,3.332039056203637e-12,-24.795137070253475,-34.73231101622715,-24.77289916690726,1.9362412458412436e-11,(-4.563281252314426e-05+4.951830437813693e-06j),-0.28141056860124314,3.3185895448609777e-12,3.3713887848411637e-13,3.335670725753086e-12,-24.790464593796795,-34.72191162229797,-24.768168264534587,1.936231718078926e-11,(4.568875008380741e-05-4.951063429324808e-06j),-0.281453309812227
710.0,3.748915940503084e-12,7.773391255644629e-13,3.8286586221667044e-12,-24.260942973711785,-31.093894725375158,-24.1695335528164,2.0423637386107668e-11,(5e-05+0j),0.18206190935547525,2.598278104474563e-12,-1.4731613542350203e-31,2.598278104474563e-12,-25.853143664366964,-210.0,-25.853143664366964,1.6961747346662757e-11,(-3.758999763744732e-05+1.6032437925715614e-05j),-1.431188115332224,3.1277699228143054e-12,-3.4800766549864313e-13,3.1470707054827383e-12,-25.0476520092138,-34.58411189826129,-25.020934996492063,1.864360649860026e-11,(-4.414490583161521e-05+8.854721249201871e-06j),-0.6100013549191452,3.1311351299949143e-12,3.4879633714647954e-13,3.1505025134246552e-12,-25.042981891876977,-34.574280844201596,-25.01620169574954,1.8643507318257122e-11,(4.419964652265919e-05-8.85896274398675e-06j),-0.6100475622774835
720.0,3.5588759088735884e-12,7.321091477121636e-13,3.6333980705291073e-12,-24.48687154741588,-31.354241665981547,-24.39687018772682,1.9382188062993983e-11,(5e-05+0j),-0.27254385006364,2.4485096776276445e-12,-4.79645333247887e-31,2.4485096776276445e-12,-26.110981751123845,-210.0,-26.110981751123845,1.6465642641414126e-11,(-3.319438080821898e-05+2.1723502924889707e-05j),-1.6890262020891058,2.9571079324554816e-12,-3.47105852669575e-13,2.977409914195324e-12,-25.29132823727389,-34.595380634802105,-25.261613698484545,1.795225307558258e-11,(-4.2497294124773626e-05+1.2285322474037621e-05j),-0.9382206746166637,2.960289579793853e-12,3.4786576753939683e-13,2.9806584823595336e-12,-25.28665803550796,-34.585883068092535,-25.256877816739966,1.7952151099446818e-11,(4.255056258996562e-05-1.2294027363387375e-05j),-0.9382700141604496
730.0,3.39937283247346e-12,6.402763476300536e-13,3.459145769621904e-12,-24.686012007578682,-31.93632541098649,-24.610311362774816,1.8452804672941082e-11,(5e-05+0j),-0.6993522200066313,2.3235570375631272e-12,2.3794379064666028e-29,2.3235570375631272e-12,-26.3384666220173,-196.23525624015372,-26.3384666220173,1.60400028832743e-11,(-2.8315966500471214e-05+2.6299523447410583e-05j),-1.916511072982558,2.8149639909477048e-12,-3.365189211506481e-13,2.835007452304954e-12,-25.50527156277194,-34.729905120631884,-25.474457951517927,1.7334048112505207e-11,(-4.083260196023636e-05+1.535402662610617e-05j),-1.2425999600733086,2.817994386694379e-12,3.372436105735197e-13,2.8381024675500515e-12,-25.500598763189565,-34.72056269733002,-25.46971928720612,1.733394429343991e-11,(4.0884312707158755e-05-1.5366760728905872e-05j),-1.2426519827536502
740.0,3.2783007403192354e-12,5.15888019250948e-13,3.318643727847916e-12,-24.84351208218207,-32.87444557867378,-24.790393686624263,1.770344809133547e-11,(5e-05+0j),-1.059442675085027,2.22831129104633e-12,-2.891796648630679e-30,2.22831129104633e-12,-26.520241391086277,-205.38832249926142,-26.520241391086277,1.5707812318808372e-11,(-2.3171127716250192e-05+2.9922125190175835e-05j),-2.0982858420515385,2.7075183296511195e-12,-3.1850176476838906e-13,2.7261876090169157e-12,-25.674285945588228,-34.96888156964267,-25.644442604759593,1.6818230470354208e-11,(-3.9220787918492184e-05+1.8195855006304558e-05j),-1.5049939216018116,2.7104362372798938e-12,3.1918787953587635e-13,2.729165714793185e-12,-25.669608049940543,-34.95953608394702,-25.639700931922405,1.6818125642051042e-11,(3.9270960807922984e-05-1.8212336412905485e-05j),-1.5050480610614612
750.0,3.1990288692598647e-12,3.719867290293885e-13,3.2205837720717703e-12,-24.94981840658724,-34.29472553699054,-24.92065399729516,1.718047409140486e-11,(5e-05+0j),-1.3198970348533776,2.1643668226963595e-12,-1.6572539592095136e-29,2.1643668226963595e-12,-26.646691319332877,-197.80610934771863,-26.646691319332877,1.5480793128294766e-11,(-1.785550058142271e-05+3.2746155366264045e-05j),-2.224735770298138,2.6370023522656193e-12,-2.9444678595506344e-13,2.653390343619588e-12,-25.788894828059124,-35.30993181876147,-25.761988557055826,1.6420914920849964e-11,(-3.766935531412131e-05+2.0943009339782626e-05j),-1.7126528941435668,2.6398488213480114e-12,2.950926135051351e-13,2.6562909197069843e-12,-25.78420943559827,-35.30041661235754,-25.757243623219193,1.6420809851790507e-11,(3.7718039035134304e-05-2.0963114660757982e-05j),-1.7127084708991205
760.0,3.1620885099605727e-12,2.2019758344406563e-13,3.169746160275185e-12,-25.00025977904921,-36.571874514980834,-24.98975515575885,1.6909374111660054e-11,(5e-05+0j),-1.458049257342378,2.131317225518717e-12,-2.5512796506998364e-29,2.131317225518717e-12,-26.713519050305237,-195.9324193492242,-26.713519050305237,1.5362143606087654e-11,(-1.238081289390097e-05+3.487975761049018e-05j),-2.2915635012705,2.6032082872779682e-12,-2.649153110980437e-13,2.616653112089347e-12,-25.844910818344744,-35.76892940407073,-25.82253847666148,1.6148650218282304e-11,(-3.613577663440835e-05+2.37095391462076e-05j),-1.8578753579556497,2.6060241121714633e-12,2.6551954967824437e-13,2.6195156621941395e-12,-25.840215703062555,-35.759034971632495,-25.817790005433285,1.6148545668482352e-11,(3.6182984843122364e-05-2.3733288974274835e-05j),-1.8579315924366409
770.0,3.1661593773030578e-12,7.105689583303763e-14,3.166956628204673e-12,-24.99467227521318,-41.483937688707414,-24.993578842947635,1.6894547922697698e-11,(5e-05+0j),-1.4656684116645735,2.127497692645696e-12,-2.541652240708471e-30,2.127497692645696e-12,-26.721309022524395,-205.94883871670734,-26.721309022524395,1.5348372187223327e-11,(-6.7121812951115495e-06+3.636438325309334e-05j),-2.299353473489654,2.6043566669493937e-12,-2.297883547830169e-13,2.6144743901361208e-12,-25.842995393508378,-36.38671984270993,-25.82615607908542,1.6000943632337044e-11,(-3.453715243391119e-05+2.6581924999703646e-05j),-1.9376880073703961,2.607180760295175e-12,2.3034918328051106e-13,2.617336864656769e-12,-25.838288574096158,-36.3761332323069,-25.821403778391034,1.600084040341431e-11,(3.4582810232583935e-05-2.6609456167943465e-05j),-1.9377440439356906
780.0,3.2083123960634675e-12,-6.547839680806229e-14,3.208980500280901e-12,-24.937233507117288,-41.83901962521177,-24.936329219341417,1.7118740202671723e-11,(5e-05+0j),-1.3511638923907574,2.150178767358054e-12,-5.568562422230637e-31,2.150178767358054e-12,-26.67525431038054,-210.0,-26.67525431038054,1.5429969144383378e-11,(-8.037389641073627e-07+3.716649341387567e-05j),-2.253298761345801,2.6373137354711052e-12,-1.8848047210541717e-13,2.644040209162795e-12,-25.78838203358186,-37.247336390718935,-25.777319446157687,1.5971421704454782e-11,(-3.275741110682811e-05+2.9610014971534062e-05j),-1.9537283770873068,2.6401817004845654e-12,1.8899489914746326e-13,2.6469375669776064e-12,-25.783661834323087,-37.235499170013796,-25.772563022335525,1.597132067670027e-11,(3.2801309074786076e-05-2.9641540415553307e-05j),-1.9537833201423265
790.0,3.283630189364207e-12,-1.7975688412785677e-13,3.2885467547072178e-12,-24.83645760128145,-37.45314468502847,-24.829959792062752,1.754316918718229e-11,(5e-05+0j),-1.1384388782007386,2.195326386293742e-12,1.0099754770858494e-29,2.195326386293742e-12,-26.585009026524894,-199.95689171064475,-26.585009026524894,1.5591120273003392e-11,(5.364849800129796e-06+3.717828410474355e-05j),-2.163053477490151,2.6972884613994576e-12,-1.4022304094107117e-13,2.7009308664253912e-12,-25.690726054585266,-38.53180618813014,-25.68486531959983,1.6047802804789173e-11,(-3.0655597777464366e-05+3.279509267788502e-05j),-1.9122883312060242,2.700230785805983e-12,1.4068654654497438e-13,2.703893304291637e-12,-25.685991155748326,-38.517474309279734,-25.680104496651683,1.6047704954746854e-11,(3.069735461727646e-05-3.2830845305197064e-05j),-1.9123412928027073
800.0,3.3844447538288478e-12,-2.6274399837687316e-13,3.3946282123971507e-12,-24.705125707388614,-35.80467195381832,-24.69207783723999,1.8109020326952623e-11,(5e-05+0j),-0.8627007889497701,2.2571176098592334e-12,1.4478729205854766e-30,2.2571176098592334e-12,-26.464458108902768,-208.3926955437535,-26.464458108902768,1.5809017043727268e-11,(1.1749080476962172e-05+3.623085235653953e-05j),-2.0425025598680273,2.7772354023393263e-12,-8.444990951674174e-14,2.7785190780745532e-12,-25.563873072846256,-40.73400811414474,-25.561866168832598,1.6211199231984915e-11,(-2.808068310007137e-05+3.6075266958821466e-05j),-1.8242970492900337,2.7802749390185237e-12,8.48564599624123e-14,2.7815695848444647e-12,-25.559122549472093,-40.71315090067148,-25.557100711047926,1.621110562198497e-11,(2.8119724613908772e-05-3.611542343899707e-05j),-1.8243472052633494
810.0,3.4996285534263688e-12,-3.0719278119394747e-13,3.513085170725983e-12,-24.559780487234267,-35.12588994123828,-24.543113211080797,1.874087801431021e-11,(5e-05+0j),-0.5648012368469655,2.3275261688115364e-12,-2.2315526176365674e-29,2.3275261688115364e-12,-26.331054274651766,-196.5139286850089,-26.331054274651766,1.6053696911554647e-11,(1.8201260078691833e-05+3.4127362929616746e-05j),-1.909098725617028,2.867347990645445e-12,-2.1294910015569372e-14,2.867427064922671e-12,-25.42519596468981,-46.71724190754554,-25.42507619879863,1.6435632033309687e-11,(-2.4898317224134423e-05+3.9313272397842124e-05j),-1.7048717220475744,2.8704968108831217e-12,2.1637481814820376e-14,2.8705783601757783e-12,-25.42042931296495,-46.64793284118352,-25.42030593395753,1.643554376279949e-11,(2.4933886652193896e-05-3.935785831723616e-05j),-1.704918371301293
820.0,3.6146361420331435e-12,-3.0968687064914527e-13,3.6278782224800087e-12,-24.41935413296241,-35.09077206414267,-24.403472993938,1.935319351734848e-11,(5e-05+0j),-0.2855471282214083,2.3964508169208034e-12,1.0034991303522356e-29,2.3964508169208034e-12,-26.20431479736698,-199.98482999542603,-26.20431479736698,1.6289660506279213e-11,(2.444664793361758e-05+3.070206932121477e-05j),-1.7823592483322392,2.955225986230614e-12,4.78791232324912e-14,2.9556138178277313e-12,-25.29409302999211,-43.198538110387545,-25.293523117328725,1.668898530399682e-11,(-2.103086237601849e-05+4.229748386986703e-05j),-1.5720012686957339,2.9584823450196343e-12,-4.760740192804469e-14,2.958865365391135e-12,-25.289310180663435,-43.223255185696246,-25.288747957038353,1.6688903415048893e-11,(2.1062080180103147e-05-4.234627479717903e-05j),-1.5720438884294288
830.0,3.713076955344287e-12,-2.7298384327215937e-13,3.7230982601855195e-12,-24.30266049714041,-35.638630562024275,-24.29095501709829,1.9861112310336506e-11,(5e-05+0j),-0.0605285681447244,2.452884080615569e-12,-2.1100909238832303e-29,2.452884080615569e-12,-26.103229753723156,-196.75698830536436,-26.103229753723156,1.6480344485454313e-11,(3.0096092303923353e-05+2.5898739283875232e-05j),-1.6812742046884135,3.027332320833306e-12,1.2013964686447352e-13,3.0297152532062634e-12,-25.189399024057323,-39.20313648941318,-25.185981866040766,1.6936577435874083e-11,(-1.650188713711816e-05+4.47693513337134e-05j),-1.4440868711787302,3.0306791817495023e-12,-1.199438133034182e-13,3.0330517339866785e-12,-25.18460034259274,-39.210221480086076,-25.181201819764034,1.6936502776053928e-11,(1.65278691980324e-05-4.482180174480039e-05j),-1.4441251604015706
840.0,3.780092593523382e-12,-2.0736936975930496e-13,3.785776283818776e-12,-24.224975619713057,-36.83255392242614,-24.218450537567186,2.019546134903853e-11,(5e-05+0j),0.0844756612555716,2.4872412997045723e-12,2.2738497353500035e-30,2.4872412997045723e-12,-26.042820796087668,-206.43238238533314,-26.042820796087668,1.659536211682843e-11,(3.4712409350599325e-05+1.9840430934374302e-05j),-1.6208652470529281,3.0718866781315934e-12,1.9113510872815767e-13,3.0778272194960654e-12,-25.12594809464057,-37.18659532063534,-25.117557638825776,1.7147553197756537e-11,(-1.1463428106637451e-05+4.648238974937118e-05j),-1.3365567359348858,3.075293449622512e-12,-1.9101654700916366e-13,3.081220070446516e-12,-25.12113436808518,-37.189290099067044,-25.112772818948986,1.714748626308918e-11,(1.1483445282079348e-05-4.653763093120187e-05j),-1.3365906409627117
850.0,3.806598012541628e-12,-1.295890156743152e-13,3.808803190251408e-12,-24.194629834831794,-38.87431808914532,-24.1921146776858,2.0318323190865934e-11,(5e-05+0j),0.1371573686011612,2.4941474562305287e-12,-6.618759760730502e-30,2.4941474562305287e-12,-26.03077874219878,-201.7922338209091,-26.03077874219878,1.661838576175189e-11,(3.792038857631103e-05+1.2847923972540198e-05j),-1.6088231931640429,3.0823241914556626e-12,2.558973286727297e-13,3.0929283638737326e-12,-25.11121685164712,-35.91934247714801,-25.09630138688909,1.7302398255899382e-11,(-6.18103762666933e-06+4.727703102456864e-05j),-1.2584738309161172,3.085752388040381e-12,-2.558524983861491e-13,3.0963411151272318e-12,-25.106389262385736,-35.92010337808454,-25.091512003609715,1.7302339056203993e-11,(6.194666804140173e-06-4.733396305458223e-05j),-1.2585035495073105
860.0,3.792324750071527e-12,-5.903479380601889e-14,3.792784217021157e-12,-24.21094479581562,-42.288919493051516,-24.210418649225108,2.0232927483024765e-11,(5e-05+0j),0.10057458617107184,2.474282335113996e-12,-4.257569663450252e-30,2.474282335113996e-12,-26.06550745456279,-203.70838237269172,-26.06550745456279,1.6552073279991068e-11,(3.9513298178913024e-05+5.380405635166611e-06j),-1.6435519055280587,3.059584887186532e-12,3.1005721064716193e-13,3.075255299284032e-12,-25.14337492941177,-35.08558164307807,-25.121188244518528,1.739828842710054e-11,(-9.702141299941665e-07+4.71356439794106e-05j),-1.2104693881185942,3.0629964845901157e-12,-3.100775200787357e-13,3.078651577082016e-12,-25.138535016341685,-35.085297179924204,-25.116394591036084,1.7398236418841875e-11,(9.77418322335782e-07-4.719310379101298e-05j),-1.2104953526651714
870.0,3.745886388518811e-12,-1.2715672444859123e-14,3.745907970574854e-12,-24.264453987674017,-48.95660668019174,-24.26442896571693,1.9982952027142833e-11,(5e-05+0j),-0.0074069978456334975,2.434166633673518e-12,1.3273030997454642e-30,2.434166633673518e-12,-26.136496949605835,-208.77029891366234,-26.136496949605835,1.641734503524608e-11,(3.949846947048628e-05-2.0807624834818305e-06j),-1.7145414005710966,3.011850552773539e-12,3.5088120007904114e-13,3.0322205343297807e-12,-25.211665815138417,-34.548399002960146,-25.1823921552037,1.7449492823630912e-11,(3.889912791123682e-06+4.6185941644045764e-05j),-1.1849437425039524,3.0152161992196997e-12,-3.5095409376000743e-13,3.0355720225294935e-12,-25.206815423093044,-34.547496873249635,-25.177594585195568,1.744944693200959e-11,(-3.888810111459243e-06-4.624288666379246e-05j),-1.1849665861525491
880.0,3.681913057415415e-12,-1.4292405772368291e-15,3.681913334815848e-12,-24.339264708918982,-58.44894662340934,-24.33926438171551,1.9641677797475443e-11,(5e-05+0j),-0.15702826150809374,2.384041690322242e-12,-1.59445022260186e-30,2.384041690322242e-12,-26.22686154251186,-207.9738903451872,-26.22686154251186,1.6247430802464406e-11,(3.806032223560226e-05-9.145860162353503e-06j),-1.804905993477123,2.9519204337622944e-12,3.7761175759633484e-13,2.9759746112388736e-12,-25.298953526903503,-34.22954491652274,-25.263707781819026,1.7482765909931833e-11,(8.22333623910569e-06+4.465223707392193e-05j),-1.1683970631074945,2.955224818852676e-12,-3.777224776278438e-13,2.9792663526559937e-12,-25.294094745549224,-34.2282717027103,-25.258906682123587,1.7482724624274862e-11,(-8.227765377713538e-06-4.470787767102845e-05j),-1.1684175749123973
890.0,3.617038998685889e-12,-2.8552357096228996e-14,3.6171516909179203e-12,-24.4164680867748,-45.44358033420568,-24.41633278037598,1.9296318479276752e-11,(5e-05+0j),-0.3111107451946924,2.3351108941837537e-12,4.543502390456669e-29,2.3351108941837537e-12,-26.3169249000644,-193.42609239117598,-26.3169249000644,1.60798327822978e-11,(3.547044887528094e-05-1.557645592219175e-05j),-1.8949693510296628,2.8937987613173063e-12,3.9106142550024567e-13,2.9201027909160766e-12,-25.385316735930065,-34.07755020965807,-25.346018606262678,1.7530326165815305e-11,(1.197838003812265e-05+4.278474359203876e-05j),-1.1447999819388193,2.8970421705598794e-12,-3.911946795074254e-13,2.9233348448778862e-12,-25.38045182977751,-34.07607060521142,-25.341214367965108,1.75302876660425e-11,(-1.1987674738052525e-05-4.2838591311656614e-05j),-1.1448190577473207
900.0,3.5666815879532865e-12,-9.107184432311314e-14,3.5678441152429e-12,-24.477356601506525,-40.40615868307868,-24.475941288947816,1.903339051390511e-11,(5e-05+0j),-0.43027674835714524,2.297424314669428e-12,4.0211465998885905e-29,2.297424314669428e-12,-26.387587869115336,-193.9565009343226,-26.387587869115336,1.5949547989735375e-11,(3.199515915607688e-05-2.128048698263825e-05j),-1.9656323200805959,2.8500823762513854e-12,3.928173155351576e-13,2.8770253726380294e-12,-25.451425873478406,-34.05809376598875,-25.41056308026915,1.7623485849757187e-11,(1.5208331484405769e-05+4.080086012720667e-05j),-1.09876363018763,2.853279259332824e-12,-3.9295832084704675e-13,2.8802115848773677e-12,-25.44655720508361,-34.056535106577726,-25.405756071124998,1.7623448121083577e-11,(-1.5221862496671772e-05-4.085270110031619e-05j),-1.0987822251153723
910.0,3.543434469063688e-12,-1.814885899257209e-13,3.5480791908893305e-12,-24.505755945060187,-37.411506735924064,-24.500066955532635,1.8928034373787653e-11,(5e-05+0j),-0.47848959379361844,2.2788902815774877e-12,-1.841955735434165e-29,2.2788902815774877e-12,-26.422765836623242,-197.3472081066885,-26.422765836623242,1.588508274084374e-11,(2.783396057821464e-05-2.6265945662790252e-05j),-2.000810287588499,2.8307468897407273e-12,3.844646543139031e-13,2.8567360788482914e-12,-25.480989611906,-34.1514358080931,-25.441298803012874,1.778850367910171e-11,(1.8033988531101944e-05+3.8853767299026964e-05j),-1.017811554456743,2.8339229868730365e-12,-3.845994302446871e-13,2.859901434887561e-12,-25.476119560753368,-34.1499136347188,-25.436489343611953,1.7788464590151665e-11,(-1.8051255238981643e-05-3.89035920448329e-05j),-1.0178306410918714
920.0,3.5567669820298706e-12,-2.8940395148919184e-13,3.5685215442246435e-12,-24.48944586243372,-35.38495543368206,-24.47511676934337,1.9037127653468954e-11,(5e-05+0j),-0.42857147175569993,2.2851488355467046e-12,-4.1402507601500773e-29,2.2851488355467046e-12,-26.410855083505453,-193.82973354422234,-26.410855083505453,1.5906880517579496e-11,(2.3095055725113887e-05-3.05820456069619e-05j),-1.9888995344707114,2.843001054363821e-12,3.6704496713431226e-13,2.86659676323902e-12,-25.462229792457855,-34.35280726532678,-25.42633393839948,1.804446422757187e-11,(2.0607890480022555e-05+3.702442557969923e-05j),-0.8937200811446053,2.846190290479869e-12,-3.6716002875380473e-13,2.8697744957289547e-12,-25.457360672374463,-34.35144604803425,-25.42152228390848,1.8044421568275245e-11,(-2.0628569559839707e-05-3.7072344209434576e-05j),-0.8937406156628838
930.0,3.6132393076123894e-12,-4.022713852522082e-13,3.6355633073112606e-12,-24.421032738225726,-33.95480858974971,-24.394282884354475,1.9394761043529138e-11,(5e-05+0j),-0.26691124988785453,2.3197536072257835e-12,1.2672337469200914e-29,2.3197536072257835e-12,-26.345581412750057,-198.97143270172177,-26.345581412750057,1.6026869566844608e-11,(1.7798744147691653e-05-3.426483909490888e-05j),-1.9236258637153179,2.89152020412238e-12,3.407725168191903e-13,2.9115313838369003e-12,-25.388737687734228,-34.67535438186636,-25.358785242048558,1.8402040489936282e-11,(2.308836884988694e-05+3.532529925275468e-05j),-0.7232802744076932,2.894761803152355e-12,-3.40854223924486e-13,2.914760281559538e-12,-25.38387166593726,-34.67431319779857,-25.35397157089144,1.8401991980831574e-11,(-2.3112330496331496e-05-3.537145778326281e-05j),-0.7233031710688281
940.0,3.716463807368222e-12,-5.053767576411079e-13,3.7506677936924434e-12,-24.298700921996037,-32.96384735230355,-24.258914007267652,2.000873899314657e-11,(5e-05+0j),0.0037944675656522084,2.3841549299919135e-12,7.972676671193635e-30,2.3841549299919135e-12,-26.226655261741175,-200.9839584819358,-26.226655261741175,1.6247816666490453e-11,(1.1899260501861206e-05-3.729159142314919e-05j),-1.804699712706441,2.9784235441494684e-12,3.0495989475022745e-13,2.9939952147172762e-12,-25.260135437203047,-35.15757270928321,-25.23748898122406,1.8861879330815375e-11,(2.5621810713988337e-05+3.370592489964581e-05j),-0.5089006708731068,2.9817591057295625e-12,-3.049937199615925e-13,2.997316889122198e-12,-25.25527445818742,-35.15709102994545,-25.23267339162519,1.8861822624522718e-11,(-2.564911226815703e-05-3.3750426010461215e-05j),-0.5089267841427104
950.0,3.86622976381814e-12,-5.814942892757426e-13,3.909714592536593e-12,-24.127123401177958,-32.3545454602274,-24.07854944755162,2.08570866321493e-11,(5e-05+0j),0.36447298737582856,2.477125835397425e-12,-7.656333771569872e-30,2.477125835397425e-12,-26.0605193114907,-201.15979142107992,-26.0605193114907,1.656158155434734e-11,(5.32271886054623e-06-3.954320410625223e-05j),-1.6385637624559641,3.1025384020338502e-12,2.5813774849632187e-13,3.1132586839666096e-12,-25.082828342649528,-35.88148482225145,-25.067847918289875,1.9411698249155775e-11,(2.8326688940770995e-05+3.205604393269994e-05j),-0.25932927972757863,3.106008171710238e-12,-2.581077560409708e-13,3.1167140350791375e-12,-25.077974060047573,-35.881989448742445,-25.063030433068803,1.941163095147328e-11,(-2.8357548367462678e-05-3.2098869388726574e-05j),-0.2593593925620558
960.0,4.056458159832783e-12,-6.110178723282521e-13,4.102218380678741e-12,-23.918529991752088,-32.13946086418624,-23.86981223782559,2.1883881806320078e-11,(5e-05+0j),0.7818872969284396,2.5934614950046876e-12,-1.879082901489032e-30,2.5934614950046876e-12,-25.86120195571352,-207.26054059247528,-25.86120195571352,1.694601846639719e-11,(-1.9738866078105945e-06-4.07781353894e-05j),-1.43924640667878,3.257720996940753e-12,1.984414218620859e-13,3.263759349556781e-12,-24.870861129917863,-37.023676698406206,-24.862818710617294,2.0021886338139995e-11,(3.127198952273197e-05+3.020851846318363e-05j),0.009499918869870349,3.2613583083076043e-12,-1.9833034894187075e-13,3.2673831949250216e-12,-24.86601484919158,-37.02610824022183,-24.857999289826868,2.002180608250304e-11,(-3.130673178976334e-05-3.0249452212436457e-05j),0.009465102320083057
970.0,4.2721773656079185e-12,-5.737831784920235e-13,4.310536692702317e-12,-23.693507252431253,-32.41252188043972,-23.65468653698141,2.299502762108114e-11,(5e-05+0j),1.2120787982121504,2.722151911266999e-12,2.910341211672546e-30,2.722151911266999e-12,-25.650876424008334,-205.3605609085621,-25.650876424008334,1.736136836847769e-11,(-9.917079983344758e-06-4.063372142109747e-05j),-1.2289208749735978,3.4304588939261574e-12,1.2441247007172242e-13,3.4327141864166933e-12,-24.646477803159993,-39.0513608739506,-24.64362355161335,2.0640736079515697e-11,(3.444565364215191e-05+2.795133348329555e-05j),0.27390370316086043,3.434282020831233e-12,-1.2420293794740595e-13,3.4365272250339327e-12,-24.641640437523712,-39.05868131057541,-24.638802111510593,2.0640640690585535e-11,(-3.448461641374742e-05-2.798989537901087e-05j),0.27386356216824237
980.0,4.486876714502798e-12,-4.5394283422591806e-13,4.509781230602265e-12,-23.480558633723668,-33.42998835123977,-23.458445252277343,2.4057777903614765e-11,(5e-05+0j),1.6045103117469033,2.8449928133765053e-12,-3.106930596295242e-29,2.8449928133765053e-12,-25.459188263215886,-195.07668448059042,-25.459188263215886,1.774877402056391e-11,(-1.821461967678986e-05-3.868604711521115e-05j),-1.0372327141811428,3.5979508562357727e-12,3.630530750139697e-14,3.5981340218563983e-12,-24.439447729002456,-44.400298804714645,-24.43922664262097,2.1192668933525688e-11,(3.771833678149099e-05+2.50638700502309e-05j),0.5031131615808491,3.6019528451240276e-12,-3.5982660135013925e-14,3.6021325697879955e-12,-24.434619770346643,-44.439067331735515,-24.434403078218928,2.1192556700475557e-11,(-3.776172640089864e-05-2.509928964804391e-05j),0.5030671623500989
990.0,4.663299609002351e-12,-2.4811627102966067e-13,4.669895601324632e-12,-23.313066809734696,-36.053447545238825,-23.30692828272309,2.4911819113977838e-11,(5e-05+0j),1.907508922731076,2.937628777481008e-12,-5.345217344997523e-29,2.937628777481008e-12,-25.320030860398575,-192.72034630995142,-25.320030860398575,1.803541874116418e-11,(-2.6284655846129505e-05-3.459800032540443e-05j),-0.898075311363839,3.729204783647053e-12,-6.237995365106166e-14,3.729726474822727e-12,-24.283837673584703,-42.04954952263961,-24.28323016671442,2.158511960122364e-11,(4.08258486798754e-05+2.138898200536604e-05j),0.6624892744396769,3.733344629830138e-12,6.28232580490978e-14,3.73387317497976e-12,-24.279019179426584,-42.01879544600135,-24.27840437415827,2.1584989630527003e-11,(-4.087356482232877e-05-2.1420259259995408e-05j),0.6624369738480287
1000.0,4.761237546293885e-12,2.636335842162154e-14,4.761310533761255e-12,-23.222801502896044,-45.78999265888634,-23.22273492816403,2.539943528097059e-11,(5e-05+0j),2.075881303304403,2.9751263841562213e-12,-2.3145347753582064e-29,2.9751263841562213e-12,-25.264945805990273,-196.3553628965641,-25.264945805990273,1.8150161043538725e-11,(-3.3304259081548626e-05-2.8334029965514645e-05j),-0.8429902569555326,3.791921401162306e-12,-1.6409310037154057e-13,3.795470255209788e-12,-24.211406732842,-37.84909679358623,-24.20734407755255,2.1728805816773728e-11,(4.340862302986845e-05+1.6926245458047924e-05j),0.7201172625217709,3.796122923783719e-12,1.646529501993042e-13,3.799692072587671e-12,-24.20659732952697,-37.834304833316686,-24.202515972238867,2.1728658348353686e-11,(-4.3460119834682895e-05-1.695233210981166e-05j),0.7200583131814806
1010.0,4.752059970846716e-12,3.300936606774213e-13,4.763510868187781e-12,-23.231180872096363,-34.81362816049123,-23.220728395807242,2.541120470999322e-11,(5e-05+0j),2.0799051834775355,2.9414555338550304e-12,1.4888337723586747e-29,2.9414555338550304e-12,-25.314377124804636,-198.27153788330634,-25.314377124804636,1.804716200364943e-11,(-3.843666243141306e-05-2.0321490041278387e-05j),-0.8924215757699003,3.764563770989307e-12,-2.584241334725575e-13,3.7734233023351985e-12,-24.242853415956553,-35.87666931294024,-24.23264472944642,2.156788927988533e-11,(4.51272727425967e-05+1.1888779348644946e-05j),0.6555529943791749,3.768727773977891e-12,2.5908279480703937e-13,3.777622655707869e-12,-24.238052317541733,-35.86561426722635,-24.22781425643523,2.156772578730002e-11,(-4.518155546909545e-05-1.1908845990302048e-05j),0.6554871518705935
1020.0,4.632129898236967e-12,6.123360666145362e-13,4.672427939799369e-12,-23.342192702442407,-32.13010159851588,-23.304573877744534,2.492543110807832e-11,(5e-05+0j),1.9122536580816019,2.837469231120495e-12,2.3289592143255495e-29,2.837469231120495e-12,-25.47068839165177,-196.3283811693911,-25.47068839165177,1.7725290171944998e-11,(-4.115306264593783e-05-1.1398526585379895e-05j),-1.0487328426170284,3.646847305768054e-12,-3.354391433460843e-13,3.6622417575136225e-12,-24.380824203030627,-34.74386259716531,-24.362529897753006,2.110428672482644e-11,(4.5805907954195165e-05+6.6572719589225924e-06j),0.4668136588822248,3.650875099814451e-12,3.361680260204913e-13,3.666319399092732e-12,-24.3760302445625,-34.73443596022128,-24.35769703252369,2.1104109678803695e-11,(-4.5861713172816904e-05-6.670937186715126e-06j),0.4667407917588345
1030.0,4.424646190697969e-12,8.292451650777624e-13,4.501682069700491e-12,-23.54121451196852,-30.813170519594234,-23.466251802040823,2.4014770493364842e-11,(5e-05+0j),1.588968896483172,2.6809172977996005e-12,2.4685700112227718e-30,2.6809172977996005e-12,-25.71716583131355,-206.07554551224862,-25.71716583131355,1.7229373332187603e-11,(-4.143051970685116e-05-2.5285747252851675e-06j),-1.2952102822788112,3.4602644978104814e-12,-3.892236013907193e-13,3.4820863583040533e-12,-24.608907030716146,-34.09800833246993,-24.581604622623875,2.039855876196441e-11,(4.550351587856928e-05+1.6367906608936976e-06j),0.17138976480957124,3.4640817186847694e-12,3.899899298127206e-13,3.4859653324554674e-12,-24.604118714020203,-34.08946607033068,-24.576769362157435,2.0398371126782546e-11,(-4.555959901434914e-05-1.6441823953002766e-06j),0.17130986769543366
1040.0,4.168309380985511e-12,9.573610233880088e-13,4.276837993741913e-12,-23.800400542314797,-30.18924257731534,-23.68877200469513,2.2815588516251063e-11,(5e-05+0j),1.1440335997937474,2.498247597073671e-12,-4.119123555745668e-30,2.498247597073671e-12,-26.023645216407886,-203.85195180907442,-26.023645216407886,1.6632039674244306e-11,(-3.968524946106805e-05+5.528124782106453e-06j),-1.601689667373146,3.2379878147329187e-12,-4.191880282439253e-13,3.2650089879481023e-12,-24.897247899261323,-33.77591129034457,-24.861156188572405,1.9546183831765523e-11,(4.446262096218415e-05-2.888380797285136e-06j),-0.19936033345941753,3.241556943311746e-12,4.1996185966696943e-13,3.268647943769339e-12,-24.892463448928346,-33.767901498123756,-24.856318534520533,1.9545988525356967e-11,(-4.4517999494074705e-05+2.886750535335723e-06j),-0.1994471237198742
1050.0,3.902055693155757e-12,9.950233259697205e-13,4.026923149466985e-12,-24.087065363106408,-30.021667381274476,-23.950266584682804,2.1482717724652485e-11,(5e-05+0j),0.6211845268599523,2.314645119832083e-12,1.0928349034799794e-30,2.314645119832083e-12,-26.355155853428094,-209.61445442737684,-26.355155853428094,1.6009212910304075e-11,(-3.652795388673794e-05+1.237688680055481e-05j),-1.93320030439336,3.012184521608696e-12,-4.2872028858865984e-13,3.0425411547038364e-12,-25.211184274707147,-33.678259636234756,-25.16763538606558,1.8646122977347755e-11,(4.298817293891246e-05-6.813275398863196e-06j),-0.608829029079422,3.015503451051443e-12,4.2947872081155257e-13,3.045933852685099e-12,-25.206401701703985,-33.670583490924805,-25.162795322953745,1.8645922506068136e-11,(-4.304222736703863e-05+6.816724235373958e-06j),-0.6089224147539173
1060.0,3.655330289445278e-12,9.550207001724049e-13,3.778029124119333e-12,-24.370733748202955,-30.199872149364424,-24.22734698506413,2.015532657836115e-11,(5e-05+0j),0.06719687580328915,2.1482180049955044e-12,-1.6250088698295301e-29,2.1482180049955044e-12,-26.679216477572364,-197.89144264157412,-26.679216477572364,1.5422932193856196e-11,(-3.253057451288375e-05+1.7952129465702187e-05j),-2.257260928537625,2.8063830750633627e-12,-4.227742367844151e-13,2.8380493334843108e-12,-25.518530474805132,-33.73891485799977,-25.469800595220292,1.7779047631214622e-11,(4.134421830500559e-05-1.0181933386738217e-05j),-1.0224300444718728,2.80947541142208e-12,4.235021844630366e-13,2.8412156179407132e-12,-25.51374764505347,-33.73144345196802,-25.464958067105176,1.7778843961856964e-11,(-4.139666111832956e-05+1.018979848775783e-05j),-1.0225295469723892
1070.0,3.4459599730462923e-12,8.558464770045081e-13,3.5506497050593757e-12,-24.6268977145737,-30.67604132717107,-24.496921715913373,1.8942719731659473e-11,(5e-05+0j),-0.4717532397295587,2.009187145049829e-12,-9.140859519575697e-30,2.009187145049829e-12,-26.969796091566174,-200.3901296541954,-26.969796091566174,1.4915505223745246e-11,(-2.81074182030038e-05+2.2386060974843364e-05j),-2.547840542531436,2.6341903763323787e-12,-4.0597558025289453e-13,2.6652908116233383e-12,-25.793528412182397,-33.91500088788253,-25.7425539789714,1.7000159197581034e-11,(3.970779493417906e-05-1.3121943368830652e-05j),-1.411540146529144,2.637094471337009e-12,4.0666435497732774e-13,2.6682659440852862e-12,-25.78874311751711,-33.90763892791088,-25.737708867896938,1.699995380717159e-11,(-3.975857376921647e-05+1.3133696349528337e-05j),-1.4116450872644246
1080.0,3.282515726725348e-12,7.158847870707422e-13,3.3596726811638307e-12,-24.83793184503167,-31.45156866470879,-24.737030320413528,1.792429387727536e-11,(5e-05+0j),-0.9517587980234821,1.901791058793127e-12,-4.17035154885166e-29,1.901791058793127e-12,-27.208371987538694,-193.7982733368544,-27.208371987538694,1.4511395333439535e-11,(-2.3498916663017713e-05+2.5883188462674536e-05j),-2.7864164385039514,2.5015568475668643e-12,-3.81727373408487e-13,2.53051426576062e-12,-26.017896233805825,-34.182466959743955,-25.967912100154766,1.6341892991971607e-11,(3.8167868705011546e-05-1.578839743208351e-05j),-1.754552665740807,2.504317415636058e-12,3.8237253044031136e-13,2.533340575266853e-12,-26.013106262912164,-34.17513314896729,-25.963064209412643,1.634168700439758e-11,(-3.821706071724492e-05+1.580368993986822e-05j),-1.754662151013536
1090.0,3.167743592714912e-12,5.50980341811953e-13,3.2153038435347903e-12,-24.992499788425434,-32.58863895875788,-24.927779803337295,1.715446711099796e-11,(5e-05+0j),-1.3330552810552676,1.826666536182867e-12,-1.2785147491062965e-29,1.826666536182867e-12,-27.383407272581376,-198.93294257533202,-27.383407272581376,1.4221893086227643e-11,(-1.880555872069767e-05+2.8639213115120862e-05j),-2.96145172354664,2.409740386974608e-12,-3.520487569523449e-13,2.4353207303942994e-12,-26.18029743556921,-34.533971847918004,-26.134438343394013,1.582017215608116e-11,(3.6742765939490294e-05-1.833095765546108e-05j),-2.0363758091497974,2.4124034213121264e-12,3.526480809945973e-13,2.4380424393737743e-12,-26.175500642767258,-34.526584751136504,-26.129587388220553,1.5819966499207406e-11,(-3.6790489363698034e-05+1.8349623756589806e-05j),-2.0364887235038234
1100.0,3.101297558788893e-12,3.7420194098471827e-13,3.1237915488692066e-12,-25.084565627080583,-34.26893964145559,-25.053179543710165,1.6666546596943286e-11,(5e-05+0j),-1.5836874959198672,1.782642446258311e-12,7.247304767295e-30,1.782642446258311e-12,-27.489357567623763,-201.39823475128327,-27.489357567623763,1.4049468493820002e-11,(-1.4032717315686547e-05+3.0799961368199445e-05j),-3.067402018589023,2.357577434955626e-12,-3.1775229992407513e-13,2.3788942569855825e-12,-26.27534033894284,-34.979112972941124,-26.23624862136046,1.5440278042130072e-11,(3.539826997133842e-05-2.0878966291110165e-05j),-2.247497579974923,2.360187625929217e-12,3.183042274396725e-13,2.381554788535288e-12,-26.27053470899908,-34.97157593419429,-26.23139422934735,1.5440073592468334e-11,(-3.5444616112021354e-05+2.0901003868866275e-05j),-2.2476125933801736
1110.0,3.0813290850460068e-12,1.9660044053685482e-13,3.0875946404231477e-12,-25.11261916682284,-37.06415513347674,-25.10379721608032,1.6473629308954127e-11,(5e-05+0j),-1.6848141287747753,1.7677395868381829e-12,-1.6451209649536312e-29,1.7677395868381829e-12,-27.525817123597708,-197.83802163075464,-27.525817123597708,1.3990618585181148e-11,(-9.130203429533988e-06+3.2443940165773786e-05j),-3.1038615745629707,2.3427619649975793e-12,-2.7871244331171265e-13,2.3592825711847452e-12,-26.302718354063103,-35.54843641473357,-26.272200405654623,1.5200855400726025e-11,(3.405982896744521e-05-2.3535156486151508e-05j),-2.3832393578548254,2.3453615112432853e-12,2.792149207002106e-13,2.361923282065489e-12,-26.29790206152563,-35.54061377579586,-26.267342128684486,1.520065310423805e-11,(-3.410480852506586e-05+2.3560699026652058e-05j),-2.383354952445697
1120.0,3.1050409217398982e-12,2.8201440348272553e-14,3.1051689884637636e-12,-25.079326718259786,-45.49728710144031,-25.079147598158205,1.6567468963445793e-11,(5e-05+0j),-1.635476599653386,1.779499114537663e-12,-3.85392950115628e-30,1.779499114537663e-12,-27.497022237610075,-204.14096234034184,-27.497022237610075,1.4037076321453892e-11,(-4.025120744171397e-06+3.35755381275132e-05j),-3.0750666885753395,2.3622676028925226e-12,-2.3413760798299153e-13,2.3738425910636074e-12,-26.26670906097367,-36.30528822836087,-26.24548082390255,1.509589178762322e-11,(3.261913072105984e-05-2.637037528523976e-05j),-2.44342443326686,2.364895460924679e-12,2.345873078508745e-13,2.3765019979177107e-12,-26.26188052282195,-36.29695488722794,-26.240618162590724,1.5095692753573047e-11,(-3.266262772062125e-05+2.63996560023879e-05j),-2.443538954436936
1130.0,3.1684213334770094e-12,-1.212051134948067e-13,3.1707387823612212e-12,-24.99157071199611,-39.16479057432674,-24.988395353466114,1.6917259134249057e-11,(5e-05+0j),-1.4539998778641248,1.8148102027888077e-12,1.5079846796881827e-30,1.8148102027888077e-12,-27.411687878133257,-208.21603070641765,-27.411687878133257,1.417566297017399e-11,(1.3473480777029724e-06+3.4123092977257294e-05j),-2.9897323290985156,2.4121215344492966e-12,-1.828594112160632e-13,2.419042757212926e-12,-26.17600814106112,-37.37882682938605,-26.163564553018134,1.5114997508695952e-11,(3.0938624569535915e-05-2.94146472350644e-05j),-2.432438314639941,2.4148123808201628e-12,1.8325127000630502e-13,2.4217555331868794e-12,-26.17116606171184,-37.36953006837891,-26.158696993211752,1.511480307290495e-11,(-3.0980355041862865e-05+2.944795126712126e-05j),-2.432550048610386
1140.0,3.2653761717165043e-12,-2.4180654944780704e-13,3.2743170204135376e-12,-24.860667807318528,-36.165319402390146,-24.848792743587403,1.7469741361375833e-11,(5e-05+0j),-1.1748704068193603,1.869395776358344e-12,4.214065449683686e-30,1.869395776358344e-12,-27.282987428736114,-203.75298723541462,-27.282987428736114,1.4387270257442318e-11,(7.009959376048242e-06+3.394302462876532e-05j),-2.8610318797013754,2.4867331455167268e-12,-1.2370070282984598e-13,2.489807944579684e-12,-26.04370816920522,-39.07627832834447,-26.038341516296093,1.524249277776388e-11,(2.8859562454113957e-05-3.26428800888278e-05j),-2.359479954969486,2.489515544156381e-12,1.2402783452225417e-13,2.4926031670389334e-12,-26.03885157711371,-39.06480838846851,-26.03346857510393,1.5242304526004448e-11,(-2.889904176573779e-05+3.268047776499699e-05j),-2.3595872303428695
1150.0,3.3865743153515487e-12,-3.243744031442541e-13,3.4020735363619056e-12,-24.702393897481635,-34.889534239177415,-24.682563032775246,1.8151163881010405e-11,(5e-05+0j),-0.842510355154469,1.9371657537141075e-12,4.2740758365911836e-30,1.9371657537141075e-12,-27.128332172553012,-203.6915777624755,-27.128332172553012,1.4645734755258394e-11,(1.2904537603795137e-05+3.283718006759972e-05j),-2.706376623518274,2.5780545534824697e-12,-5.5984564512673455e-14,2.5786623571525156e-12,-25.88707896902813,-42.519316956902806,-25.886055194460795,1.545603933077194e-11,(2.6220399303621855e-05-3.5957585197368463e-05j),-2.238635628958546,2.5809481244911344e-12,5.623869836492347e-14,2.5815607706401348e-12,-25.882207244269395,-42.49964739543583,-25.881176470866297,1.5455859065601062e-11,(-2.6256930828092496e-05+3.599964160845499e-05j),-2.238736933858024
1160.0,3.5185970915184074e-12,-3.619983996088243e-13,3.5371695370396293e-12,-24.53630460629505,-34.41293349473997,-24.513441238900164,1.887172826039378e-11,(5e-05+0j),-0.5043664255265943,2.0097993176294954e-12,-2.340056793574856e-30,2.0097993176294954e-12,-26.96847305563238,-206.30773602061288,-26.96847305563238,1.491777732864228e-11,(1.8854895886392225e-05+3.0593524332422095e-05j),-2.546517506597643,2.675055441454165e-12,1.9821327711928484e-14,2.675128875378867e-12,-25.726672126453323,-47.02867258092339,-25.726552908324017,1.5725953179075937e-11,(2.289122993019753e-05-3.91771323093985e-05j),-2.08826034715958,2.6780673706825237e-12,-1.9648710466201638e-14,2.678139450017006e-12,-25.72178501876797,-47.06665946855472,-25.721668131357625,1.5725782809030698e-11,(-2.292393575287936e-05+3.92235984911521e-05j),-2.088354447873839
1170.0,3.644317654557577e-12,-3.528031762362164e-13,3.661355110950371e-12,-24.383837750555358,-34.524675136319054,-24.36358147314312,1.9534107174222992e-11,(5e-05+0j),-0.20472859020725287,2.07709060372554e-12,1.934756599929802e-30,2.07709060372554e-12,-26.825445589103396,-207.13373663180624,-26.825445589103396,1.5165456709076865e-11,(2.4550226745401196e-05+2.705525138834348e-05j),-2.4034900400686543,2.7642221651294744e-12,1.0148788371076846e-13,2.7660845917529654e-12,-25.584270549257827,-39.93585803579834,-25.581345425312026,1.6016691442608933e-11,(1.882280774209614e-05-4.2044523695710806e-05j),-1.9291437315191282,2.7673442108070337e-12,-1.0140367868408635e-13,2.7692014529712113e-12,-25.579368186122906,-39.93946289546865,-25.576454491907423,1.601653277963021e-11,(-1.8850721826508742e-05+4.209503367106782e-05j),-1.9292297752537992
1180.0,3.745400247744099e-12,-3.0265467473685014e-13,3.7576086634908685e-12,-24.265017651211224,-35.19052613683564,-24.25088451520267,2.004752156610485e-11,(5e-05+0j),0.020613873528789073,2.1285285145426025e-12,1.6315804425510854e-29,2.1285285145426025e-12,-26.719205274809454,-197.87391509130288,-26.719205274809454,1.5352090057796817e-11,(2.957486870384299e-05+2.220515214163921e-05j),-2.297249725774712,2.831698139216313e-12,1.847910351214105e-13,2.837721282702438e-12,-25.47953044576864,-37.33319101794171,-25.4703026262365,1.6291706735587144e-11,(1.4094067856980264e-05-4.42714324947552e-05j),-1.781268236906334,2.834906025358686e-12,-1.8479824019656217e-13,2.8409228363675647e-12,-25.47461333012558,-37.3330216881159,-25.465405621921924,1.6291561213415463e-11,(-1.4116293469368573e-05+4.432525059057657e-05j),-1.7813458220966905
1190.0,3.806854734088603e-12,-2.2604040135206442e-13,3.81355965332866e-12,-24.19433695128739,-36.45813930250302,-24.186694558023845,2.0345996992348504e-11,(5e-05+0j),0.14897960596151738,2.155984894505026e-12,3.6407600258943975e-29,2.155984894505026e-12,-26.66354286275695,-194.38807945857184,-26.66354286275695,1.545078787042265e-11,(3.349733979552718e-05+1.622653723546703e-05j),-2.241587313722216,2.866879923040532e-12,2.6404637900390666e-13,2.8790138907962845e-12,-25.425904967476175,-35.78319783825572,-25.407562397132267,1.65212811760077e-11,(8.927992677742618e-06-4.5616272753245775e-05j),-1.6597254626770326,2.870136842355724e-12,-2.641421999369771e-13,2.882265878720288e-12,-25.420973964844013,-35.78162209411437,-25.402659595612104,1.6521149546511322e-11,(-8.943887896369108e-06+4.5672337205696735e-05j),-1.659794665774605
1200.0,3.821879622600345e-12,-1.4360922177946073e-13,3.8245767685101905e-12,-24.17722995999929,-38.42817671240362,-24.17416617313071,2.0404835662068423e-11,(5e-05+0j),0.17406211414581083,2.1564086175481707e-12,3.7770130992611444e-30,2.1564086175481707e-12,-26.662689412905635,-204.2285150896994,-26.662689412905635,1.545230609377264e-11,(3.5992932549308144e-05+9.49425307649112e-06j),-2.2407338638708953,2.8659859973306075e-12,3.334448623472692e-13,2.8853182169599432e-12,-25.427259358147754,-34.76975969717573,-25.39806282248786,1.6690524143409807e-11,(3.650666491846268e-06-4.596639116537781e-05j),-1.571200406757217,2.869250280040281e-12,-3.3362011619944373e-13,2.8885808888525456e-12,-25.42231567299616,-34.76747770711088,-25.39315466415649,1.6690406243657596e-11,(-3.6599869453929865e-06+4.602346512590971e-05j),-1.5712617630000896
