Freq(Hz),inlet | A = 7498.88 L**2 | TSW_real (mW) = 4.398e-10,inlet | A = 7498.88 L**2 | TSW_imag (mW) = 6.411e-12,inlet | A = 7498.88 L**2 | TSW_mag (mW) = 4.441e-10,inlet | A = 7498.88 L**2 | TSW_real (mW) = 4.398e-10 | SWL_real (dB),inlet | A = 7498.88 L**2 | TSW_imag (mW) = 6.411e-12 | SWL_imag (dB),inlet | A = 7498.88 L**2 | TSW_mag (mW) = 4.441e-10 | SWL_mag (dB),inlet | A = 7498.88 L**2 | P_rms (MPa),inlet | A = 7498.88 L**2 | V_mean (mm/s),inlet | A = 7498.88 L**2 | SPL (dB),outlet | A = 7496.42 L**2 | TSW_real (mW) = 3.193e-10,outlet | A = 7496.42 L**2 | TSW_imag (mW) = -1.184e-30,outlet | A = 7496.42 L**2 | TSW_mag (mW) = 3.193e-10,outlet | A = 7496.42 L**2 | TSW_real (mW) = 3.193e-10 | SWL_real (dB),outlet | A = 7496.42 L**2 | TSW_imag (mW) = -1.184e-30 | SWL_imag (dB),outlet | A = 7496.42 L**2 | TSW_mag (mW) = 3.193e-10 | SWL_mag (dB),outlet | A = 7496.42 L**2 | P_rms (MPa),outlet | A = 7496.42 L**2 | V_mean (mm/s),outlet | A = 7496.42 L**2 | SPL (dB),Tie-1_Master | A = 7498.47 L**2 | TSW_real (mW) = 3.771e-10,Tie-1_Master | A = 7498.47 L**2 | TSW_imag (mW) = -7.89e-12,Tie-1_Master | A = 7498.47 L**2 | TSW_mag (mW) = 3.793e-10,Tie-1_Master | A = 7498.47 L**2 | TSW_real (mW) = 3.771e-10 | SWL_real (dB),Tie-1_Master | A = 7498.47 L**2 | TSW_imag (mW) = -7.89e-12 | SWL_imag (dB),Tie-1_Master | A = 7498.47 L**2 | TSW_mag (mW) = 3.793e-10 | SWL_mag (dB),Tie-1_Master | A = 7498.47 L**2 | P_rms (MPa),Tie-1_Master | A = 7498.47 L**2 | V_mean (mm/s),Tie-1_Master | A = 7498.47 L**2 | SPL (dB),Tie-1_Slave | A = 7497.6 L**2 | TSW_real (mW) = 3.767e-10,Tie-1_Slave | A = 7497.6 L**2 | TSW_imag (mW) = 8.546e-12,Tie-1_Slave | A = 7497.6 L**2 | TSW_mag (mW) = 3.788e-10,Tie-1_Slave | A = 7497.6 L**2 | TSW_real (mW) = 3.767e-10 | SWL_real (dB),Tie-1_Slave | A = 7497.6 L**2 | TSW_imag (mW) = 8.546e-12 | SWL_imag (dB),Tie-1_Slave | A = 7497.6 L**2 | TSW_mag (mW) = 3.788e-10 | SWL_mag (dB),Tie-1_Slave | A = 7497.6 L**2 | P_rms (MPa),Tie-1_Slave | A = 7497.6 L**2 | V_mean (mm/s),Tie-1_Slave | A = 7497.6 L**2 | SPL (dB)
20.0,4.01176795165649e-12,-4.0741187797571975e-13,4.032402080181714e-12,-23.966641953499348,-33.89966313420998,-23.94436169891408,2.1509349285296122e-11,(4.9999999999999996e-05+0j),0.6319455273102871,4.02667493335767e-12,1.7381940845031377e-29,4.02667493335767e-12,-23.95053428834897,-197.59901732419738,-23.95053428834897,2.111548488064806e-11,(-4.9737286129695236e-05+1.0708488405890588e-05j),0.4714212606857693,4.074780610533768e-12,2.206357622827024e-13,4.0807495835422224e-12,-23.898957690588492,-36.56324092515725,-23.89260055023984,2.1222611234542875e-11,(-5.09792253720854e-05+5.617936774597931e-06j),0.5153764574646197,4.068736332776384e-12,-2.101675548511488e-13,4.0741607414002124e-12,-23.905404529165544,-36.77434328444323,-23.89961840400659,2.1222597352607552e-11,(5.091655555219174e-05-5.482936860823926e-06j),0.5153707759301343
30.0,3.917353553018612e-12,-3.180215385799501e-14,3.9174826402088314e-12,-24.070072302913395,-44.975434656455924,-24.069929193719993,2.089636086082428e-11,(4.9999999999999996e-05+0j),0.38081327719530905,3.90759878222623e-12,5.854623314551672e-29,3.90759878222623e-12,-24.08090034413445,-192.3250104212437,-24.08090034413445,2.0800930163128378e-11,(-4.4728143466283845e-05+2.2612296950329316e-05j),0.3410552049002882,3.965858985603563e-12,1.1135307796831287e-14,3.965874618387759e-12,-24.01662732103237,-49.532977739044945,-24.016610201869643,2.083567981824517e-11,(-4.936984390220878e-05+1.1825761403545786e-05j),0.3555535869501378,3.9589375340869376e-12,1.9564756964397877e-15,3.958938017524335e-12,-24.024213506891627,-57.085255425844856,-24.024212976562012,2.0835649025899505e-11,(4.932781935586111e-05-1.164355637764653e-05j),0.3555407503584784
40.0,3.755042975332022e-12,1.438494478898902e-13,3.757797281686253e-12,-24.25385088262275,-38.42091800640768,-24.250666520746865,2.004458858533809e-11,(4.9999999999999996e-05+0j),0.01934302262072315,3.720332692017137e-12,-8.725882622934457e-29,3.720332692017137e-12,-24.294182214496473,-190.59190633264706,-24.294182214496473,2.0296383598563006e-11,(-3.7904155774782405e-05+3.0900103710260505e-05j),0.1277733345382669,3.788037367042241e-12,-1.1191501332302021e-13,3.7896902332928745e-12,-24.21585745555721,-39.511116492537525,-24.213962875173173,2.0236967237833887e-11,(-4.7116688426585704e-05+1.6561058090800338e-05j),0.102308658611609,3.78027465950015e-12,1.26903739129702e-13,3.782404137617247e-12,-24.22476644932114,-38.96525581534348,-24.222320700546554,2.0236915934423628e-11,(4.7097483334505353e-05-1.6341756366110154e-05j),0.10228663869532381
50.0,3.5903787365871985e-12,2.0080308738952666e-13,3.5959896206806067e-12,-24.44859736788191,-36.97229614107063,-24.44181570467075,1.9181499309942515e-11,(4.9999999999999996e-05+0j),-0.3629489028995763,3.53161137372058e-12,6.9907459671374e-29,3.53161137372058e-12,-24.52027093184701,-191.5547647917194,-24.52027093184701,1.977489683718881e-11,(-3.0409571154346674e-05+3.668081814987862e-05j),-0.09831538281227183,3.608492396718766e-12,-1.879858843798171e-13,3.613385679650486e-12,-24.42674205446314,-37.25874760130511,-24.42085680943858,1.960562544072233e-11,(-4.471595254291605e-05+2.0397603507626904e-05j),-0.17298588683223948,3.6000050661908307e-12,2.0415071793187759e-13,3.6057889555868004e-12,-24.436968880612756,-36.90049088465429,-24.429996958349985,1.9605551734368067e-11,(4.472003038573037e-05-2.0151481728158717e-05j),-0.17301854105508552
60.0,3.450837400672209e-12,1.799377205836429e-13,3.455525480902574e-12,-24.620755036625745,-37.44877785380759,-24.614859002135823,1.843226290316008e-11,(4.9999999999999996e-05+0j),-0.7090267889018266,3.369012212991776e-12,2.2898106733903698e-29,3.369012212991776e-12,-24.724974146569558,-196.40200424603762,-24.724974146569558,1.931430413473938e-11,(-2.2763202414560514e-05+4.0589851127738486e-05j),-0.30301859753481897,3.455164389369542e-12,-2.337944317141368e-13,3.4630652309576752e-12,-24.615312849908896,-36.311658366498925,-24.605393279197404,1.902429807307039e-11,(-4.237274104436334e-05+2.3678001425168498e-05j),-0.4344270760342001,3.446113208850583e-12,2.505978209467184e-13,3.4552128032984746e-12,-24.626704595718202,-36.01022709698335,-24.615251996784394,1.90242011616486e-11,(4.2399534775535424e-05-2.3413976150857114e-05j),-0.434471322820869
70.0,3.3495404723884278e-12,1.0906786103004518e-13,3.351315737807729e-12,-24.750147702750983,-39.62303203889834,-24.747846540125288,1.7876415697905126e-11,(4.9999999999999996e-05+0j),-0.9749910096160845,3.2451684015666436e-12,3.1101776495460028e-30,3.2451684015666436e-12,-24.887627614295646,-205.0721480389468,-24.887627614295646,1.8955986572787036e-11,(-1.5184473292323651e-05+4.307573645118493e-05j),-0.46567206526090665,3.341072823033373e-12,-2.5847075086148446e-13,3.3510557646603094e-12,-24.761140582448753,-35.87588595541668,-24.748183450436457,1.853835106317043e-11,(-4.0151548081757444e-05+2.666250387382442e-05j),-0.6591778694442667,3.331615670404291e-12,2.75581656127116e-13,3.3429939013520795e-12,-24.77345103858778,-35.59749694267717,-24.758644156932693,1.853823062609378e-11,(4.020020975944036e-05-2.6387736287926048e-05j),-0.6592342987647957
80.0,3.2920169232634322e-12,9.48324623811197e-15,3.2920305823324375e-12,-24.82537940877437,-50.230429725806005,-24.82536138928623,1.7560204998541132e-11,(4.9999999999999996e-05+0j),-1.1300082818602468,3.164818332846467e-12,-1.3638013947665256e-29,3.164818332846467e-12,-24.996512143375288,-198.65248869736013,-24.996512143375288,1.8719841443096032e-11,(-7.719561475453457e-06+4.443919952661972e-05j),-0.5745565943405486,3.27133905966426e-12,-2.674195501026822e-13,3.282251126751603e-12,-24.85274440861271,-35.72806846171444,-24.838281939135957,1.8171229422314398e-11,(-3.802569953064606e-05+2.9553618041945265e-05j),-0.8329136805318154,3.2616054643710406e-12,2.846766951468371e-13,3.2740053491060086e-12,-24.865685739546603,-35.4564808460366,-24.849206153683884,1.817108517750847e-11,(3.80955899911444e-05-2.927370330773593e-05j),-0.8329826301559073
90.0,3.2793738404221284e-12,-1.0150614357873718e-13,3.2809444192837535e-12,-24.84209072022933,-39.935076716266295,-24.84001126701067,1.7501095959510492e-11,(4.9999999999999996e-05+0j),-1.1592949918230666,3.128168641787485e-12,3.9265233077681916e-32,3.128168641787485e-12,-25.047098418578827,-210.0,-25.047098418578827,1.8611134691495065e-11,(-3.271049862124399e-07+4.484156024555775e-05j),-0.6251428695440875,3.2465114613836035e-12,-2.6368948343417254e-13,3.2572026053914548e-12,-24.885830595687185,-35.78907190561451,-24.871552264928933,1.793176942860159e-11,(-3.590477553088692e-05+3.249982110586241e-05j),-0.9481369941355207,3.236597251015691e-12,2.8104912910074243e-13,3.2487767510634852e-12,-24.899113390724573,-35.51217756136309,-24.88280131410462,1.79316008905096e-11,(3.5995683512334355e-05-3.221923440184015e-05j),-0.9482186319321801
100.0,3.3097330466011848e-12,-2.089873752621125e-13,3.3163245563097268e-12,-24.802070337358977,-36.79879948432505,-24.79342973261425,1.7689845147038437e-11,(4.9999999999999996e-05+0j),-1.0661192890942797,3.13247274593678e-12,7.472189069873548e-30,3.13247274593678e-12,-25.04112698894309,-201.2655214762326,-25.04112698894309,1.8623933989731586e-11,(7.055868050532037e-06+4.431536626227498e-05j),-0.6191714399083541,3.2640990487446307e-12,-2.486840153120726e-13,3.2735586659608438e-12,-24.862366710975383,-36.04352129023851,-24.84979871612378,1.7818116150725337e-11,(-3.365137121006897e-05+3.559321442280608e-05j),-1.003364200511743,3.2540733718655728e-12,2.6617042184897037e-13,3.2649410718957602e-12,-24.875726589476844,-35.74840207093819,-24.861246527905774,1.7817922569770697e-11,(3.376351621339104e-05-3.531582722757673e-05j),-1.003458566937891
110.0,3.3784613284746207e-12,-2.9945323956137796e-13,3.391706530742644e-12,-24.712810478582007,-35.23670984246094,-24.69581732356612,1.8091969486848105e-11,(4.9999999999999996e-05+0j),-0.8708829810443959,3.1724015172588805e-12,2.1173005360339427e-29,3.1724015172588805e-12,-24.98611851085078,-196.7421749253447,-24.98611851085078,1.8742255222000598e-11,(1.4458159376296345e-05+4.278157582979015e-05j),-0.5641629618160396,3.3188789155354336e-12,-2.2268755566680014e-13,3.3263413840786862e-12,-24.790085919041594,-36.52304051741199,-24.780331809693976,1.7819318164636643e-11,(-3.109402329130574e-05+3.886100318960628e-05j),-1.002778268309745,3.308797183282743e-12,2.403503077510031e-13,3.3175151952230476e-12,-24.803298526287957,-36.19155317452635,-24.791870792588824,1.7819098619136968e-11,(3.122788281310087e-05-3.85905681685059e-05j),-1.0028852847348737
120.0,3.477595678522102e-12,-3.6061035563499724e-13,3.49624248756673e-12,-24.58720912498371,-34.4296180581506,-24.563984537950525,1.8649604816290795e-11,(4.9999999999999996e-05+0j),-0.6072072417770283,3.2396470939520364e-12,4.399444594982579e-29,3.2396470939520364e-12,-24.895022964282063,-193.5660214727729,-24.895022964282063,1.8939853914062504e-11,(2.1822486368784062e-05+4.007873424305866e-05j),-0.4730674152473243,3.402412667233894e-12,-1.8539335866608486e-13,3.4074598538487805e-12,-24.68213013406089,-37.3190582761511,-24.67569252251808,1.7915434345661526e-11,(-2.8044539559109175e-05+4.225094162128983e-05j),-0.9560530780990169,3.3923311917339682e-12,2.0327036719860177e-13,3.398415771590089e-12,-24.695017543749273,-36.919259282981855,-24.687234894277424,1.791518796294112e-11,(2.8200517589195466e-05-4.199147320633941e-05j),-0.9561725319616816
130.0,3.595016484180977e-12,-3.823049839685184e-13,3.615287073290325e-12,-24.44299113911857,-34.17590040207714,-24.418572116762686,1.928463123366906e-11,(4.9999999999999996e-05+0j),-0.3163731417599314,3.3223196564406226e-12,-7.122365202065226e-30,3.3223196564406226e-12,-24.785585843019817,-201.4737576147118,-24.785585843019817,1.917999461778865e-11,(2.895953284845438e-05+3.6014052902010285e-05j),-0.3636302939850774,3.5023453415899825e-12,-1.365435232540664e-13,3.505005995073287e-12,-24.55641033423211,-38.64728895170748,-24.553112348656477,1.8077319144681926e-11,(-2.4328422709159215e-05+4.5616104027516946e-05j),-0.8779194070836706,3.4923344489102785e-12,1.5462870508481592e-13,3.495755989694027e-12,-24.568841720795906,-38.107098810338826,-24.564588895467473,1.8077045424886276e-11,(2.450637898340313e-05-4.5372071094735024e-05j),-0.8780509264708933
140.0,3.7142400719057615e-12,-3.586902066464007e-13,3.7315195264254684e-12,-24.301300288314707,-34.45280480746642,-24.28114281446334,1.9904658448608643e-11,(4.9999999999999996e-05+0j),-0.04150531798927316,3.4049518165838434e-12,3.0028350781281486e-29,3.4049518165838434e-12,-24.678890294016558,-195.2246851949124,-24.678890294016558,1.9417050423263197e-11,(3.55236959456842e-05+3.04441762876066e-05j),-0.25693474498182056,3.6023479516667305e-12,-7.670109714871367e-14,3.6031644180055545e-12,-24.434143408805745,-41.151984237664784,-24.433159198914936,1.8267713196563973e-11,(-1.983306780952463e-05+4.871214333818044e-05j),-0.7869162221383093,3.59250001102654e-12,9.491931904913795e-14,3.593753748708228e-12,-24.44603221860747,-40.22645386070614,-24.444516849457866,1.8267412386276803e-11,(2.003177727233027e-05-4.848837396608451e-05j),-0.7870592518892525
150.0,3.815924841143923e-12,-2.9110280974728434e-13,3.8270123123792066e-12,-24.184001877933902,-35.35953602696359,-24.171401405479735,2.041406002636081e-11,(4.9999999999999996e-05+0j),0.17798783581160188,3.47006618486117e-12,-7.61401894023474e-30,3.47006618486117e-12,-24.5966224179533,-201.183860471921,-24.5966224179533,1.960183152695222e-11,(4.103830643266395e-05+2.3377152745684e-05j),-0.1746668689185577,3.683737604937444e-12,-7.99533238159403e-15,3.6837462816228464e-12,-24.337113124562574,-50.97163477072012,-24.337102895190785,1.8445370425859028e-11,(-1.456609280690299e-05+5.122570979281428e-05j),-0.7028522874434457,3.674165962975094e-12,2.6191763870994128e-14,3.674259317465137e-12,-24.34841230399183,-45.81835253249274,-24.348301958337238,1.8445043841133062e-11,(1.4782796906493477e-05-5.102693929675572e-05j),-0.703006076927444
160.0,3.881736038933226e-12,-1.9011411433393776e-13,3.886388818996625e-12,-24.10974000305808,-37.209856393165786,-24.104537519870334,2.0730816760013474e-11,(4.9999999999999996e-05+0j),0.31172834507537306,3.501780603487324e-12,-5.2225234346902724e-30,3.501780603487324e-12,-24.557110671844992,-202.82119602561858,-24.557110671844992,1.969120255132637e-11,(4.499207668080571e-05+1.505753354960692e-05j),-0.13515512281025605,3.729317459253159e-12,6.553193955587752e-14,3.729893181713438e-12,-24.283706456186973,-41.835469779930534,-24.283036055255458,1.8572904735219302e-11,(-8.697361734564725e-06+5.284559716041327e-05j),-0.6430032904773935,3.720143774485894e-12,-4.757956603253472e-14,3.720448026508366e-12,-24.294402753709896,-43.22579523428114,-24.29404758041703,1.8572554894896866e-11,(8.927647056368985e-06-5.2675717688307675e-05j),-0.6431668999447129
170.0,3.899702382396769e-12,-7.472898992296463e-14,3.900418322847684e-12,-24.089685362080825,-41.26510887860884,-24.08888812060258,2.080569244968045e-11,(4.9999999999999996e-05+0j),0.34304357564509547,3.4905348289988e-12,7.464465764673076e-30,3.4905348289988e-12,-24.571080241906,-201.2700126948712,-24.571080241906,1.9659558521861395e-11,(4.699008135280176e-05+5.976198511639212e-06j),-0.14912469287126243,3.7284932710636065e-12,1.3837273633658666e-13,3.731060048636026e-12,-24.28466636358386,-38.58949470753297,-24.281677612563,1.8626528038273037e-11,(-2.5485370032238224e-06+5.3361307870766796e-05j),-0.6179617035369603,3.719825490144998e-12,-1.2091675127289525e-13,3.721790232921633e-12,-24.29477433893584,-39.1751352973114,-24.292481081670662,1.8626158491409843e-11,(2.786723591123119e-06-5.3222572728769866e-05j),-0.6181340316866282
180.0,3.868449848108403e-12,3.2105554390974e-14,3.86858307316163e-12,-24.124630291103657,-44.93419826390314,-24.124480727553745,2.0635926776426787e-11,(4.9999999999999996e-05+0j),0.27187965018927585,3.4365441630685802e-12,-1.0845714206959804e-30,3.4365441630685802e-12,-24.638780705956755,-209.64741843748584,-24.638780705956755,1.9506921569054468e-11,(4.6889747438610575e-05-3.228507349179796e-06j),-0.21682515692201645,3.681103716716113e-12,2.0480067437167252e-13,3.686796426363174e-12,-24.34021945942923,-36.886686176404744,-24.333508421465226,1.8603338201779114e-11,(3.4852978405971727e-06+5.274183643996648e-05j),-0.6287822842643774,3.673012801149299e-12,-1.8807163629018233e-13,3.677824625751409e-12,-24.349775580530686,-37.25676696908356,-24.344089836037366,1.8602953046081745e-11,(-3.245305901863562e-06-5.263438548137169e-05j),-0.6289621151353799
190.0,3.797669197397168e-12,1.0994690301773353e-13,3.799260408861499e-12,-24.204828679302164,-39.58816999329582,-24.203009380178905,2.0266206417335562e-11,(4.9999999999999996e-05+0j),0.11484932184648496,3.349745137469868e-12,-3.889593736206821e-29,3.349745137469868e-12,-24.74988234635118,-194.10095757887052,-24.74988234635118,1.9258996569148317e-11,(4.484069494384807e-05-1.1940806199138112e-05j),-0.3279267973164387,3.5975149175816493e-12,2.603317576503988e-13,3.6069219850537172e-12,-24.439973965268788,-35.844728494434165,-24.428632510354184,1.8522056525498527e-11,(9.050910994354019e-06+5.114618018013157e-05j),-0.6668158083796606,3.590020251596145e-12,-2.4449247797552145e-13,3.5983360013563297e-12,-24.44903101524286,-36.11734497783616,-24.43898286037212,1.852165976228488e-11,(-8.81463106479207e-06-5.1068130206079134e-05j),-0.6670018718652748
200.0,3.704549138661618e-12,1.4594364264917214e-13,3.707422806693114e-12,-24.31264640182947,-38.35814818267727,-24.309278827746258,1.9776396468431365e-11,(4.9999999999999996e-05+0j),-0.09765671249389668,3.2462349190394977e-12,-2.0110154574376957e-29,3.2462349190394977e-12,-24.886200549500543,-196.9658459123613,-24.886200549500543,1.8959101238592822e-11,(4.120635070400717e-05-1.9717107300332927e-05j),-0.464245000465806,3.4949041148547097e-12,3.026003178389157e-13,3.5079797212048695e-12,-24.565647349285243,-35.19130620147549,-24.549429258516867,1.8416832298828266e-11,(1.3928712178172576e-05+4.8859639225386505e-05j),-0.7163012434508021,3.487972666886519e-12,-2.877227631287919e-13,3.4998196686929346e-12,-24.5742692702699,-35.41025777629471,-24.55954332480928,1.8416427242073054e-11,(-1.3700339194137876e-05-4.880767954041089e-05j),-0.7164922815678153
210.0,3.608520672367747e-12,1.3641414941376805e-13,3.611098207341592e-12,-24.426708023879552,-38.651405806060936,-24.42360700350087,1.9262659058106304e-11,(4.9999999999999996e-05+0j),-0.32627515620872694,3.143457034370806e-12,-1.3668590243712722e-29,3.143457034370806e-12,-25.025924713288067,-198.6427627555277,-25.025924713288067,1.8656558637546304e-11,(3.642293967494854e-05-2.634435079329629e-05j),-0.6039691642533268,3.39211060688037e-12,3.312952292721461e-13,3.4082504160124144e-12,-24.695299951020452,-34.797848180139034,-24.67468503606923,1.8327755824024033e-11,(1.8060928501038103e-05+4.6197733526680584e-05j),-0.7584141087551287,3.385667311912041e-12,-3.1736355855152333e-13,3.4005091935247275e-12,-24.70355719499191,-34.98442942825607,-24.684560466693934,1.8327344723562022e-11,(-1.7843053829853933e-05-4.6167929994598394e-05j),-0.7586089396621514
220.0,3.52705591627759e-12,8.533791280043846e-14,3.5280881502465163e-12,-24.525876551784673,-40.688579833461375,-24.52460572438353,1.8819947271017405e-11,(4.9999999999999996e-05+0j),-0.5282318672022127,3.05655543819574e-12,-4.8131347165954995e-29,3.05655543819574e-12,-25.147677227977567,-193.1757198252475,-25.147677227977567,1.8396868824900147e-11,(3.087412473496561e-05-3.180529844698225e-05j),-0.72572167894283,3.3056738500560473e-12,3.4742484372170573e-13,3.3238808078779573e-12,-24.807399977422833,-34.59139129166211,-24.783545581156638,1.829253326975351e-11,(2.1522340859783915e-05+4.342768704641727e-05j),-0.7751228415958032,3.2996164483550633e-12,-3.34355657601938e-13,3.316513592920389e-12,-24.81536540135432,-34.757913237441336,-24.793182183812178,1.8292117183820744e-11,(-2.1316086621827486e-05-4.341619100663001e-05j),-0.7753204149741075
230.0,3.4737006823517176e-12,1.6563462058614184e-15,3.4737010772450674e-12,-24.592076060395595,-57.80848882780212,-24.59207556668584,1.8529914408066124e-11,(4.9999999999999996e-05+0j),-0.6631316479922588,2.996814960647561e-12,-1.6251088869484296e-29,2.996814960647561e-12,-25.233400718860615,-197.89117534736448,-25.233400718860615,1.8216197958016285e-11,(2.482353259119606e-05-3.6196319247229174e-05j),-0.8114451698258796,3.2480912229454264e-12,3.524205683414407e-13,3.2671542433079617e-12,-24.88371782058484,-34.52938752767044,-24.858303618709797,1.8341555868018103e-11,(2.4466798592922276e-05+4.072977812201898e-05j),-0.7518764531918907,3.242303652995407e-12,-3.400883978574523e-13,3.2600909644647356e-12,-24.891463143965545,-34.684081838051036,-24.86770281890978,1.8341134725386093e-11,(-2.4272180720170346e-05-4.073328872335756e-05j),-0.752075893220117
240.0,3.4579051952632005e-12,-1.0298264075707681e-13,3.45943835957884e-12,-24.61186917869055,-39.872359758655335,-24.60994403269265,1.8453905662502527e-11,(4.9999999999999996e-05+0j),-0.698833990463045,2.9716832246500295e-12,-8.120433422454518e-30,2.9716832246500295e-12,-25.269974873471206,-200.90420789975963,-25.269974873471206,1.813965527282138e-11,(1.84030187927891e-05-3.964277537464007e-05j),-0.8480193244364692,3.227787433778664e-12,3.4742715651584233e-13,3.2464314788308927e-12,-24.91095073509028,-34.59136238093779,-24.88593759179546,1.8495998816697967e-11,(2.707824735864202e-05+3.819197148931481e-05j),-0.679044134160326,3.222149178279222e-12,-3.356871943389028e-13,3.2395881249826483e-12,-24.918543565910063,-34.740652257285376,-24.89510201650704,1.8495571583557924e-11,(-2.6894591398604408e-05-3.820795221448868e-05j),-0.6792447690543917
250.0,3.485593176163415e-12,-2.1538109622137877e-13,3.4922412296871026e-12,-24.577233033010938,-36.667924169480415,-24.56895764650449,1.8628942201972937e-11,(4.9999999999999996e-05+0j),-0.616836007935231,2.9853839544397556e-12,3.096237521842352e-30,2.9853839544397556e-12,-25.24999805716824,-205.09165730654288,-25.24999805716824,1.8181422968379838e-11,(1.1635472114225831e-05-4.223313330820917e-05j),-0.8280425081335013,3.249740809588791e-12,3.328744760238193e-13,3.2667446711206164e-12,-24.88151275776254,-34.777195041734096,-24.858848086701933,1.8767322736419747e-11,(2.953731193872842e-05+3.58205346753584e-05j),-0.5525534632286959,3.2441324831936425e-12,-3.215799907245007e-13,3.2600320947724607e-12,-24.889014184728758,-34.92710981653318,-24.867781243142804,1.876688762771462e-11,(-2.9363624526644375e-05-3.584725650438302e-05j),-0.552754842512118
260.0,3.55953352674906e-12,-3.2096451544062295e-13,3.573974978678871e-12,-24.48606912148657,-34.93542978810624,-24.468484923059577,1.906497101149957e-11,(4.9999999999999996e-05+0j),-0.4158769280675789,3.039300055041304e-12,9.672766870124556e-30,3.039300055041304e-12,-25.172264220602504,-200.14449279324617,-25.172264220602504,1.834486677234172e-11,(4.474856766794652e-06-4.397327278376058e-05j),-0.7503086715677665,3.3158738298427066e-12,3.0829100337008655e-13,3.330174559718255e-12,-24.794020028640936,-35.11039148785451,-24.775330012277735,1.9156533396986808e-11,(3.2000805851662044e-05+3.355294520968249e-05j),-0.37426149146966353,3.310180858293427e-12,-2.9730656949898126e-13,3.3235054552203555e-12,-24.80148277036048,-35.26795494206989,-24.784036040358753,1.915608811184709e-11,(-3.1836076916357166e-05-3.358943017367379e-05j),-0.37446339347630797
270.0,3.678905407843921e-12,-4.03488365868535e-13,3.700965801146305e-12,-24.342813786215906,-33.94168983152419,-24.316849279938015,1.974239521731261e-11,(4.9999999999999996e-05+0j),-0.11260307978142867,3.131625867835384e-12,8.028523473212716e-30,3.131625867835384e-12,-25.042301282360867,-200.95364318531836,-25.042301282360867,1.8621416287375873e-11,(-3.141985780450277e-06-4.4756470281106534e-05j),-0.6203457333261273,3.4246505732523724e-12,2.7232213998720484e-13,3.435460798321677e-12,-24.65383734200756,-35.649170487687485,-24.640150027830096,1.9652095284175465e-11,(3.458596262896169e-05+3.126752978032405e-05j),-0.1524226899477166,3.4187674178384307e-12,-2.6153536062514305e-13,3.428756538766055e-12,-24.661304436857563,-35.82469584478655,-24.64863351170919,1.9651637279459147e-11,(-3.442941167768361e-05-3.131343754055148e-05j),-0.15262512254942348
280.0,3.837761729552698e-12,-4.4505517619806425e-13,3.863481487296142e-12,-24.15921992277124,-33.515861435519035,-24.130211644295372,2.060930421352527e-11,(4.9999999999999996e-05+0j),0.26066668472350263,3.2560821283517197e-12,-6.94991084372408e-30,3.2560821283517197e-12,-24.873046494093323,-201.5802076667996,-24.873046494093323,1.898783496805501e-11,(-1.1228146663332342e-05-4.4350150425940036e-05j),-0.45109094505858377,3.569635659613111e-12,2.2299853923318479e-13,3.5765943425109962e-12,-24.473761085640902,-36.51697981817512,-24.465303147572413,2.022617810447995e-11,(3.735119809952468e-05+2.879206651780764e-05j),0.09767662998255508,3.5634731444502536e-12,-2.1233286403317222e-13,3.5697935649511594e-12,-24.481265098461247,-36.72982782265139,-24.4735689766786,2.022570493951678e-11,(-3.720248357167692e-05-2.8847530132120812e-05j),0.09747343258645777
290.0,4.022558960198622e-12,-4.27512489389846e-13,4.045212913662089e-12,-23.954975815605046,-33.69051193230868,-23.93058615017076,2.1578707460001053e-11,(4.9999999999999996e-05+0j),0.6599086343433408,3.3999025705579973e-12,-4.422434142694876e-29,3.3999025705579973e-12,-24.68533528156364,-193.54338625727945,-24.68533528156364,1.9402648187391385e-11,(-1.966052425916139e-05-4.241356778005179e-05j),-0.2633797325288984,3.737218814931739e-12,1.5839282217616726e-13,3.740573853942296e-12,-24.27451473374515,-38.00264503049013,-24.27061766119675,2.0830150999424554e-11,(4.0269300461500776e-05+2.5920424766203767e-05j),0.3532484506096806,3.730716563176294e-12,-1.4782248368644347e-13,3.733644005718966e-12,-24.282077447207328,-38.30259505059407,-24.27867093382732,2.082966077851339e-11,(-4.0128689980201066e-05-2.5985814754441786e-05j),0.3530440327522232
300.0,4.2098642346362325e-12,-3.364127873259196e-13,4.223284318814648e-12,-23.757319096510425,-34.731275046709804,-23.74349680134214,2.252858863051659e-11,(4.9999999999999996e-05+0j),1.034079785219901,3.5421117675129265e-12,4.055076563385087e-29,3.5421117675129265e-12,-24.507377392362045,-193.9200094151651,-24.507377392362045,1.9804272958467094e-11,(-2.8087553342006114e-05-3.857381854670803e-05j),-0.0854218433273058,3.904603656928413e-12,7.780100199808101e-14,3.905378690167016e-12,-24.084230433090323,-41.09014809701375,-24.083368478107676,2.1392255218024834e-11,(4.319867893329817e-05+2.2450860537357976e-05j),0.5845315117789001,3.8977475004578285e-12,-6.736554666818066e-14,3.898329603074008e-12,-24.09186298289121,-41.71562161588411,-24.09121444144858,2.139174710719514e-11,(-4.306713569925119e-05-2.252645438151479e-05j),0.5843252012725898
310.0,4.36676273590159e-12,-1.6784560912545076e-13,4.369987292906174e-12,-23.598404044349692,-37.75090015497471,-23.595198258736865,2.3311154273833672e-11,(4.9999999999999996e-05+0j),1.3306756578142984,3.654266470739343e-12,-2.1029044555828687e-30,3.654266470739343e-12,-24.371997868816315,-206.77180458819035,-24.371997868816315,2.0115363252819792e-11,(-3.58793933197326e-05-3.258224509752236e-05j),0.04995768021842431,4.040458067070201e-12,-1.6688107424798312e-14,4.040492529962416e-12,-23.935693960963732,-47.77592913265161,-23.935656918183334,2.1822643757129578e-11,(4.587442429821317e-05+1.825491432079338e-05j),0.7575473486881874,4.033297558354087e-12,2.687747962357535e-14,4.033387111738217e-12,-23.94339736538332,-45.70611458716915,-23.943300937812,2.1822118446537844e-11,(-4.5753520656708516e-05-1.8340494077673794e-05j),0.7573382610636765
320.0,4.457072301828256e-12,6.426964222059152e-14,4.457535652200192e-12,-23.509503208094134,-41.91994117734774,-23.509051745705797,2.3778196311725553e-11,(4.9999999999999996e-05+0j),1.502978251689542,3.706172632198157e-12,-1.9899056186600416e-30,3.706172632198157e-12,-24.310743552640403,-207.01167521714507,-24.310743552640403,2.0257721465402204e-11,(-4.220172010789845e-05-2.4521497513970303e-05j),0.11121199639433797,4.1110678212731e-12,-1.1899852682614005e-13,4.112789719946055e-12,-23.860453585001892,-39.24458415038045,-23.858634946730888,2.2030757475074578e-11,(4.7952914843194585e-05+1.3361549740542647e-05j),0.8399886784780131,4.103723004665841e-12,1.2877205547609887e-13,4.105742897612463e-12,-23.868219611528193,-38.90178371985939,-23.86608249715584,2.203021733824211e-11,(-4.7844491981007154e-05-1.3456048457461381e-05j),0.8397757204607945
330.0,4.453642631113999e-12,3.262052140083149e-13,4.465573034597266e-12,-23.512846345318717,-34.8650910155159,-23.501228033386422,2.3821137888494738e-11,(4.9999999999999996e-05+0j),1.5186501472803458,3.676482941288107e-12,-2.833473312759034e-29,3.676482941288107e-12,-24.345674447940038,-195.4768087343225,-24.345674447940038,2.0176417256994335e-11,(-4.6259213003612705e-05-1.4942570091592845e-05j),0.07628110109470293,4.092029870489036e-12,-2.1952082719025704e-13,4.0979138417669074e-12,-23.880612047396397,-36.58524269477865,-23.874371768373507,2.1953372187013152e-11,(4.912468084950483e-05+8.003347699691373e-06j),0.8094248923840639,4.084675540064972e-12,2.2868851229818303e-13,4.091072317041368e-12,-23.888424352774077,-36.40755650744428,-23.881628434998113,2.1952820883012152e-11,(-4.903029424083834e-05-8.104748047348544e-06j),0.8092067652646253
340.0,4.350666458592591e-12,5.727443609922039e-13,4.388204044591701e-12,-23.61444210374303,-32.4203917800417,-23.57713186616933,2.3408537746193028e-11,(4.9999999999999996e-05+0j),1.366885798846975,3.5627104445878418e-12,4.6704186694413956e-30,3.5627104445878418e-12,-24.482194730258463,-203.30644186312216,-24.482194730258463,1.9861774032062764e-11,(-4.761494647806037e-05-4.7823647568374765e-06j),-0.060239181223724826,3.9795535822479306e-12,-3.078236050105529e-13,3.991441103885166e-12,-24.001656434138194,-35.11698079979665,-23.98870274622014,2.158010856105757e-11,(4.9249013941077814e-05+2.565239985751156e-06j),0.6604725890703205,3.972380204414529e-12,3.1622794237697594e-13,3.984947251842161e-12,-24.009491909981673,-34.99999757794155,-23.99577422921695,2.157955006283858e-11,(-4.9169393600166026e-05-2.6708618444856753e-06j),0.6602477933213196
350.0,4.166759419636324e-12,7.629727453019537e-13,4.236037236758151e-12,-23.802015741145127,-31.174909755135026,-23.73040230895169,2.2596987162782974e-11,(4.9999999999999996e-05+0j),1.0604108645337134,3.3829401416251988e-12,1.2924277052711162e-30,3.3829401416251988e-12,-24.70705686631724,-208.88593740752353,-24.70705686631724,1.9354186862550008e-11,(-4.636852494385662e-05+4.94481338150655e-06j),-0.28510131728250293,3.792748590035049e-12,-3.7628738803376617e-13,3.811369053976028e-12,-24.2104594442592,-34.24480337617237,-24.189189965583978,2.0958970739454882e-11,(4.841730236128306e-05-2.5572217118324127e-06j),0.40679911368814947,3.785916490765515e-12,3.838452906633774e-13,3.8053253319807925e-12,-24.218289698755804,-34.15843783314148,-24.196082077911317,2.0958408141846363e-11,(-4.835211800828866e-05+2.4501490498585416e-06j),0.40656595689882086
360.0,3.9360872889822876e-12,8.732721293587558e-13,4.0317970383444045e-12,-24.049352789645305,-30.588504002089252,-23.945013385034166,2.1507702891197325e-11,(4.9999999999999996e-05+0j),0.6312806562079527,3.16751030547091e-12,2.4574776959082047e-29,3.16751030547091e-12,-24.992819634683983,-196.0951041513894,-24.992819634683983,1.872780123476598e-11,(-4.306052871240132e-05+1.3483281090265831e-05j),-0.5708640856492457,3.5647305061372025e-12,-4.222088622864716e-13,3.589646766017296e-12,-24.479732972627502,-33.74472654965555,-24.4494828543761,2.0177340294746063e-11,(4.689743154720457e-05-7.099138897805219e-06j),0.07667845710470585,3.558339748872144e-12,4.2892319679747103e-13,3.5840977772871144e-12,-24.487525880069782,-33.67620465841319,-24.456201509192276,2.0176774909377793e-11,(-4.684546292524943e-05+6.992922035261155e-06j),0.07643506805319096
370.0,3.694707137922905e-12,9.000226220426039e-13,3.8027492101382266e-12,-24.324199803881598,-30.457465744442302,-24.199023151996485,2.028612310341981e-11,(4.9999999999999996e-05+0j),0.12338121894032625,2.947206183402429e-12,6.783808011330095e-29,2.947206183402429e-12,-25.305894803083206,-191.68526451553197,-25.305894803083206,1.8064794809504663e-11,(-3.84008314714534e-05+2.0488259915577255e-05j),-0.8839392540484697,3.329607989691909e-12,-4.472919443954038e-13,3.3595177404712745e-12,-24.776068950027796,-33.49408923280792,-24.737230612066504,1.9332061676295967e-11,(4.5010507320995846e-05-1.0981058453424808e-05j),-0.29503647275688266,3.323693590675398e-12,4.532344746177353e-13,3.3544538413397097e-12,-24.78379020391115,-33.436770635773584,-24.743781798171412,1.9331492693524793e-11,(-4.497005827651894e-05+1.087724801701558e-05j),-0.29529212031113816
380.0,3.4709488398895406e-12,8.537702452410256e-13,3.5744103682690756e-12,-24.5955178757244,-30.68658984871506,-24.467955888074584,1.9068352499524533e-11,(4.9999999999999996e-05+0j),-0.414336478446618,2.7453910553361123e-12,5.26775224050833e-29,2.7453910553361123e-12,-25.61395785611542,-192.783746595095,-25.61395785611542,1.7435318300998247e-11,(-3.3020651499024426e-05+2.59672713023984e-05j),-1.1920023070806842,3.1136206037086394e-12,-4.555852512054976e-13,3.146774727392307e-12,-25.067343075527482,-33.414303439075695,-25.021343464265556,1.850609660699352e-11,(4.302660095499699e-05-1.4274655851833933e-05j),-0.6743034137622781,3.108166184930701e-12,4.608675738077074e-13,3.1421483023138917e-12,-25.074957687421353,-33.3642384733607,-25.027733210921554,1.850552125025238e-11,(-4.2995915318180995e-05+1.4174045136924624e-05j),-0.6745734633005463
390.0,3.282641300430335e-12,7.512828694091358e-13,3.3675153833588624e-12,-24.83776570744523,-31.2419651373698,-24.726904116725024,1.7964985165242656e-11,(4.9999999999999996e-05+0j),-0.9320626549192659,2.576096361322646e-12,2.3015344918565209e-29,2.576096361322646e-12,-25.89037895812233,-196.37982512183993,-25.89037895812233,1.6889190146210898e-11,(-2.7354437779037392e-05+3.012592660257726e-05j),-1.4684234090875927,2.9328254029200884e-12,-4.5147698439660104e-13,2.9673719536743666e-12,-25.327137906864685,-33.453643844519775,-25.276280123944176,1.775885026664059e-11,(4.111959289713585e-05-1.7133410405036764e-05j),-1.032303003140526,2.9277826971719977e-12,4.562246052324969e-13,2.963115322136364e-12,-25.334611601687207,-33.40821295936757,-25.282514457886492,1.7758264190423806e-11,(-4.1097133110573667e-05+1.7036204278226005e-05j),-1.032589658935443
400.0,3.138846322191735e-12,6.098841466676509e-13,3.1975482649513066e-12,-25.032299468223922,-32.14752655549076,-24.951828914016705,1.7058601637933473e-11,(4.9999999999999996e-05+0j),-1.381731364715146,2.445826626006746e-12,-5.911546062594937e-29,2.445826626006746e-12,-26.115743314523062,-192.28298922055563,-26.115743314523062,1.645661872806945e-11,(-2.163425099893779e-05+3.322732023051297e-05j),-1.6937877654883235,2.7949530833243067e-12,-4.3851924060100727e-13,2.8291450762308624e-12,-25.53625477875725,-33.580113466456574,-25.48344781708422,1.712704787870951e-11,(3.936850194517685e-05-1.9734150821901576e-05j),-1.3469496772903744,2.7902587281837204e-12,4.4285495890353826e-13,2.8251839382296663e-12,-25.543555246787943,-33.53738487912038,-25.489532714701603,1.712644560058727e-11,(-3.9353078556718626e-05+1.964017705156085e-05j),-1.3472551247510787
410.0,3.042928959266713e-12,4.4490318958807955e-13,3.0752813691188725e-12,-25.167081866357858,-33.517344807083795,-25.12115142826646,1.640664569318998e-11,(4.9999999999999996e-05+0j),-1.7202039239589118,2.3563296194362286e-12,7.993721274261248e-30,2.3563296194362286e-12,-26.27763957565206,-200.9725099882806,-26.27763957565206,1.61527248161622e-11,(-1.5936458022300925e-05+3.5504812202669884e-05j),-1.8556840266173238,2.7024063259004207e-12,-4.1901845039474163e-13,2.734698596196265e-12,-25.682493511580464,-33.777668535773586,-25.630905323001883,1.6630126526297723e-11,(3.7777324850802814e-05-2.2243522503698403e-05j),-1.6026888441461473,2.6979932029452215e-12,4.2305439620518516e-13,2.7309599677196202e-12,-25.689591487809054,-33.73603787582637,-25.636846659993708,1.662950180054502e-11,(-3.7768124931329254e-05+2.2152416118413226e-05j),-1.6030151435797635
420.0,2.9951356383092436e-12,2.6930000412887695e-13,3.007217980807832e-12,-25.235835052828893,-35.69763639929936,-25.21835090545682,1.604378790650965e-11,(4.9999999999999996e-05+0j),-1.914461670873706,2.3068310447772834e-12,-2.547171381750908e-29,2.3068310447772834e-12,-26.36984212591146,-195.93941833346275,-26.36984212591146,1.5982167090505792e-11,(-1.0237081585317753e-05+3.712062890071296e-05j),-1.947886576876722,2.654711877321336e-12,-3.9405178301474737e-13,2.6837980474111824e-12,-25.759826071171837,-34.044467030479474,-25.71250167413167,1.627586757777993e-11,(3.62945053720322e-05-2.4803536095091272e-05j),-1.7897169587053123,2.6505156796733134e-12,3.97887029767612e-13,2.6802140691839112e-12,-25.76669622271187,-34.00240217657241,-25.718305174068487,1.6275213712705437e-11,(-3.629107017365935e-05+2.4714879807756306e-05j),-1.79006591177543
430.0,2.994114452716236e-12,9.43474312864576e-14,2.9956005731329736e-12,-25.23731602378719,-40.25269919487427,-25.235160949941804,1.5981974578048897e-11,(4.9999999999999996e-05+0j),-1.9479912029900643,2.295322742610268e-12,2.5323195748892926e-31,2.295322742610268e-12,-26.39156240200789,-210.0,-26.39156240200789,1.59422513852027e-11,(-4.459034162020022e-06+3.8150375227147746e-05j),-1.9696068529731532,2.6499399767019983e-12,-3.636422593085509e-13,2.674774303166234e-12,-25.767639630753937,-34.39325652628123,-25.727128577641647,1.6064397502298363e-11,(3.482527334280647e-05-2.7525665079123872e-05j),-1.9033110750482696,2.6459027382896928e-12,3.6736307521317053e-13,2.6712837605763584e-12,-25.774261242454337,-34.34904498103874,-25.732799760344754,1.606370767373684e-11,(-3.48274561815759e-05+2.743909491139971e-05j),-1.9036840677736526
440.0,3.0373966354910627e-12,-6.939734464686359e-14,3.0381893148282356e-12,-25.174984924552533,-41.58657146652882,-25.173851679901492,1.6209251227225376e-11,(4.9999999999999996e-05+0j),-1.8253408444339316,2.3189738126901113e-12,1.1720402326541535e-30,2.3189738126901113e-12,-26.347041556605877,-209.3105748002459,-26.347041556605877,1.6024175591989916e-11,(1.4888136238978696e-06+3.857863939810543e-05j),-1.9250860075711407,2.6851455755594697e-12,-3.269744948511531e-13,2.7049804217830787e-12,-25.710321639873925,-34.85486122499975,-25.67835873900238,1.5990148379429643e-11,(3.323752699426218e-05-3.0484974634970598e-05j),-1.9435500378939705,2.681217777995375e-12,3.30655143087212e-13,2.7015294921004435e-12,-25.716679096499014,-34.806247177898044,-25.68390286985948,1.598941601266975e-11,(-3.324544252195985e-05+3.0400266382643842e-05j),-1.943947870508207
450.0,3.121001671521746e-12,-2.1131491008898984e-13,3.1281472831162297e-12,-25.057059987385518,-36.7506985864612,-25.04712807166278,1.6689152532388604e-11,(4.9999999999999996e-05+0j),-1.5719142340407433,2.373839834370065e-12,4.361774105424636e-30,2.373839834370065e-12,-26.245485867276077,-203.60336830116313,-26.245485867276077,1.621263030915988e-11,(7.674331017800906e-06+3.829999378023504e-05j),-1.8235303182413403,2.75601224968772e-12,-2.8264953389909533e-13,2.7704682419118512e-12,-25.597188564451233,-35.487517263730396,-25.574468238262178,1.6041992634687402e-11,(3.136573605469517e-05-3.370893723716976e-05j),-1.9154336611243163,2.752154664378566e-12,2.8635226627834963e-13,2.767011549860868e-12,-25.603271634602432,-35.43099375399309,-25.57989028054432,1.6041211927993852e-11,(-3.137969750615518e-05+3.362608558361611e-05j),-1.9158563827491446
460.0,3.238363642803348e-12,-3.205433875999073e-13,3.254189168804511e-12,-24.896743849848978,-34.94113177627519,-24.8755720475502,1.7361493913191115e-11,(4.9999999999999996e-05+0j),-1.2288580652019485,2.4540628053919737e-12,1.473582753437898e-29,2.4540628053919737e-12,-26.101143268224885,-198.3162547002629,-26.101143268224885,1.6484303795503657e-11,(1.4100303335472248e-05+3.7128435024368634e-05j),-1.679187719190146,2.8559086303790054e-12,-2.2904867489772244e-13,2.8650789518869613e-12,-25.442556911384997,-36.400722163798065,-25.428634058444434,1.6202061455748058e-11,(2.9019927396233475e-05-3.715901866515299e-05j),-1.8291944102064803,2.852094529584776e-12,2.3282209781359464e-13,2.861581614233242e-12,-25.44836084361302,-36.32975801929991,-25.433938632080874,1.6201228097445363e-11,(-2.9040359306692668e-05+3.707831080863459e-05j),-1.8296411832562276
470.0,3.3789366341588832e-12,-3.868341794478231e-13,3.401007712436129e-12,-24.712199525557267,-34.12475160003248,-24.68392383220276,1.8144642221974198e-11,(4.9999999999999996e-05+0j),-0.8456317301747385,2.5508690149802476e-12,6.286996274946494e-29,2.5508690149802476e-12,-25.933118414810732,-192.01556796969783,-25.933118414810732,1.6806289967458788e-11,(2.065746138725425e-05+3.4825577006467365e-05j),-1.5111628657759923,2.974709666528136e-12,-1.6489838149071159e-13,2.979276602860867e-12,-25.265554152725016,-37.827836070183224,-25.25889174019081,1.6444127779276733e-11,(2.6008680989003248e-05-4.070833827407369e-05j),-1.7003830570496752,2.9709274070518446e-12,1.6877395187520253e-13,2.97571744371057e-12,-25.271079598092527,-37.72694580398714,-25.26408309168891,1.6443239849286057e-11,(-2.6035992886935362e-05+4.063040870997859e-05j),-1.700852079806031
480.0,3.5272265275641477e-12,-4.027900853714081e-13,3.550150254513989e-12,-24.5256664792765,-33.949212280923064,-24.497532657264873,1.8940187425377426e-11,(4.9999999999999996e-05+0j),-0.4729144670259344,2.651954287993971e-12,7.709381583308137e-30,2.651954287993971e-12,-25.764339661809426,-201.12980457970903,-25.764339661809426,1.713605273597115e-11,(2.7083917281855227e-05+3.116046477916345e-05j),-1.342384112774685,3.0980733064016976e-12,-9.006537687640143e-14,3.0993821939139154e-12,-25.08908310208483,-40.454421293468165,-25.087248663314238,1.6733020900150404e-11,(2.2183560831680403e-05-4.412709957593246e-05j),-1.549112843187699,3.094328461778241e-12,9.405273278903059e-14,3.0957575076087565e-12,-25.094335879972,-40.2662858110293,-25.092330651829208,1.673207982582714e-11,(-2.2217977936771267e-05+4.405293476901481e-05j),-1.5496013561482411
490.0,3.663450405157999e-12,-3.672697785794521e-13,3.681814221455247e-12,-24.36109683451304,-34.35014806847113,-24.33938129094461,1.964251727395972e-11,(4.9999999999999996e-05+0j),-0.15665703842033443,2.742154065202998e-12,-3.750225670535645e-29,2.742154065202998e-12,-25.61908148456844,-194.25942597733751,-25.61908148456844,1.7425036596504024e-11,(3.2958591427309374e-05+2.600400865547128e-05j),-1.1971259355337025,3.208231208625631e-12,-6.414428819886381e-15,3.2082376210150896e-12,-24.937343408205553,-51.92842009813698,-24.937334727838106,1.7027019504155972e-11,(1.7502247512667445e-05-4.709634874215e-05j),-1.3978272431433822,3.204546564777724e-12,1.0497637870678777e-14,3.2045637591144253e-12,-24.94233413367139,-49.78908412847983,-24.94231083119984,1.702603077142966e-11,(-1.7543623009869105e-05+4.702720071098185e-05j),-1.398331633985037
500.0,3.766923520896342e-12,-2.8858096996442097e-13,3.777961327026483e-12,-24.24013197102246,-35.39732311191021,-24.227424920322264,2.0155427323755947e-11,(4.9999999999999996e-05+0j),0.06724029168099081,2.8061556814940085e-12,2.8607216440449884e-30,2.8061556814940085e-12,-25.518882386040772,-205.43524398166937,-25.518882386040772,1.7627213058244597e-11,(3.77620270923769e-05+1.9432736155037153e-05j),-1.0969268370060345,3.2871912294677274e-12,8.172257982513962e-14,3.288206921582464e-12,-24.831750304827544,-40.876579319791674,-24.830408608175514,1.7284643908139302e-11,(1.2086845033706674e-05-4.926928844804911e-05j),-1.2673911773635833,3.283602747135049e-12,-7.758465395583103e-14,3.2845192006627524e-12,-24.836493896655192,-41.10224172574139,-24.835281949874215,1.7283617105923413e-11,(-1.2134518125070755e-05+4.920647471918398e-05j),-1.267907181956717
510.0,3.821873065118192e-12,-1.8505724054833799e-13,3.8263507298933385e-12,-24.177237411518018,-37.326939180334904,-24.172152243045034,2.0413633322368486e-11,(4.9999999999999996e-05+0j),0.17780627748774996,2.832899697275019e-12,-5.423501214553071e-30,2.832899697275019e-12,-25.477688020030843,-202.65720258250124,-25.477688020030843,1.771101178816614e-11,(4.101139612953037e-05+1.1783240431885385e-05j),-1.0557324709961082,3.32194134664373e-12,1.6801867380294194e-13,3.3261876954386768e-12,-24.786080398719363,-37.74642447566498,-24.780532473614425,1.7474903919675925e-11,(6.235415006125256e-06-5.037487463717315e-05j),-1.1723039814566043,3.3184895259638577e-12,-1.638853201916931e-13,3.322533842131057e-12,-24.790595487687455,-37.85459946034545,-24.78530586795788,1.7473851787412165e-11,(-6.288197983006113e-06+5.0319499623039545e-05j),-1.1728269588585476
520.0,3.823089895772095e-12,-8.12933404275381e-14,3.823954099927529e-12,-24.175854899017782,-40.89945030470315,-24.174873293320857,2.040098671314398e-11,(4.9999999999999996e-05+0j),0.1724235467192322,2.819629522774667e-12,1.6367988259313168e-29,2.819629522774667e-12,-25.498079508240505,-197.86004695149347,-25.498079508240505,1.766948117910383e-11,(4.2417834543866634e-05+3.600775817874317e-06j),-1.0761239592057674,3.30924981016277e-12,2.4568978227767125e-13,3.3183576924704753e-12,-24.802704473822455,-36.09612904540256,-24.790768023100217,1.7586764696609872e-11,(3.5654007334117274e-07-5.031806850597299e-05j),-1.1168808542521937,3.3059686194871396e-12,-2.4162536256547515e-13,3.3147867697438097e-12,-24.807012731022166,-36.16857481292136,-24.79544403217599,1.7585701240242493e-11,(-4.128769476903009e-07+5.0270768513201886e-05j),-1.1174060983258598
530.0,3.77792700818599e-12,-1.1724205009575447e-15,3.77792719010716e-12,-24.22746437162803,-59.309165960892045,-24.227464162499164,2.015565622109854e-11,(4.9999999999999996e-05+0j),0.06733893338850051,2.773020234964998e-12,4.349769119784695e-31,2.773020234964998e-12,-25.570469613267264,-210.0,-25.570469613267264,1.752283180905887e-11,(4.197516064693097e-05-4.511677734289014e-06j),-1.1485140642325284,3.2570243728184843e-12,3.0940942768083396e-13,3.271687937299556e-12,-24.87178991530008,-35.09466457516468,-24.85228127241571,1.7632555795506535e-11,(-5.152940045596807e-06-4.921505862726441e-05j),-1.0942945777436424,3.253931962803954e-12,-3.054688724698764e-13,3.2682387383123058e-12,-24.875915320653306,-35.150330381327805,-24.856862266363624,1.7631494035171844e-11,(5.0946933081205315e-06+4.9175884243801304e-05j),-1.094817622211665
540.0,3.703367926955979e-12,3.858756408595209e-14,3.70356895473924e-12,-24.314031389608143,-44.135526362360615,-24.31379565043986,1.975924072809691e-11,(4.9999999999999996e-05+0j),-0.10519486728910007,2.70662239098681e-12,-1.381972301004953e-29,2.70662239098681e-12,-25.67572329729984,-198.59500661477924,-25.67572329729984,1.7311775370091676e-11,(3.9926154295418195e-05-1.2061690012227421e-05j),-1.2537677482651002,3.1813180105389766e-12,3.565168026819781e-13,3.201232343141349e-12,-24.97392915828457,-34.47919996975931,-24.94682803930754,1.7643383084890946e-11,(-1.0020992954934166e-05-4.734070933966328e-05j),-1.0889626349741275,3.178412624216715e-12,-3.527353665311244e-13,3.1979257415678108e-12,-24.97789722991465,-34.52550994204678,-24.951316251431823,1.7642333195764744e-11,(9.962286527595221e-06+4.7309186924559135e-05j),-1.089479513872804
550.0,3.620337215056689e-12,3.1212793398538003e-14,3.6204717633474458e-12,-24.41250975373581,-45.056673622772095,-24.412348353040375,1.9316233587420946e-11,(4.9999999999999996e-05+0j),-0.30215094132001696,2.6364235605399033e-12,4.339052180572728e-29,2.6364235605399033e-12,-25.789848159186988,-193.62605127100903,-25.789848159186988,1.7085801840743614e-11,(3.663881591653254e-05-1.8762982915128796e-05j),-1.3678926101522524,3.101102023958471e-12,3.869696341919238e-13,3.1251526779960617e-12,-25.084839455610222,-34.123231130697114,-25.051287605306367,1.7659636762789404e-11,(-1.4148078354832809e-05-4.502637673354683e-05j),-1.080964584777683,3.098363400284894e-12,-3.8335971161902723e-13,3.121989818804282e-12,-25.08867646136933,-34.1639353032315,-25.05568517559421,1.765860509812802e-11,(1.4089989584026126e-05+4.500169419665529e-05j),-1.0814720237057083
560.0,3.548633135975202e-12,-2.1184003750585838e-14,3.5486963656751618e-12,-24.49938896470117,-46.73991955349411,-24.499311582610396,1.8933619874505872e-11,(4.9999999999999996e-05+0j),-0.47592684030981247,2.5770812100178774e-12,-3.558223955977894e-30,2.5770812100178774e-12,-25.888718955713586,-204.4876672073089,-25.888718955713586,1.689241822954151e-11,(3.2472656399626456e-05-2.4532162878041836e-05j),-1.466763406678847,3.033822798029377e-12,4.023753508232593e-13,3.0603899576349643e-12,-25.18009789431123,-33.95368631653235,-25.142232317998555,1.772169778805352e-11,(-1.7585870380034605e-05-4.2567725660753676e-05j),-1.0504933899538558,3.0312167579604565e-12,-3.9892920150989324e-13,3.057354991092402e-12,-25.183830067467753,-33.991041722877114,-25.146541321859853,1.7720686794034978e-11,(1.7529056800426316e-05+4.254894646780892e-05j),-1.0509889199570273
570.0,3.50431210811316e-12,-1.1045116475851286e-13,3.5060523114843867e-12,-24.55397220770238,-39.56829699932631,-24.55181608373563,1.8706372036383015e-11,(4.9999999999999996e-05+0j),-0.5808085645172658,2.5400961629456652e-12,-1.0435699876665368e-29,2.5400961629456652e-12,-25.951498415508794,-199.81478419393818,-25.951498415508794,1.677076418517318e-11,(2.7692119617889807e-05-2.9422174023139778e-05j),-1.5295428664740551,2.9932476376789415e-12,4.04806504867074e-13,3.0204966026885813e-12,-25.238573515766042,-33.927525174005254,-25.199216484080896,1.7863983032267872e-11,(-2.048218141218322e-05-4.017507831339753e-05j),-0.9810339621193962,2.9907311232720774e-12,-4.01501827026112e-13,3.017561328094852e-12,-25.242226297397195,-33.963124741323654,-25.20343894658112,1.7862991745716872e-11,(2.042693064079913e-05+4.016131349230917e-05j),-0.9815159623803976
580.0,3.499293449903716e-12,-2.2496099727028848e-13,3.5065170894823676e-12,-24.56019636159548,-36.478927713934524,-24.551240401675074,1.8709022007635174e-11,(4.9999999999999996e-05+0j),-0.579578196190704,2.533642734891589e-12,6.359160703225884e-29,2.533642734891589e-12,-25.962546243396968,-191.96600199762045,-25.962546243396968,1.6749446537566237e-11,(2.243630613321204e-05-3.3540571881220284e-05j),-1.5405906943622318,2.989270379482124e-12,3.9588113266235266e-13,3.015370503412015e-12,-25.244348012516422,-34.024351958378034,-25.206593177853645,1.811240137410544e-11,(-2.302741389339383e-05-3.796287257609697e-05j),-0.8610792400907488,2.986795344147113e-12,-3.926868979303983e-13,3.0124988676554004e-12,-25.247945343267716,-34.05953588802041,-25.21073107660595,1.811142615284334e-11,(2.2973737740403864e-05+3.795338871640784e-05j),-0.8615469247522345
590.0,3.5419953405319786e-12,-3.5090987320769297e-13,3.5593354339630434e-12,-24.50752014456667,-34.548044122938634,-24.486310818880828,1.899086318220132e-11,(4.9999999999999996e-05+0j),-0.4497058141714241,2.563109900468697e-12,-5.321645446179622e-29,2.563109900468697e-12,-25.91232771832206,-192.73954063624743,-25.91232771832206,1.6846565978843654e-11,(1.672708840800977e-05-3.697956038699746e-05j),-1.490372169287322,3.028561573889715e-12,3.7622091582695663e-13,3.051839999794718e-12,-25.187635922405036,-34.24557063714595,-25.154382390748715,1.8483530952676186e-11,(-2.541806728815361e-05-3.5958822904102855e-05j),-0.6849011310282899,3.026077451307874e-12,-3.731023040050597e-13,3.048991648163019e-12,-25.1911996056757,-34.28172069068005,-25.15843765257998,1.8482566213137262e-11,(2.5365802688732148e-05+3.595309664834152e-05j),-0.6853544989415371
600.0,3.6378372883150223e-12,-4.723357541834556e-13,3.6683731000179425e-12,-24.39156729782496,-33.25749178588316,-24.355264998726184,1.9572509109371828e-11,(4.9999999999999996e-05+0j),-0.18766983598591153,2.6314796090017068e-12,3.2650348402369113e-29,2.6314796090017068e-12,-25.797999909259552,-194.8611218013411,-25.797999909259552,1.7069774253986584e-11,(1.0497340859848833e-05-3.976199563159006e-05j),-1.3760443602248125,3.1150270152314968e-12,3.452078091717277e-13,3.134096638129589e-12,-25.065381825473185,-34.61919388386061,-25.03887616431767,1.8983551268782427e-11,(-2.783572221683613e-05-3.411572243787207e-05j),-0.4530507228265106,3.1124823815276193e-12,-3.4213029307376334e-13,3.1312297444867536e-12,-25.068930982502607,-34.658084705903825,-25.042850661734562,1.8982590158944727e-11,(2.7784624254016684e-05+3.41134612770344e-05j),-0.45349048803141034
610.0,3.788747769637247e-12,-5.703489932921712e-13,3.831436758721277e-12,-24.21504306285033,-32.4385932067767,-24.166383384656523,2.0442268012582997e-11,(4.9999999999999996e-05+0j),0.1899816446499789,2.7389289783170255e-12,2.5192403235337664e-30,2.7389289783170255e-12,-25.624192290548784,-205.98730400899598,-25.624192290548784,1.7414786663603993e-11,(3.6331649312760944e-06-4.179775593208513e-05j),-1.2022367415140427,3.2493382296726017e-12,3.0096986213856075e-13,3.263247123453506e-12,-24.88205079779958,-35.21476990659385,-24.86350036145222,1.960537850669145e-11,(-3.043199737036544e-05-3.23176044260166e-05j),-0.17309528682327352,3.2466827739265583e-12,-2.979031709823374e-13,3.2603213543748694e-12,-24.88560143238356,-35.259248739826674,-24.867395914800632,1.960441355887375e-11,(3.0381826079622885e-05+3.231874810617697e-05j),-0.17352280402299242
620.0,3.991062270102785e-12,-6.224590733837485e-13,4.039310998409971e-12,-23.989114961320244,-32.05889198108393,-23.93692707935811,2.1551003994997513e-11,(4.9999999999999996e-05+0j),0.6487502349667394,2.881256354979645e-12,3.761652649390587e-30,2.881256354979645e-12,-25.404180993731575,-204.24621309640926,-25.404180993731575,1.7861532717372518e-11,(-3.963074662536257e-06-4.284859361219851e-05j),-0.9822254446968391,3.427037954620181e-12,2.406596030329943e-13,3.435477577708705e-12,-24.65081085709955,-36.18596804001045,-24.640128816185346,2.0323149037895344e-11,(-3.3308180354075804e-05-3.0380964497630922e-05j),0.13922012728611577,3.4242261979401705e-12,-2.3758250286601817e-13,3.4324583756147543e-12,-24.654375543709058,-36.24185546807625,-24.643947206171894,2.032217291333236e-11,(3.3258790141710035e-05+3.0385669168427112e-05j),0.13880293240012698
630.0,4.2316047750709285e-12,-6.034822840132487e-13,4.274420409777322e-12,-23.73494901469371,-32.19335474644046,-23.69122765122992,2.2804995829576857e-11,(4.9999999999999996e-05+0j),1.1400000298430106,3.047075423501977e-12,-3.7694095340749267e-29,3.047075423501977e-12,-25.161167956607166,-194.23726675305323,-25.161167956607166,1.83683174000412e-11,(-1.2275883168142983e-05-4.2515431235698614e-05j),-0.7392124075724283,3.6351151961103847e-12,1.6126532169910972e-13,3.638690560211923e-12,-24.394818218771952,-37.924590127344636,-24.390548759077358,2.1084549060842797e-11,(-3.648040325281871e-05-2.8061160387072558e-05j),0.4586864289935396,3.6321134697321875e-12,-1.5817183430899087e-13,3.6355558840676156e-12,-24.39840592279591,-38.008708488611944,-24.394291751968026,2.108355550505672e-11,(3.6431840611731675e-05+2.8069753025140275e-05j),0.4582771188764476
640.0,4.4829875663380016e-12,-4.902018861468795e-13,4.509709016014567e-12,-23.484324656575815,-33.096250220484336,-23.458514795890327,2.4059955072306473e-11,(4.9999999999999996e-05+0j),1.6052963274555818,3.214681362476692e-12,-2.2654595030710238e-29,3.214681362476692e-12,-24.92862067646781,-196.44843696782073,-24.92862067646781,1.8866734559141566e-11,(-2.104518475842226e-05-4.028718146840062e-05j),-0.5066651274330695,3.84807854366866e-12,6.12750065619337e-14,3.848566370049018e-12,-24.147560720984238,-42.12716633567334,-24.147010194598323,2.180437631429878e-11,(-3.983084061170554e-05-2.508449137610494e-05j),0.7502734619358447,3.844875880914473e-12,-5.818145717500918e-14,3.845316062639956e-12,-24.151176753954484,-42.35215405895066,-24.150679579121856,2.1803361343539224e-11,(3.978343880052857e-05+2.5097370527061307e-05j),0.7498691335079792
650.0,4.7017846502529275e-12,-2.714363032283692e-13,4.709613207479392e-12,-23.2773726618271,-35.66332068108197,-23.270147592734784,2.5126212446133742e-11,(4.9999999999999996e-05+0j),1.9819406363547185,3.3513836170523855e-12,1.0956560915880042e-29,3.3513836170523855e-12,-24.747758576814295,-199.60325742351276,-24.747758576814295,1.9263706123693616e-11,(-2.9647342261715347e-05-3.570471842830812e-05j),-0.32580302777955655,4.0268502545831974e-12,-5.6838239888773606e-14,4.027251365180775e-12,-23.950345200864813,-42.453593793446515,-23.949912625942048,2.2367177491050425e-11,(-4.3069167553501554e-05-2.1229435430165553e-05j),0.971623767400951,4.023470943173338e-12,5.988841717077615e-14,4.023916630979247e-12,-23.953991307269973,-42.22657165010326,-23.953510257356143,2.2366140563205624e-11,(4.302359506906236e-05+2.1246900774686174e-05j),0.9712210858554758
660.0,4.835672231468709e-12,3.8930541558022005e-14,4.8358289379654e-12,-23.155431438924584,-44.09709554822175,-23.155290702206244,2.579947837540639e-11,(4.9999999999999996e-05+0j),2.211618592827815,3.419617329795574e-12,-1.6216836341366662e-29,3.419617329795574e-12,-24.660224906855632,-197.90033866123485,-24.660224906855632,1.9458821211649803e-11,(-3.7109453132242964e-05-2.8644583019553966e-05j),-0.23826935782089032,4.1257531003314244e-12,-1.8446048257134406e-13,4.129874612445856e-12,-23.84496765304217,-37.34096659528897,-23.840631338035298,2.2648955782315918e-11,(-4.5759541901727294e-05-1.6453289278062716e-05j),1.0803637647507418,4.122263776471202e-12,1.8739973817570007e-13,4.126521210980859e-12,-23.848642219210273,-37.27231020219469,-23.844159182056064,2.2647900325869676e-11,(4.5716735324838976e-05+1.6475328173686404e-05j),1.0799589870686173
670.0,4.8424007893848155e-12,3.956860559734081e-13,4.8585401984471095e-12,-23.149392682989074,-34.02649254056709,-23.134941996663557,2.5920734836863676e-11,(4.9999999999999996e-05+0j),2.2523462738020643,3.3912902167762167e-12,-5.4603360926894585e-30,3.3912902167762167e-12,-24.696350429699926,-202.62780624931122,-24.696350429699926,1.9378058008139534e-11,(-4.2380095271099363e-05-1.9578752088786043e-05j),-0.2743948806651917,4.109630270508692e-12,-3.0738686288027495e-13,4.1211100014137845e-12,-23.86197248367408,-35.12314697345452,-23.849857930538107,2.2559085524404303e-11,(-4.746096434609126e-05-1.0992680416880451e-05j),1.0458299009654521,4.1061320764412305e-12,3.1013843875657306e-13,4.1178278837724556e-12,-23.865670853728567,-35.084444036907236,-23.853318099010913,2.2558018074999804e-11,(4.7421907728564554e-05+1.1018814791945262e-05j),1.045418892856166
680.0,4.711367574971174e-12,7.33781580364845e-13,4.7681673454454696e-12,-23.26853011330815,-31.344331942512476,-23.216485108332204,2.5438900237256034e-11,(4.9999999999999996e-05+0j),2.0893667300096146,3.2628567176259343e-12,3.6998074417627695e-29,3.2628567176259343e-12,-24.86401997039792,-194.3182087840761,-24.86401997039792,1.900757770462152e-11,(-4.478408178491978e-05-9.551442105888798e-06j),-0.4420644213631838,3.972361712332518e-12,-4.1046973057722626e-13,3.993512610888499e-12,-24.00951212714986,-33.8671886370405,-23.98644939795266,2.208208358717512e-11,(-4.7933595226569974e-05-5.325194966423312e-06j),0.8602010763058572,3.9689652759815264e-12,4.1297040818844823e-13,3.99039220127376e-12,-24.013227006684428,-33.84081067038275,-23.98984416975379,2.208101140417728e-11,(4.789902224601002e-05+5.35451301722277e-06j),0.8597793276401583
690.0,4.469898998776602e-12,9.944044009943085e-13,4.579174289321266e-12,-23.497022900156157,-30.02436962279411,-23.392128263456424,2.4431135969062614e-11,(4.9999999999999996e-05+0j),1.7382733014456404,3.0581952706612435e-12,8.157048016471164e-31,3.0581952706612435e-12,-25.14534787640791,-210.0,-25.14534787640791,1.8401803094575162e-11,(-4.433122476551722e-05+2.1231078544920247e-07j),-0.7233923273731717,3.741094344270515e-12,-4.838214473490813e-13,3.772250003068168e-12,-24.27001339468344,-33.15314883682069,-24.23399532436559,2.1287350892193287e-11,(-4.725697910558213e-05+2.7258045316862336e-08j),0.541832465805202,3.737889581343621e-12,4.860396457601703e-13,3.769357114889469e-12,-24.273735319891422,-33.133283043331204,-24.237327148510612,2.1286279051433802e-11,(4.7227169689378495e-05+4.126869183972762e-09j),0.5413951110125413
700.0,4.168069366983192e-12,1.146334294634291e-12,4.322832932584646e-12,-23.80065061914064,-29.406887147038194,-23.642315486113045,2.3064250695951934e-11,(4.9999999999999996e-05+0j),1.2381870857670805,2.8160394534423944e-12,-2.123707944516359e-31,2.8160394534423944e-12,-25.503612649090822,-210.0,-25.503612649090822,1.7658228837836684e-11,(-4.162307159876743e-05+8.785682243744387e-06j),-1.0816571000560837,3.4617035835075156e-12,-5.257849799943039e-13,3.5014056527709533e-12,-24.607101223527007,-32.79191824465417,-24.557575714530717,2.0297708974631016e-11,(-4.576068027099088e-05+4.711491420727824e-06j),0.12834051412179912,3.458741403827845e-12,5.27724365474672e-13,3.498769084187846e-12,-24.610819072220856,-32.77592853621038,-24.56084719641217,2.0296638373901323e-11,(4.5735462422358775e-05-4.679076325617163e-06j),0.1278823656162032
710.0,3.8560067501157015e-12,1.1886128470515847e-12,4.0350450501963324e-12,-24.13862214516241,-29.249595800062465,-23.941516121333713,2.152974087787978e-11,(4.9999999999999996e-05+0j),0.6401761444217419,2.573135542756843e-12,-2.800396848437702e-29,2.573135542756843e-12,-25.895373362455686,-195.5278041977416,-25.895373362455686,1.687948161876146e-11,(-3.748584468953908e-05+1.5759676159304507e-05j),-1.4734178134209508,3.178554838637181e-12,-5.411146124442329e-13,3.224285329499315e-12,-24.977702914186505,-32.667107380722044,-24.915665327652206,1.9242245845320997e-11,(-4.384552427595639e-05+8.622860845105338e-06j),-0.3354847325194427,3.1758468890182757e-12,5.428049779578615e-13,3.221900170176428e-12,-24.981404435425986,-32.653561781646275,-24.91887920221326,1.92411727718324e-11,(4.382443219692011e-05-8.590186906488768e-06j),-0.3359691280452464
720.0,3.5698439774934188e-12,1.1393017054577631e-12,3.747238236315514e-12,-24.473507646145244,-29.433612525103317,-24.26288695102577,1.999522787337025e-11,(4.9999999999999996e-05+0j),-0.002072755558379398,2.3546728458335576e-12,3.9501247973489526e-30,2.3546728458335576e-12,-26.280694244667295,-204.033891833751,-26.280694244667295,1.614704519612615e-11,(-3.264175736704565e-05+2.115817347044882e-05j),-1.858738695632551,2.9226312727427368e-12,-5.370617727049181e-13,2.9715667423288306e-12,-25.34225972981375,-32.69975758989513,-25.270145109048116,1.82236992367942e-11,(-4.183934539164538e-05+1.1849535325514668e-05j),-0.8078691289725624,2.920160976260488e-12,5.385459796402666e-13,2.9694059842772095e-12,-25.34593207053411,-32.68777211861662,-25.273304205657745,1.8222616091073804e-11,(4.182180819432686e-05-1.1817066389153481e-05j),-0.8083853997729135
730.0,3.3295661517352796e-12,1.0226276169735156e-12,3.483070197652957e-12,-24.776123521340434,-29.90282482940158,-24.580377727005036,1.858687586383764e-11,(4.9999999999999996e-05+0j),-0.6364719447557692,2.1735567671121378e-12,-6.507540021288188e-30,2.1735567671121378e-12,-26.628290127900932,-201.86583152304988,-26.628290127900932,1.5513624192059604e-11,(-2.756996580984284e-05+2.523188639756258e-05j),-2.2063345788661963,2.710279586947176e-12,-5.203376344508033e-13,2.7597765658198516e-12,-25.669859058764146,-32.837147617587256,-25.59126077412853,1.730899404617796e-11,(-3.9944975230979775e-05+1.4573055493630008e-05j),-1.255163342471789,2.708015046891871e-12,5.216613678174714e-13,2.7578027625024195e-12,-25.673489268539708,-32.826113242224736,-25.59436797703285,1.730789046232307e-11,(3.9930453418100604e-05-1.4540998218236512e-05j),-1.255717153579245
740.0,3.1432207921688704e-12,8.611609896370699e-13,3.2590543411234182e-12,-25.026251113614514,-30.64915651827052,-24.869083980947554,1.7392725698237796e-11,(4.9999999999999996e-05+0j),-1.2132469587422012,2.0340205137543763e-12,-5.99325103550985e-29,2.0340205137543763e-12,-26.91644671390952,-192.22337530904656,-26.91644671390952,1.50073992830219e-11,(-2.2514969416043416e-05+2.8286872525111633e-05j),-2.494491164874781,2.547333719743983e-12,-4.95801298186735e-13,2.595135450613006e-12,-25.93914155488183,-33.04692340427017,-25.858399696387977,1.6534587441562567e-11,(-3.825213843231665e-05+1.6993179315086635e-05j),-1.6527326492868237,2.5452373910843217e-12,4.970074559340062e-13,2.5933086565674586e-12,-25.942717053390375,-33.03637096082145,-25.861457902624565,1.653345129909772e-11,(3.824019412275832e-05-1.6961562298106862e-05j),-1.653329504040991
750.0,3.012072265290755e-12,6.730987619818663e-13,3.086363762539228e-12,-25.2113461280317,-31.719212082323473,-25.105528887870364,1.6472316714799242e-11,(4.9999999999999996e-05+0j),-1.6855062350488959,1.9355943895100246e-12,-3.413052042354828e-30,1.9355943895100246e-12,-27.13185645402207,-204.66857089531143,-27.13185645402207,1.4639793484566966e-11,(-1.7551281064916175e-05+3.059023185555016e-05j),-2.709900904987332,2.433814938376866e-12,-4.663247839207053e-13,2.478086753599454e-12,-26.137124475921013,-33.31311502336692,-26.058834937831904,1.591626057814086e-11,(-3.676915133727013e-05+1.929089157832796e-05j),-1.983779098813602,2.431849268369662e-12,4.674514589547991e-13,2.4763686580452902e-12,-26.140633471394352,-33.30263480411976,-26.061847012364705,1.5915078759691037e-11,(3.6759472271676964e-05-1.925963734937272e-05j),-1.9844240697664821
760.0,2.934356330349615e-12,4.724661259728853e-13,2.972149275129815e-12,-25.32487149215264,-33.256293233037454,-25.26929382079322,1.5863723117516494e-11,(4.9999999999999996e-05+0j),-2.0124974899198143,1.8758601733511606e-12,-2.2804891174960066e-29,1.8758601733511606e-12,-27.26799537068476,-196.41971995873257,-27.26799537068476,1.4412124481279333e-11,(-1.2648532521092611e-05+3.233306792460709e-05j),-2.846039821650019,2.36724554859848e-12,-4.3312513737767397e-13,2.406542929595844e-12,-26.25756691428588,-33.633866102955324,-26.1860638666882,1.5457641552102407e-11,(-3.54497991129189e-05+2.1616937481200296e-05j),-2.2377352691652646,2.365375659759711e-12,4.342055924253582e-13,2.4048984403249017e-12,-26.260998764886022,-33.623045872753515,-26.18903259305862,1.5456400515777585e-11,(3.544219941685748e-05-2.158591738806427e-05j),-2.238432654808743
770.0,2.9073349390216907e-12,2.704355277234816e-13,2.919885583770593e-12,-25.36504932526235,-35.67936254739593,-25.346341661237123,1.558541580220539e-11,(4.9999999999999996e-05+0j),-2.1662320476961825,1.8518954421689374e-12,3.524805453196906e-29,1.8518954421689374e-12,-27.323835371848276,-194.52864848299444,-27.323835371848276,1.4319768747298823e-11,(-7.720018079957577e-06+3.3621457351664904e-05j),-2.901879822813542,2.3444059869292767e-12,-3.9615902397464036e-13,2.377641983946779e-12,-26.299671782275333,-34.0213044697517,-26.23853539163028,1.5155768946842973e-11,(-3.420881522280148e-05+2.4090798697596655e-05j),-2.4090403985813085,2.342600709239974e-12,3.972224554214185e-13,2.3760395118816205e-12,-26.303017295641805,-34.00966208338911,-26.241463416161473,1.5154455261054534e-11,(3.420322766834987e-05-2.4059873625223613e-05j),-2.409793314805639
780.0,2.9280136076659983e-12,7.681463636500738e-14,2.9290210267318227e-12,-25.334269092664726,-41.14556021024061,-25.33277510612418,1.5634414550861088e-11,(4.9999999999999996e-05+0j),-2.138967449018636,1.860744281480108e-12,2.2816459290589608e-30,1.860744281480108e-12,-27.303133070266455,-206.41751749482464,-27.303133070266455,1.4353939770932206e-11,(-2.6571992556781842e-06+3.447628435379739e-05j),-2.881177521231721,2.361910395864692e-12,-3.5444891025224336e-13,2.388358169972148e-12,-26.267365823023788,-34.504463545416435,-26.219005437159147,1.5003831974037303e-11,(-3.292781661087193e-05+2.6799972052172613e-05j),-2.496556075309519,2.360142637660271e-12,3.555212717999181e-13,2.3867694997222107e-12,-26.270617492007315,-34.49134409142527,-26.221895205962383,1.50024329756655e-11,(3.292428266485436e-05-2.6769025661552436e-05j),-2.497366009201025
790.0,2.9928822976569606e-12,-9.872231236342604e-14,2.9945100672041143e-12,-25.23910362506028,-40.05584680752945,-25.23674222528396,1.5983808466347783e-11,(4.9999999999999996e-05+0j),-1.9469945778569955,1.8992160345122808e-12,6.476924678413068e-30,1.8992160345122808e-12,-27.214256317557396,-201.88631153423145,-27.214256317557396,1.4501567794151808e-11,(2.6413024133813387e-06+3.483398816877826e-05j),-2.792300768522658,2.4159508386742254e-12,-3.0636063006632017e-13,2.4352977827250053e-12,-26.169119072651988,-35.13767045970019,-26.134479266517516,1.499167888591154e-11,(-3.145643782536347e-05+2.9793764946969033e-05j),-2.5035944877233716,2.4141979413976633e-12,3.0746507975090527e-13,2.433698106897186e-12,-26.17227124738878,-35.122042019460416,-26.137332957198723,1.4990183610839802e-11,(3.145509558857717e-05-2.9762735634169036e-05j),-2.5044608644712363
800.0,3.0969067224565243e-12,-2.4593556960241773e-13,3.1066566517708512e-12,-25.090718752155357,-36.09178654811903,-25.077067423939,1.6581918777191896e-11,(4.9999999999999996e-05+0j),-1.627904242877416,1.963201545028975e-12,-2.2058519417679293e-29,1.963201545028975e-12,-27.070351128295332,-196.56423641048636,-27.070351128295332,1.4743826672451332e-11,(8.237642208077752e-06+3.4548896535467964e-05j),-2.648395579260594,2.5014356607905866e-12,-2.4992512095475747e-13,2.5138899998128576e-12,-26.018106630875735,-36.021900890367554,-25.996537296410946,1.510469038907526e-11,(-2.9615027468342132e-05+3.306876811261164e-05j),-2.4383633597486862,2.4996801248636462e-12,2.510817887045955e-13,2.512258504067094e-12,-26.02115562885877,-36.00184786099993,-25.999356750010346,1.5103090886679076e-11,(2.961609314249715e-05-3.3037683332143835e-05j),-2.4392831956793843
810.0,3.23199351082857e-12,-3.5420395641592434e-13,3.2513447213081973e-12,-24.905295198696585,-34.50746592101315,-24.87936982326331,1.735351318081509e-11,(4.9999999999999996e-05+0j),-1.2328517133485608,2.0466832795070727e-12,2.4343054038072529e-29,2.0466832795070727e-12,-26.889493584145036,-196.1362493684227,-26.889493584145036,1.5054040979145486e-11,(1.4114423299776125e-05+3.340503157055183e-05j),-2.4675380351102962,2.6107437757142684e-12,-1.8332690790836502e-13,2.617172485258478e-12,-25.83235748726164,-37.3677378654638,-25.821676541551312,1.5321706504414096e-11,(-2.720726598436142e-05+3.654668330151421e-05j),-2.3144571345329914,2.6089745075349846e-12,1.8455177084479776e-13,2.615493708095924e-12,-25.83530164399578,-37.33881783226741,-25.824463203861182,1.5319999551665602e-11,(2.7211001446025595e-05-3.651569523014127e-05j),-2.3154248615374216
820.0,3.3854179310073923e-12,-4.1403077182639506e-13,3.4106415888518007e-12,-24.703877098661543,-33.82967379802375,-24.67163916524081,1.8203006259872314e-11,(4.9999999999999996e-05+0j),-0.8177375445050621,2.140781972401982e-12,-1.0794730028560852e-29,2.140781972401982e-12,-26.694275611055197,-199.66788214707464,-26.694275611055197,1.539621590064579e-11,(2.0129214683607788e-05+3.115086385580226e-05j),-2.2723200620204587,2.7325370334942784e-12,-1.0565128037678555e-13,2.7345787303464067e-12,-25.634339434374645,-39.76125235410501,-25.631095684814102,1.5613115762580734e-11,(-2.4052066459389095e-05+4.0051734883801666e-05j),-2.150808317799117,2.730750930004382e-12,1.0695413417496744e-13,2.732844640395227e-12,-25.63717909767846,-39.70802423671464,-25.63385056831628,1.5611304790580563e-11,(2.405872538303531e-05-4.002114901409061e-05j),-2.151815856300718
830.0,3.539225897267911e-12,-4.2007981821884817e-13,3.5640688833924957e-12,-24.510917168747845,-33.76668182653222,-24.480539108674407,1.902122623038742e-11,(4.9999999999999996e-05+0j),-0.43582969497959556,2.2335033416338085e-12,3.728399523265404e-29,2.2335033416338085e-12,-26.510133934262875,-194.28477556228785,-26.510133934262875,1.5726101573268287e-11,(2.598179757174023e-05+2.75693603848086e-05j),-2.088178385228136,2.8514847331128976e-12,-1.782940078434142e-14,2.851540473271993e-12,-25.449289492910708,-47.488632524739444,-25.44920459886714,1.59408766892991e-11,(-2.0039328598807265e-05+4.3304773744848484e-05j),-1.9703558671153079,2.849687934389538e-12,1.92113700364214e-14,2.8497526910495213e-12,-25.452026964101258,-47.164416628300565,-25.451928275609013,1.593897341153603e-11,(2.004907990913044e-05-4.327505333801614e-05j),-1.9713929899730362
840.0,3.67200209794231e-12,-3.750426412151499e-13,3.691105036438595e-12,-24.350970793432055,-34.259193514945935,-24.328435960677876,1.9698757539313523e-11,(4.9999999999999996e-05+0j),-0.1318232183083477,2.311047566481731e-12,-1.7523222500071224e-29,2.311047566481731e-12,-26.36191115685778,-197.56386024577384,-26.36191115685778,1.59967668568195e-11,(3.1227252521589133e-05+2.257853791081212e-05j),-1.9399556078230424,2.9500006440406513e-12,7.658075602265088e-14,2.9509944784823398e-12,-25.301778892071688,-41.1588035051321,-25.300316030947187,1.6262488117855368e-11,(-1.5197780231340431e-05+4.5957781665966004e-05j),-1.7968600682071167,2.9482083254916537e-12,-7.512905981642274e-14,2.9491654253580285e-12,-25.3044183173061,-41.24192045994456,-25.303008662053422,1.6260513025784185e-11,(1.5210623142354232e-05-4.5929507626140755e-05j),-1.797915040452798
850.0,3.763750584528826e-12,-2.922362760673129e-13,3.7750788738238e-12,-24.243791640311272,-35.342658749246695,-24.23073970098741,2.0146707620428174e-11,(4.9999999999999996e-05+0j),0.0634817621604881,2.3610615378901434e-12,-3.181161073656652e-29,2.3610615378901434e-12,-26.268926934728057,-194.97414340440187,-26.268926934728057,1.6168935417943354e-11,(3.536386602903777e-05+1.632318487714471e-05j),-1.846971385693319,3.012457550744111e-12,1.7141186462300714e-13,3.0173303634784083e-12,-25.210790641208035,-37.659591207910644,-25.20377136897944,1.653961576678554e-11,(-9.738814944466772e-06+4.768087244175611e-05j),-1.6500915892429935,3.0106912083477883e-12,-1.699100188439719e-13,3.0154818796547633e-12,-25.213337856322752,-37.69781011946928,-25.206432769060413,1.6537596653906906e-11,(9.754518864717173e-06-4.765465052235962e-05j),-1.6511520045784425
860.0,3.802466997182607e-12,-1.9430294448321715e-13,3.8074281213041645e-12,-24.19934546638194,-37.115206180151226,-24.193682867616182,2.0319421221378557e-11,(4.9999999999999996e-05+0j),0.13762675350389703,2.376794878280337e-12,-1.023189625066414e-29,2.376794878280337e-12,-26.240082970580545,-199.9004387216432,-26.240082970580545,1.6222718212587074e-11,(3.798200441575722e-05+9.192782821867809e-06j),-1.8181274215458059,3.0305165308313284e-12,2.591565526830333e-13,3.0415773148878694e-12,-25.18483342662304,-35.86437805701142,-25.169011395816568,1.674886241173767e-11,(-4.0317875938173625e-06+4.8276173839236385e-05j),-1.5408936142791665,3.028798796797015e-12,-2.5763090565777645e-13,3.0397361456266387e-12,-25.187295759055427,-35.890020397923024,-25.17164112270049,1.6746830725869763e-11,(4.049894667131906e-06-4.825251133731684e-05j),-1.5419473019384724
870.0,3.7887700303612595e-12,-1.0733672563233795e-13,3.790290162458955e-12,-24.215017546025805,-39.69251657246274,-24.213275417123672,2.0228298665997033e-11,(4.9999999999999996e-05+0j),0.09858723196262573,2.3597914024108134e-12,4.008698223525493e-30,2.3597914024108134e-12,-26.27126385498475,-203.969966363887,-26.27126385498475,1.6164585785184794e-11,(3.889999356406661e-05+1.7281442824437764e-06j),-1.84930830595001,3.006523620466676e-12,3.3311526929077846e-13,3.0249214970076027e-12,-25.219353798118163,-34.77405459723289,-25.19285891708638,1.688925823828216e-11,(1.4991446569324329e-06+4.7755457549012526e-05j),-1.4683883902963533,3.0048722775784654e-12,-3.3159319515522126e-13,3.023112874444625e-12,-25.221739830029165,-34.79394390476593,-25.19545637197542,1.688724417628307e-11,(-1.479242450457938e-06-4.773465954922853e-05j),-1.469424253634382
880.0,3.73552849933174e-12,-5.3256616400474814e-14,3.735908114034668e-12,-24.27647945895103,-42.736264294344906,-24.276038139351055,1.99386265852401e-11,(4.9999999999999996e-05+0j),-0.026695115606456862,2.3192794896784875e-12,8.322625991573636e-30,2.3192794896784875e-12,-26.346469126335972,-200.79739621580603,-26.346469126335972,1.6025231675569743e-11,(3.8202550598354187e-05-5.54191160720597e-06j),-1.9245135773012334,2.9526489446837406e-12,3.8923679742190354e-13,2.978194264148876e-12,-25.29788185425638,-34.097861094061,-25.26046977135817,1.698203809280257e-11,(6.506302634277927e-06+4.632960948789263e-05j),-1.4208036988415342,2.9510725388890072e-12,-3.8774092889290073e-13,2.9764361504530114e-12,-25.300201151858985,-34.114583536119454,-25.263034293572634,1.698006611819127e-11,(-6.485242720759922e-06-4.631174030422765e-05j),-1.4218123733191597
890.0,3.662980961807474e-12,-4.4643413898036096e-14,3.6632530025877924e-12,-24.36165338557253,-43.50242602144212,-24.361330857489556,1.955155958756682e-11,(4.9999999999999996e-05+0j),-0.19697179551211397,2.26878069796952e-12,-6.955440704751042e-31,2.26878069796952e-12,-26.44207481314105,-210.0,-26.44207481314105,1.5849808977753684e-11,(3.6164715538460814e-05-1.2239135629808024e-05j),-2.020119264106313,2.886484034120922e-12,4.266319708324229e-13,2.917842510789667e-12,-25.39630840352206,-33.699466026234774,-25.349381526553202,1.706323017956558e-11,(1.0804738819362535e-05+4.4320197527643895e-05j),-1.3793749260419077,2.88498047390478e-12,-4.251766224362423e-13,2.9161425711165324e-12,-25.39857121885756,-33.71430622384984,-25.351912470428243,1.7061316355391605e-11,(-1.0783076685371147e-05-4.430511496552032e-05j),-1.3803491963116805
900.0,3.592763102852897e-12,-8.396317883904904e-14,3.5937440822381792e-12,-24.445714180627064,-40.7591112742499,-24.44452853111594,1.918129314381914e-11,(4.9999999999999996e-05+0j),-0.36304226086859914,2.2222230900650765e-12,3.8988047213159356e-29,2.2222230900650765e-12,-26.532123441706634,-194.09068516691673,-26.532123441706634,1.5686339167840568e-11,(3.312191587395986e-05-1.8184880198592707e-05j),-2.1101678926718965,2.826056136013413e-12,4.4675895385035324e-13,2.861151314898344e-12,-25.48819215693856,-33.499267346951044,-25.43459173481825,1.717378559094205e-11,(1.4381065076238116e-05+4.205296146077603e-05j),-1.323279181820614,2.8246138808603273e-12,-4.453494075881822e-13,2.8595068929429046e-12,-25.490409109852862,-33.51299121054246,-25.43708852233777,1.717193705785555e-11,(-1.4359209333344242e-05-4.2040394266558844e-05j),-1.3242141543970454
910.0,3.5438745310793757e-12,-1.6587772617859767e-13,3.5477545168846234e-12,-24.505216624690917,-37.802119264962045,-24.500464383472938,1.89364296575466e-11,(4.9999999999999996e-05+0j),-0.474637934393658,2.1914455872804807e-12,-1.0303358353558215e-30,2.1914455872804807e-12,-26.59269308234848,-209.87021195033347,-26.59269308234848,1.5577333537655832e-11,(2.935978092109349e-05-2.336581648044639e-05j),-2.170737533313741,2.7866684784176875e-12,4.5204521898733555e-13,2.8230951256760828e-12,-25.54914694924229,-33.44818119670007,-25.492744878253873,1.735182660898839e-11,(1.734777917017962e-05+3.9785165887432554e-05j),-1.2336959279192077,2.7852689012909043e-12,-4.506790792029529e-13,2.8214950797280263e-12,-25.551328698944495,-33.46132601675185,-25.495207027389093,1.7350042609082814e-11,(-1.732597721060671e-05-3.977479628670172e-05j),-1.2345889994831885
920.0,3.531322433595607e-12,-2.801744837689072e-13,3.542419493985823e-12,-24.520626266061853,-35.52571419596142,-24.50700010865966,1.8908297951884118e-11,(4.9999999999999996e-05+0j),-0.48755116966609247,2.1854486319818904e-12,-7.409527861528453e-30,2.1854486319818904e-12,-26.60459396956982,-201.30209464580133,-26.60459396956982,1.5556005020458422e-11,(2.5056399157556853e-05-2.78614949497107e-05j),-2.1826384205350817,2.7799969485908806e-12,4.4467024012014083e-13,2.8153356206006968e-12,-25.559556807764814,-33.51961935053174,-25.504698247961095,1.7628552533246014e-11,(1.9884816150048444e-05+3.7678844052244744e-05j),-1.0962668296656377,2.7786166100226633e-12,-4.433396368563056e-13,2.8137626586302046e-12,-25.561713724878533,-33.532634387921675,-25.50712538171475,1.7626826102660298e-11,(-1.986317345139869e-05-3.767037234515196e-05j),-1.097117513228117
930.0,3.5664863397963273e-12,-4.136480971804746e-13,3.590394067543956e-12,-24.477594350562907,-33.83368969126817,-24.448578823499282,1.91643442712195e-11,(4.9999999999999996e-05+0j),-0.37072063350242496,2.210695730151358e-12,-5.43415114817609e-29,2.210695730151358e-12,-26.554710275748867,-192.64868286067946,-26.554710275748867,1.564560131767971e-11,(2.0270035913148605e-05-3.177125300674554e-05j),-2.132754726714129,2.814533602969389e-12,4.257846251790464e-13,2.846557912511655e-12,-25.505935618920134,-33.70810024721214,-25.45679976149501,1.8026694485053515e-11,(2.219483281440185e-05+3.580372772770765e-05j),-0.9022779451226779,2.8131458750344532e-12,-4.2447842757780894e-13,2.8449906238338098e-12,-25.508077470100883,-33.72144376143186,-25.459191605602804,1.802501416712363e-11,(-2.2173346588477616e-05-3.5796914311847385e-05j),-0.9030876185973646
940.0,3.6578452465514876e-12,-5.504572537784495e-13,3.699031634895358e-12,-24.36774672285089,-32.592764008864926,-24.3191195449111,1.974376695848874e-11,(4.9999999999999996e-05+0j),-0.1119995877317529,2.2715690176115477e-12,-3.319056348651002e-30,2.2715690176115477e-12,-26.436740633783046,-204.78985374376435,-26.436740633783046,1.585954565336558e-11,(1.4953151686160481e-05-3.515363937269361e-05j),-2.014785084748305,2.896220284256117e-12,3.9510985808122645e-13,2.9230469949847793e-12,-25.38168409119033,-34.032821344368315,-25.34164202261962,1.8559423994294737e-11,(2.4477258307455557e-05+3.414890014814521e-05j),-0.6493100445680076,2.8947964083168726e-12,-3.938156375273595e-13,2.9214614496798253e-12,-25.383819748912,-34.0470704300489,-25.34399840074846,1.8557775298117327e-11,(-2.4455853887799073e-05-3.414359055302861e-05j),-0.650081675689218
950.0,3.810919359145201e-12,-6.712290937536023e-13,3.8695807083208575e-12,-24.189702410071014,-31.731292277115195,-24.123360907763832,2.0653240330119973e-11,(4.9999999999999996e-05+0j),0.27916406089428275,2.3702573541974365e-12,-2.0363753473530075e-29,2.3702573541974365e-12,-26.252044972641745,-196.9114216923309,-26.252044972641745,1.6200392045286022e-11,(8.981549170559111e-06-3.797483067169475e-05j),-1.8300894236070078,3.0283420860104763e-12,3.5079867616734624e-13,3.0485923802802903e-12,-25.1879506785253,-34.54942054229319,-25.159006401900072,1.9227707464479898e-11,(2.6913357599157508e-05+3.262967761071286e-05j),-0.3420497926065561,3.026852186916409e-12,-3.495045925391067e-13,3.0469636725183603e-12,-25.190087868313242,-34.56547113190724,-25.16132723630581,1.9226074097496554e-11,(-2.6891924808623193e-05-3.262581784573567e-05j),-0.3427876781818126
960.0,4.026474498510951e-12,-7.516542268433032e-13,4.0960323440972016e-12,-23.950750471467547,-31.239818959886296,-23.87636622635869,2.1860762479054944e-11,(4.9999999999999996e-05+0j),0.7727061984370185,2.5055145973412732e-12,-2.6577629830504473e-30,2.5055145973412732e-12,-26.01103062677522,-205.75483751663793,-26.01103062677522,1.6656212072182812e-11,(2.2022137545192507e-06-4.005968252933371e-05j),-1.5890750777404816,3.209941668434307e-12,2.8956653567097514e-13,3.2229759994966317e-12,-24.935028595911646,-35.38251629675142,-24.917429285320296,2.0014562096093857e-11,(2.964970019380888e-05+3.108573993759119e-05j),0.006321936741439183,3.208356584268693e-12,-2.882635512087531e-13,3.221280466953438e-12,-24.93717369198967,-35.4021026746136,-24.919714608532434,2.0012927193039812e-11,(-2.962813319764718e-05-3.108338587257598e-05j),0.005612394986185841
970.0,4.2962214595215044e-12,-7.620318065066953e-13,4.363279879102525e-12,-23.66913339932051,-31.1802690122987,-23.6018692864706,2.3285826065236654e-11,(4.9999999999999996e-05+0j),1.3212330697036798,2.6699005771308695e-12,1.75150111460124e-30,2.6699005771308695e-12,-25.735049107730216,-207.56589581974598,-25.735049107730216,1.7193936470072155e-11,(-5.4833159060458435e-06-4.1050497278975574e-05j),-1.3130935586954804,3.4322114569502962e-12,2.0734576011731725e-13,3.4384688088536595e-12,-24.64425963318183,-36.833048408231335,-24.636349108898457,2.0875669928486082e-11,(3.276647315778792e-05+2.9276639197877603e-05j),0.37220851625357443,3.430506518406791e-12,-2.0603059108179484e-13,3.436687878945802e-12,-24.646417511210096,-36.86068291515979,-24.638599088307103,2.0874017592232733e-11,(-3.274471981069691e-05-2.927595665995382e-05j),0.3715209896539108
980.0,4.5961670754582166e-12,-6.704583276974499e-13,4.644810669414308e-12,-23.376041926402507,-31.736282105245014,-23.33031983910258,2.4787091842692036e-11,(4.9999999999999996e-05+0j),1.8639116057320695,2.845800949178872e-12,8.411203043648696e-30,2.845800949178872e-12,-25.457954801113406,-200.7514188317333,-25.457954801113406,1.7751294659848056e-11,(-1.3982003425001013e-05-4.0406552852760586e-05j),-1.0359992520786683,3.673165053740078e-12,1.0095137684996579e-13,3.674552039705691e-12,-24.349595561856088,-39.95887753448773,-24.347955976796307,2.1728522293312182e-11,(3.6221755210455754e-05+2.6894520358834144e-05j),0.7200039258946036,3.671326833758852e-12,-9.963018685818141e-14,3.672678436020664e-12,-24.351769514318068,-40.0160905515419,-24.350170949531964,2.172683970013663e-11,(-3.6199878087116145e-05-2.6895763148774706e-05j),0.7193312899774025
990.0,4.8807517534209334e-12,-4.5313504417828926e-13,4.9017414300209654e-12,-23.11513281026368,-33.43772349419308,-23.0964960178995,2.615723316816577e-11,(4.9999999999999996e-05+0j),2.331236161609352,3.002475673134564e-12,-1.292385641266338e-29,3.002475673134564e-12,-25.225205026814997,-198.88607875749904,-25.225205026814997,1.8233394216714983e-11,(-2.283609130278688e-05-3.751427022601438e-05j),-0.8032494777802588,3.893412002643993e-12,-2.8888981359851054e-14,3.893519178786245e-12,-24.096696366087762,-45.39267771329742,-24.096576817048252,2.2448009394821066e-11,(3.978375893871162e-05+2.3628221180137402e-05j),1.0029567955789984,3.891447644027789e-12,3.019728120514957e-14,3.891564806347392e-12,-24.098888082224782,-45.200321567366835,-24.098757328357387,2.2446289330385098e-11,(-3.976199516321152e-05-2.3631667451929786e-05j),1.002291219312402
1000.0,5.085807109332873e-12,-1.1212482322068268e-13,5.08704294549624e-12,-22.936401154424434,-39.50298228668856,-22.935345959811254,2.7145464994938983e-11,(4.9999999999999996e-05+0j),2.6533457949179318,3.0992665829047225e-12,1.875148624858974e-30,3.0992665829047225e-12,-25.087410663857113,-207.26964304257302,-25.087410663857113,1.8524958337312745e-11,(-3.1125208701911273e-05-3.1971520960314e-05j),-0.6654551148223724,4.0397318890273095e-12,-1.7400607821248136e-13,4.043477692590753e-12,-23.936474574091562,-37.594355810965055,-23.932449485003083,2.28828156853703e-11,(4.30078542612557e-05+1.9302982023435883e-05j),1.1695893365021646,4.0376770724435496e-12,1.7526973702825474e-13,4.041479385330855e-12,-23.93868418246266,-37.56293064945807,-23.934596320973714,2.288105855762915e-11,(-4.2986635734885916e-05-1.9308820696120372e-05j),1.1689223380060991
1010.0,5.148855257637389e-12,3.094099855254081e-13,5.158143561713169e-12,-22.882893166973194,-35.094656745131715,-22.875065747238285,2.752476724766765e-11,(4.9999999999999996e-05+0j),2.7738731911086276,3.0996378137339772e-12,-5.234188948367566e-29,3.0996378137339772e-12,-25.086890496128966,-192.81150603868042,-25.086890496128966,1.8526067765872797e-11,(-3.764055826400917e-05-2.3965674978150285e-05j),-0.6649349470942256,4.062899509076306e-12,-3.178541217558748e-13,4.0753139343576565e-12,-23.911639192914475,-34.977721525071566,-23.898389305540107,2.2902669511819247e-11,(4.534625583334143e-05+1.4046093740250744e-05j),1.177122210970777,4.0608174241742655e-12,3.190347764401945e-13,4.073330497400814e-12,-23.91386536108611,-34.96161974018422,-23.90050351177351,2.2900883116744846e-11,(-4.532614087910259e-05-1.4054296794148341e-05j),1.1764446901417747
1020.0,5.041071740420358e-12,7.332769506179633e-13,5.094124005005406e-12,-22.974771219931146,-31.347319661386535,-22.929304873201687,2.7183598547529374e-11,(4.9999999999999996e-05+0j),2.665539043323273,2.9910406943746913e-12,-1.9298457902013545e-29,2.9910406943746913e-12,-25.24177678168232,-197.14477393137486,-25.24177678168232,1.8198640001407172e-11,(-4.138984852940004e-05-1.4431046851861693e-05j),-0.8198212326475797,3.9438579777180555e-12,-4.4046750518248163e-13,3.968378430988157e-12,-24.040787328291813,-33.56086125482315,-24.013869195185332,2.2459393130409383e-11,(4.639816721364704e-05+8.327107767990724e-06j),1.0073604291693132,3.941824267596707e-12,4.415320042570337e-13,3.966475648153856e-12,-24.043027411205628,-33.550378112971174,-24.01595207684338,2.2457589033957364e-11,(-4.637968221339946e-05-8.337373157363548e-06j),1.006662689386629
1030.0,4.785221404130156e-12,1.0788381555220922e-12,4.905327272706246e-12,-23.200979633484735,-29.670437021527164,-23.093320121395063,2.6177152504820496e-11,(4.9999999999999996e-05+0j),2.337848149730603,2.7938865278048914e-12,6.0581038164980944e-30,2.7938865278048914e-12,-25.53791236499904,-202.17663288522817,-25.53791236499904,1.758863574368292e-11,(-4.2100496750440234e-05-4.71679071796446e-06j),-1.1159568159642992,3.70656434773427e-12,-5.273983141167557e-13,3.7438974672963425e-12,-24.310284559163556,-32.778612628075834,-24.266760536297557,2.1615737798400537e-11,(4.6126805728626334e-05+2.7675398775332596e-06j),0.6748013599922559,3.704644348921238e-12,5.283294917950889e-13,3.742127978021933e-12,-24.312534785658436,-32.77095145954397,-24.268813640304717,2.161392560597453e-11,(-4.611028310451847e-05-2.7793645950386912e-06j),0.6740731330210116
1040.0,4.441194141368702e-12,1.2976164419751958e-12,4.626879491818654e-12,-23.525002417593896,-28.86853660193755,-23.347118116563014,2.46927970924431e-11,(4.9999999999999996e-05+0j),1.830805840814147,2.549774560371372e-12,3.1266095172754566e-30,2.549774560371372e-12,-25.93498216238533,-205.0492635447239,-25.93498216238533,1.6802684197269775e-11,(-4.027045419144858e-05+4.0194200737168595e-06j),-1.513026613350592,3.4037858266486525e-12,-5.753017899461468e-13,3.452061717757881e-12,-24.68037774448474,-32.40104274744664,-24.619214483444072,2.0514272427040453e-11,(4.484514939839068e-05-2.1494587969889063e-06j),0.2205224586480362,3.402018390384358e-12,5.761013626326595e-13,3.45045242084869e-12,-24.682633430394816,-32.39501097550517,-24.62123956811912,2.0512455086175212e-11,(-4.483066577897927e-05+2.1366213501862877e-06j),0.21975294944477364
1050.0,4.07403789066231e-12,1.3828000363381727e-12,4.302315734002916e-12,-23.899749361534703,-28.59240617716941,-23.662977212141016,2.296273573039869e-11,(4.9999999999999996e-05+0j),1.199872640889564,2.300464919293049e-12,1.8353660264113027e-29,2.300464919293049e-12,-26.381843850784353,-197.36277311576134,-26.381843850784353,1.596009898670435e-11,(-3.677683719125748e-05+1.1187523536722168e-05j),-1.9598883017496125,3.0899354275163564e-12,-5.901712388088744e-13,3.1457913213272567e-12,-25.100505962277055,-32.29021959070142,-25.022700900413838,1.9314085989747034e-11,(4.3007783935497196e-05-6.2325845816076124e-06j),-0.30311670068240254,3.088330895753299e-12,5.908548998619707e-13,3.144343688968379e-12,-25.10276173847685,-32.285191585879275,-25.02469989965743,1.931225820025592e-11,(-4.299521262085168e-05+6.219188877756663e-06j),-0.3039387291785595
1060.0,3.731474531021111e-12,1.3553441710236577e-12,3.969994961909527e-12,-24.28119518287118,-28.6795040767026,-24.01210044374487,2.1191544936762443e-11,(4.9999999999999996e-05+0j),0.5026524753512417,2.0746222471961497e-12,6.359487860338883e-30,2.0746222471961497e-12,-26.830609692618665,-201.9657785736801,-26.830609692618665,1.5156442927506102e-11,(-3.244471375740489e-05+1.673160788276695e-05j),-2.4086541435839264,2.803262491758695e-12,-5.817306521708084e-13,2.8629864039803338e-12,-25.52336233889776,-32.35278052038113,-25.431807143920715,1.8142803600792088e-11,(4.100991184999521e-05-9.540468880866025e-06j),-0.846511927737591,2.8018105202934397e-12,5.823206405876897e-13,2.861684734571831e-12,-25.52561238348412,-32.34837815877778,-25.433782131959106,1.8140952884210523e-11,(-4.09990228098912e-05+9.526820617978731e-06j),-0.8473980057818754
1070.0,3.4393566342953376e-12,1.2454658314823573e-12,3.657917330293482e-12,-24.635227889130547,-29.046681825411373,-24.36766113895979,1.9528526560608947e-11,(4.9999999999999996e-05+0j),-0.20721037853842955,1.8863059828287135e-12,-7.974844986592216e-30,1.8863059828287135e-12,-27.243878577940606,-200.9827774991616,-27.243878577940606,1.4452196046638258e-11,(-2.7839907788366595e-05+2.0894113672716463e-05j),-2.8219230289058683,2.5632404144603144e-12,-5.589424936924324e-13,2.623474439284248e-12,-25.912106580464126,-32.526328718215474,-25.811231628099847,1.7081668035654196e-11,(3.910439349729963e-05-1.2259006612477395e-05j),-1.3699943622045434,2.561919712941354e-12,5.594619196645145e-13,2.6222948451904134e-12,-25.914344845729463,-32.522294688182015,-25.81318478763353,1.7079776841113114e-11,(-3.9094938081229234e-05+1.2245270821134992e-05j),-1.370956072527042
1080.0,3.2073192641207413e-12,1.0811404871423838e-12,3.384636112632861e-12,-24.938578072232048,-29.661178686494306,-24.704880161281814,1.807256467094428e-11,(4.9999999999999996e-05+0j),-0.8802041632184908,1.7394199908793614e-12,2.723781389952958e-29,1.7394199908793614e-12,-27.595955429547562,-195.64827751732452,-27.595955429547562,1.3878099652376913e-11,(-2.3261542349877173e-05+2.400329945184398e-05j),-3.1739998805128233,2.375983411811218e-12,-5.281749744670365e-13,2.4339815070898403e-12,-26.241565957548175,-32.77222180009724,-26.136827257770086,1.6172611943670267e-11,(3.741071358360114e-05-1.4602632257726163e-05j),-1.8449965947845248,2.3747689481684648e-12,5.286449571814472e-13,2.4328980759453386e-12,-26.243786384251333,-32.76835906233461,-26.13876085060847,1.6170659602188274e-11,(-3.74024737041293e-05+1.4588868400555043e-05j),-1.846045209959088
1090.0,3.036042750350915e-12,8.841631115002585e-13,3.1621669768840742e-12,-25.176921174567994,-30.534676084146245,-25.00015201062663,1.6887636031361892e-11,(4.9999999999999996e-05+0j),-1.4692227068073913,1.6326250356357417e-12,1.847996998917766e-29,1.6326250356357417e-12,-27.871135480576644,-197.33298738394328,-27.871135480576644,1.3445315546586313e-11,(-1.8814779300187667e-05+2.6356187809123667e-05j),-3.4491799315419067,2.2405246572093388e-12,-4.931407240445284e-13,2.2941531146098745e-12,-26.496502722682195,-33.070291315237675,-26.393776001178036,1.5431756296851338e-11,(3.5954656421900554e-05-1.6765814138043548e-05j),-2.252292789780794,2.23939165961101e-12,4.935795874458211e-13,2.293141036717659e-12,-26.498699436105646,-33.066428093535656,-26.395692337198696,1.542972044746647e-11,(-3.594746539504605e-05+1.6752012583149385e-05j),-2.253438759771073
1100.0,2.922482487797091e-12,6.704080546006616e-13,2.9983913772478263e-12,-25.342480825530775,-31.73660776526337,-25.23111679731441,1.6015630816686477e-11,(4.9999999999999996e-05+0j),-1.929718930509605,1.5626510903727854e-12,1.3553469878422492e-29,1.5626510903727854e-12,-28.06137980676477,-198.67949505074796,-28.06137980676477,1.3154028630084769e-11,(-1.4486286895003986e-05+2.817500380623675e-05j),-3.639424257730033,2.1531413007155058e-12,-4.554684966303737e-13,2.200788270658855e-12,-26.669274685009896,-33.41541656479657,-26.574217372320177,1.4860974651105333e-11,(3.470321301219288e-05-1.890922489692183e-05j),-2.5796540454937222,2.1520669754581135e-12,4.558920191305735e-13,2.199824947572962e-12,-26.671442169186314,-33.41138010513306,-26.576118770540965,1.4858832252014825e-11,(-3.469696099334118e-05+1.8895335564509134e-05j),-2.5809063175662654
1110.0,2.8627264168281044e-12,4.515686019437363e-13,2.8981229683826216e-12,-25.432201543672118,-33.452762626652046,-25.37883191205417,1.5482061700649946e-11,(4.9999999999999996e-05+0j),-2.224024034927351,1.5260001366118526e-12,8.237969243384891e-30,1.5260001366118526e-12,-28.16445427501865,-200.84179833823296,-28.16445427501865,1.2998853804684401e-11,(-1.0198239193809455e-05+2.9599360508943233e-05j),-3.742498725983912,2.109618212517194e-12,-4.15299247808928e-13,2.15010754796473e-12,-26.757961338964687,-33.81638855484699,-26.675398162148817,1.4455378376337877e-11,(3.3585216640884076e-05-2.116074688900447e-05j),-2.8200106329178802,2.1085822255987608e-12,4.157212839654756e-13,2.1491726752527184e-12,-26.760094587100454,-33.81197740054449,-26.677286897218075,1.4453106579041446e-11,(-3.357985002585563e-05+2.114670001033942e-05j),-2.8213758086209944
1120.0,2.853137016841192e-12,2.370615192373101e-13,2.8629685644052327e-12,-25.446773716204532,-36.251389366974756,-25.43183420535961,1.5295365842796223e-11,(4.9999999999999996e-05+0j),-2.3294025305956536,1.5195604414502047e-12,9.660192339344368e-30,1.5195604414502047e-12,-28.182820209106243,-200.1501422647433,-28.182820209106243,1.2971397334315517e-11,(-5.842780689653674e-06+3.0689337525332794e-05j),-3.7608646600715057,2.1060835668287354e-12,-3.7172638789078125e-13,2.1386370654976446e-12,-26.765244005329837,-34.29776608372706,-26.698629105314602,1.4207196702057601e-11,(3.249965912496696e-05-2.3618671874248453e-05j),-2.970432044992118,2.1050680291540474e-12,3.7215949661325107e-13,2.1377123516240285e-12,-26.767338645747213,-34.29270894382415,-26.7005073341483,1.4204773881387862e-11,(-3.2495178667242716e-05+2.360439396005491e-05j),-2.971913417284785
1130.0,2.8903784783997733e-12,3.5633140615098064e-14,2.8905981161528986e-12,-25.390452851609787,-44.48145898342291,-25.39012284693779,1.5443059859642678e-11,(4.9999999999999996e-05+0j),-2.2459328164736507,1.5405557083558169e-12,2.097691496893942e-30,1.5405557083558169e-12,-28.123225924498755,-206.78258382228395,-28.123225924498755,1.3060700689382787e-11,(-1.3062233167839893e-06+3.142825006396759e-05j),-3.7012703754640173,2.1389521792525617e-12,-3.2310276749744286e-13,2.163217932500974e-12,-26.697989248809687,-34.90659322069881,-26.648997255378575,1.4107017516272726e-11,(3.131654722133608e-05-2.635047995528753e-05j),-3.031895801393399,2.137941587631553e-12,3.2355865428707937e-13,2.162286853053635e-12,-26.70004164663181,-34.90046979526341,-26.650866922353806,1.4104424721119227e-11,(-3.131300621488953e-05+2.6335908483272132e-05j),-3.0334923686607733
1140.0,2.9706558632761747e-12,-1.4350397730374692e-13,2.9741199790054047e-12,-25.271476562868024,-38.4313606201617,-25.266415155824006,1.588843010461248e-11,(4.9999999999999996e-05+0j),-1.9989801574091444,1.5860557789267148e-12,-3.97308826980153e-30,1.5860557789267148e-12,-27.996815433399114,-204.00871786149804,-27.996815433399114,1.325217009253052e-11,(3.5075193540264554e-06+3.172291721666521e-05j),-3.5748598843643764,2.204270065949825e-12,-2.6731517551520676e-13,2.220419763626502e-12,-26.567351970405678,-35.72976385592752,-26.535649157322986,1.4143152869995658e-11,(2.9875857977914685e-05-2.9383732812416898e-05j),-3.0096752015629273,2.2032514744323057e-12,2.678048136653434e-13,2.2194676113452206e-12,-26.56935930572642,-35.72181621015168,-26.537511882446886,1.4140375907783974e-11,(-2.98733594166607e-05+2.936883253842557e-05j),-3.0113808152836747
1150.0,3.0883264282789714e-12,-2.9021264506179333e-13,3.1019322215290443e-12,-25.10276802083751,-35.372836685319236,-25.08367695928448,1.6569719903412285e-11,(4.9999999999999996e-05+0j),-1.6342965710010176,1.652164522230835e-12,-9.900355998512828e-30,1.652164522230835e-12,-27.81946707899813,-200.04349188694377,-27.81946707899813,1.352553396013316e-11,(8.646706388021093e-06+3.1405731966535365e-05j),-3.3975115299633907,2.2966186957153135e-12,-2.021598987641219e-13,2.3054990909079596e-12,-26.389111041053795,-36.943049885703054,-26.372350446932113,1.4299709850340274e-11,(2.7991513152761613e-05-3.268784733887891e-05j),-2.914055404082653,2.295582279238063e-12,2.0269319724592148e-13,2.3045135132955057e-12,-26.39107136451142,-36.931608267787965,-26.374207408992074,1.4296742100903864e-11,(-2.7990202718505612e-05+3.267262978081886e-05j),-2.9158582532063533
1160.0,3.2341201112618754e-12,-3.940328425581775e-13,3.2580354164869054e-12,-24.902438549646867,-34.0446757830806,-24.87044199001963,1.740175269400035e-11,(4.9999999999999996e-05+0j),-1.2087400660201966,1.7330401400599181e-12,-1.2037413573540545e-29,1.7330401400599181e-12,-27.611913781951195,-199.19466818012302,-27.611913781951195,1.3852625200503468e-11,(1.4071699843097009e-05+3.0248866556199253e-05j),-3.189958232916456,2.4078036622274605e-12,-1.259531192048549e-13,2.4110957393005784e-12,-26.183789293276675,-38.997910728130904,-26.17785544402959,1.455408768966513e-11,(2.5469367131800228e-05-3.614956292975744e-05j),-2.7609001681602767,2.4067437019633564e-12,1.2653802592306142e-13,2.410067866045433e-12,-26.18570155985691,-38.97778945105325,-26.179707277844457,1.455093347933501e-11,(-2.5469417235239983e-05+3.6134107905739794e-05j),-2.7627828070885108
1170.0,3.3936060451054526e-12,-4.4629028569042384e-13,3.4228258805375876e-12,-24.69338575208465,-33.50382566255952,-24.65615192899827,1.828012132441727e-11,(4.9999999999999996e-05+0j),-0.781018437237936,1.820122439384326e-12,-1.0518755368515578e-28,1.820122439384326e-12,-27.398993961026115,-189.78035645026756,-27.398993961026115,1.4196395013932033e-11,(1.961191483333246e-05+2.8005075833736735e-05j),-2.9770384119913746,2.5258600862536884e-12,-3.842818226717978e-14,2.5261523905975764e-12,-25.975907097786546,-44.15350158080641,-25.975404540976523,1.487517177812602e-11,(2.214801197331712e-05-3.955295967168284e-05j),-2.571360120244032,2.524776167570752e-12,3.906924309629231e-14,2.5250784348390786e-12,-25.977771179404783,-44.08165002450357,-25.97725127133936,1.4871849660320935e-11,(-2.214959216576062e-05+3.953743326857264e-05j),-2.573300183305422
1180.0,3.5471463704761838e-12,-4.4372727326900856e-13,3.5747924788195907e-12,-24.50120890304894,-33.52883876971484,-24.467491644697322,1.9090215241428944e-11,(4.9999999999999996e-05+0j),-0.40438341178880843,1.9022549513315866e-12,2.975781223212496e-29,1.9022549513315866e-12,-27.207312768117518,-195.26399000896373,-27.207312768117518,1.451316506453833e-11,(2.4942613201325718e-05+2.448470916829782e-05j),-2.7853572190827824,2.6353303563015048e-12,5.82664719393583e-14,2.635974405906946e-12,-25.79164935318286,-42.34581277836669,-25.790588108562314,1.5224177418570216e-11,(1.7962569080779748e-05-4.258523833444906e-05j),-2.369923184031059,2.6342282140465256e-12,-5.75697599333116e-14,2.6348572183208574e-12,-25.7934660302354,-42.39805581555036,-25.792429140284618,1.5220722073964132e-11,(-1.796580244496822e-05+4.2569896475245267e-05j),-2.371894794549672
1190.0,3.6727610041944e-12,-3.9245456116462935e-13,3.693669446026535e-12,-24.35007331370629,-34.06210619117007,-24.3254197305119,1.972402967668575e-11,(4.9999999999999996e-05+0j),-0.12068696733756604,1.967435778467166e-12,3.176453630076093e-29,1.967435778467166e-12,-27.06099435087087,-194.9805748012065,-27.06099435087087,1.475971785252385e-11,(2.9616392236939013e-05+1.9655506917423935e-05j),-2.6390388018361346,2.7198022013551374e-12,1.590155192893303e-13,2.72444672362502e-12,-25.65462679047998,-37.98560488177583,-25.647216802766263,1.5559999805811864e-11,(1.3010226807447996e-05-4.489152801586518e-05j),-2.180408168605754,2.718693367986531e-12,-1.582697956286626e-13,2.7232963403460678e-12,-25.65639772221604,-38.00601958437764,-25.649050975603277,1.5556460898995694e-11,(-1.3015141809612423e-05+4.487669346616955e-05j),-2.1823838787913554
1200.0,3.752089467467727e-12,-3.0960746559854747e-13,3.764841584268401e-12,-24.257268145455598,-35.091885756727294,-24.242532931752358,2.010366197940141e-11,(4.9999999999999996e-05+0j),0.04490355611582792,2.006182731772814e-12,-1.1650130211878002e-29,2.006182731772814e-12,-26.976295121001005,-199.33669220562078,-26.976295121001005,1.4904349193066108e-11,(3.316930314680197e-05+1.3715839130267955e-05j),-2.554339571966267,2.7666220101264078e-12,2.5633348232215337e-13,2.7784715584427507e-12,-25.580501723118548,-35.9119466249299,-25.56194044469601,1.5848900617203645e-11,(7.573049281276511e-06-4.6179449281696515e-05j),-2.0206170710891334,2.7655216349841866e-12,-2.5555112177650103e-13,2.777303780540911e-12,-25.582229396473576,-35.925222083097026,-25.563766146692156,1.5845337519575028e-11,(-7.57954746199677e-06+4.6165458781205066e-05j),-2.022570023721636
